mtllib causality_yin.mtl
o causality_yin
v 13.666630 -4.000000 7.000000
v 13.578762 -4.000000 7.212132
v 13.366630 -4.000000 7.300000
v 13.154498 -4.000000 7.212132
v 13.066630 -4.000000 7.000000
v 13.154498 -4.000000 6.787868
v 13.366630 -4.000000 6.700000
v 13.578762 -4.000000 6.787868
v 13.666630 -4.000000 7.000000
v 14.372666 -4.415385 7.000000
v 14.282882 -4.415385 7.216757
v 14.066124 -4.415385 7.306541
v 13.849367 -4.415385 7.216757
v 13.759583 -4.415385 7.000000
v 13.849367 -4.415385 6.783243
v 14.066124 -4.415385 6.693459
v 14.282882 -4.415385 6.783243
v 14.372666 -4.415385 7.000000
v 15.049154 -4.830769 7.000000
v 14.954249 -4.830769 7.229121
v 14.725129 -4.830769 7.324025
v 14.496008 -4.830769 7.229121
v 14.401103 -4.830769 7.000000
v 14.496008 -4.830769 6.770879
v 14.725129 -4.830769 6.675975
v 14.954249 -4.830769 6.770879
v 15.049154 -4.830769 7.000000
v 15.695100 -5.246154 7.000000
v 15.593544 -5.246154 7.245178
v 15.348366 -5.246154 7.346734
v 15.103188 -5.246154 7.245178
v 15.001631 -5.246154 7.000000
v 15.103188 -5.246154 6.754822
v 15.348366 -5.246154 6.653266
v 15.593544 -5.246154 6.754822
v 15.695100 -5.246154 7.000000
v 16.306890 -5.661538 7.000000
v 16.199327 -5.661538 7.259678
v 15.939649 -5.661538 7.367241
v 15.679971 -5.661538 7.259678
v 15.572408 -5.661538 7.000000
v 15.679971 -5.661538 6.740322
v 15.939649 -5.661538 6.632759
v 16.199327 -5.661538 6.740322
v 16.306890 -5.661538 7.000000
v 16.880948 -6.076923 7.000000
v 16.769989 -6.076923 7.267879
v 16.502110 -6.076923 7.378838
v 16.234231 -6.076923 7.267879
v 16.123272 -6.076923 7.000000
v 16.234231 -6.076923 6.732121
v 16.502110 -6.076923 6.621162
v 16.769989 -6.076923 6.732121
v 16.880948 -6.076923 7.000000
v 17.416091 -6.492308 7.000000
v 17.305456 -6.492308 7.267097
v 17.038358 -6.492308 7.377732
v 16.771261 -6.492308 7.267097
v 16.660626 -6.492308 7.000000
v 16.771261 -6.492308 6.732903
v 17.038358 -6.492308 6.622268
v 17.305456 -6.492308 6.732903
v 17.416091 -6.492308 7.000000
v 17.914882 -6.907692 7.000000
v 17.808185 -6.907692 7.257589
v 17.550596 -6.907692 7.364287
v 17.293007 -6.907692 7.257589
v 17.186309 -6.907692 7.000000
v 17.293007 -6.907692 6.742411
v 17.550596 -6.907692 6.635713
v 17.808185 -6.907692 6.742411
v 17.914882 -6.907692 7.000000
v 18.383599 -7.323077 7.000000
v 18.283167 -7.323077 7.242465
v 18.040702 -7.323077 7.342897
v 17.798237 -7.323077 7.242465
v 17.697804 -7.323077 7.000000
v 17.798237 -7.323077 6.757535
v 18.040702 -7.323077 6.657103
v 18.283167 -7.323077 6.757535
v 18.383599 -7.323077 7.000000
v 18.830854 -7.738462 7.000000
v 18.736964 -7.738462 7.226671
v 18.510294 -7.738462 7.320561
v 18.283623 -7.738462 7.226671
v 18.189733 -7.738462 7.000000
v 18.283623 -7.738462 6.773329
v 18.510294 -7.738462 6.679439
v 18.736964 -7.738462 6.773329
v 18.830854 -7.738462 7.000000
v 19.265359 -8.153846 7.000000
v 19.176149 -8.153846 7.215372
v 18.960777 -8.153846 7.304582
v 18.745405 -8.153846 7.215372
v 18.656196 -8.153846 7.000000
v 18.745405 -8.153846 6.784628
v 18.960777 -8.153846 6.695418
v 19.176149 -8.153846 6.784628
v 19.265359 -8.153846 7.000000
v 19.693570 -8.569231 7.000000
v 19.605647 -8.569231 7.212264
v 19.393383 -8.569231 7.300187
v 19.181119 -8.569231 7.212264
v 19.093196 -8.569231 7.000000
v 19.181119 -8.569231 6.787736
v 19.393383 -8.569231 6.699813
v 19.605647 -8.569231 6.787736
v 19.693570 -8.569231 7.000000
v 20.118008 -8.984615 7.000000
v 20.027558 -8.984615 7.218364
v 19.809195 -8.984615 7.308813
v 19.590831 -8.984615 7.218364
v 19.500381 -8.984615 7.000000
v 19.590831 -8.984615 6.781636
v 19.809195 -8.984615 6.691187
v 20.027558 -8.984615 6.781636
v 20.118008 -8.984615 7.000000
v 20.536812 -9.400000 7.000000
v 20.440848 -9.400000 7.231676
v 20.209172 -9.400000 7.327639
v 19.977496 -9.400000 7.231676
v 19.881533 -9.400000 7.000000
v 19.977496 -9.400000 6.768324
v 20.209172 -9.400000 6.672361
v 20.440848 -9.400000 6.768324
v 20.536812 -9.400000 7.000000
v 20.944681 -9.815385 7.000000
v 20.842019 -9.815385 7.247847
v 20.594173 -9.815385 7.350508
v 20.346326 -9.815385 7.247847
v 20.243664 -9.815385 7.000000
v 20.346326 -9.815385 6.752153
v 20.594173 -9.815385 6.649492
v 20.842019 -9.815385 6.752153
v 20.944681 -9.815385 7.000000
v 21.334903 -10.230769 7.000000
v 21.226549 -10.230769 7.261587
v 20.964962 -10.230769 7.369940
v 20.703375 -10.230769 7.261587
v 20.595022 -10.230769 7.000000
v 20.703375 -10.230769 6.738413
v 20.964962 -10.230769 6.630060
v 21.226549 -10.230769 6.738413
v 21.334903 -10.230769 7.000000
v 21.701810 -10.646154 7.000000
v 21.590634 -10.646154 7.268404
v 21.322230 -10.646154 7.379580
v 21.053826 -10.646154 7.268404
v 20.942650 -10.646154 7.000000
v 21.053826 -10.646154 6.731596
v 21.322230 -10.646154 6.620420
v 21.590634 -10.646154 6.731596
v 21.701810 -10.646154 7.000000
v 22.042875 -11.061538 7.000000
v 21.932667 -11.061538 7.266067
v 21.666600 -11.061538 7.376275
v 21.400533 -11.061538 7.266067
v 21.290325 -11.061538 7.000000
v 21.400533 -11.061538 6.733933
v 21.666600 -11.061538 6.623725
v 21.932667 -11.061538 6.733933
v 22.042875 -11.061538 7.000000
v 22.359742 -11.476923 7.000000
v 22.253976 -11.476923 7.255340
v 21.998636 -11.476923 7.361106
v 21.743296 -11.476923 7.255340
v 21.637530 -11.476923 7.000000
v 21.743296 -11.476923 6.744660
v 21.998636 -11.476923 6.638894
v 22.253976 -11.476923 6.744660
v 22.359742 -11.476923 7.000000
v 22.657885 -11.892308 7.000000
v 22.558585 -11.892308 7.239733
v 22.318852 -11.892308 7.339033
v 22.079119 -11.892308 7.239733
v 21.979819 -11.892308 7.000000
v 22.079119 -11.892308 6.760267
v 22.318852 -11.892308 6.660967
v 22.558585 -11.892308 6.760267
v 22.657885 -11.892308 7.000000
v 22.944994 -12.307692 7.000000
v 22.852066 -12.307692 7.224349
v 22.627717 -12.307692 7.317277
v 22.403368 -12.307692 7.224349
v 22.310439 -12.307692 7.000000
v 22.403368 -12.307692 6.775651
v 22.627717 -12.307692 6.682723
v 22.852066 -12.307692 6.775651
v 22.944994 -12.307692 7.000000
v 23.228612 -12.723077 7.000000
v 23.139879 -12.723077 7.214220
v 22.925659 -12.723077 7.302953
v 22.711438 -12.723077 7.214220
v 22.622706 -12.723077 7.000000
v 22.711438 -12.723077 6.785780
v 22.925659 -12.723077 6.697047
v 23.139879 -12.723077 6.785780
v 23.228612 -12.723077 7.000000
v 23.513817 -13.138462 7.000000
v 23.425731 -13.138462 7.212659
v 23.213072 -13.138462 7.300745
v 23.000413 -13.138462 7.212659
v 22.912326 -13.138462 7.000000
v 23.000413 -13.138462 6.787341
v 23.213072 -13.138462 6.699255
v 23.425731 -13.138462 6.787341
v 23.513817 -13.138462 7.000000
v 23.801693 -13.553846 7.000000
v 23.710493 -13.553846 7.220176
v 23.490317 -13.553846 7.311376
v 23.270141 -13.553846 7.220176
v 23.178941 -13.553846 7.000000
v 23.270141 -13.553846 6.779824
v 23.490317 -13.553846 6.688624
v 23.710493 -13.553846 6.779824
v 23.801693 -13.553846 7.000000
v 24.089098 -13.969231 7.000000
v 23.992042 -13.969231 7.234313
v 23.757729 -13.969231 7.331369
v 23.523416 -13.969231 7.234313
v 23.426361 -13.969231 7.000000
v 23.523416 -13.969231 6.765687
v 23.757729 -13.969231 6.668631
v 23.992042 -13.969231 6.765687
v 24.089098 -13.969231 7.000000
v 24.369800 -14.384615 7.000000
v 24.266062 -14.384615 7.250446
v 24.015616 -14.384615 7.354184
v 23.765170 -14.384615 7.250446
v 23.661431 -14.384615 7.000000
v 23.765170 -14.384615 6.749554
v 24.015616 -14.384615 6.645816
v 24.266062 -14.384615 6.749554
v 24.369800 -14.384615 7.000000
v 24.636622 -14.800000 7.000000
v 24.527560 -14.800000 7.263299
v 24.264261 -14.800000 7.372361
v 24.000962 -14.800000 7.263299
v 23.891900 -14.800000 7.000000
v 24.000962 -14.800000 6.736701
v 24.264261 -14.800000 6.627639
v 24.527560 -14.800000 6.736701
v 24.636622 -14.800000 7.000000
v 24.883883 -15.215385 7.000000
v 24.772597 -15.215385 7.268668
v 24.503930 -15.215385 7.379953
v 24.235262 -15.215385 7.268668
v 24.123976 -15.215385 7.000000
v 24.235262 -15.215385 6.731332
v 24.503930 -15.215385 6.620047
v 24.772597 -15.215385 6.731332
v 24.883883 -15.215385 7.000000
v 25.109346 -15.630769 7.000000
v 24.999663 -15.630769 7.264796
v 24.734867 -15.630769 7.374479
v 24.470070 -15.630769 7.264796
v 24.360388 -15.630769 7.000000
v 24.470070 -15.630769 6.735204
v 24.734867 -15.630769 6.625521
v 24.999663 -15.630769 6.735204
v 25.109346 -15.630769 7.000000
v 25.315028 -16.046154 7.000000
v 25.210252 -16.046154 7.252952
v 24.957300 -16.046154 7.357728
v 24.704348 -16.046154 7.252952
v 24.599572 -16.046154 7.000000
v 24.704348 -16.046154 6.747048
v 24.957300 -16.046154 6.642272
v 25.210252 -16.046154 6.747048
v 25.315028 -16.046154 7.000000
v 25.506620 -16.461538 7.000000
v 25.408448 -16.461538 7.237007
v 25.171441 -16.461538 7.335179
v 24.934434 -16.461538 7.237007
v 24.836263 -16.461538 7.000000
v 24.934434 -16.461538 6.762993
v 25.171441 -16.461538 6.664821
v 25.408448 -16.461538 6.762993
v 25.506620 -16.461538 7.000000
v 25.691694 -16.876923 7.000000
v 25.599665 -16.876923 7.222177
v 25.377488 -16.876923 7.314206
v 25.155310 -16.876923 7.222177
v 25.063282 -16.876923 7.000000
v 25.155310 -16.876923 6.777823
v 25.377488 -16.876923 6.685794
v 25.599665 -16.876923 6.777823
v 25.691694 -16.876923 7.000000
v 25.877294 -17.292308 7.000000
v 25.788937 -17.292308 7.213313
v 25.575624 -17.292308 7.301670
v 25.362311 -17.292308 7.213313
v 25.273954 -17.292308 7.000000
v 25.362311 -17.292308 6.786687
v 25.575624 -17.292308 6.698330
v 25.788937 -17.292308 6.786687
v 25.877294 -17.292308 7.000000
v 26.067692 -17.707692 7.000000
v 25.979335 -17.707692 7.213313
v 25.766022 -17.707692 7.301670
v 25.552709 -17.707692 7.213313
v 25.464352 -17.707692 7.000000
v 25.552709 -17.707692 6.786687
v 25.766022 -17.707692 6.698330
v 25.979335 -17.707692 6.786687
v 26.067692 -17.707692 7.000000
v 26.263048 -18.123077 7.000000
v 26.171019 -18.123077 7.222177
v 25.948842 -18.123077 7.314206
v 25.726665 -18.123077 7.222177
v 25.634636 -18.123077 7.000000
v 25.726665 -18.123077 6.777823
v 25.948842 -18.123077 6.685794
v 26.171019 -18.123077 6.777823
v 26.263048 -18.123077 7.000000
v 26.459412 -18.538462 7.000000
v 26.361241 -18.538462 7.237007
v 26.124234 -18.538462 7.335179
v 25.887227 -18.538462 7.237007
v 25.789055 -18.538462 7.000000
v 25.887227 -18.538462 6.762993
v 26.124234 -18.538462 6.664821
v 26.361241 -18.538462 6.762993
v 26.459412 -18.538462 7.000000
v 26.650065 -18.953846 7.000000
v 26.545289 -18.953846 7.252952
v 26.292337 -18.953846 7.357728
v 26.039386 -18.953846 7.252952
v 25.934610 -18.953846 7.000000
v 26.039386 -18.953846 6.747048
v 26.292337 -18.953846 6.642272
v 26.545289 -18.953846 6.747048
v 26.650065 -18.953846 7.000000
v 26.827763 -19.369231 7.000000
v 26.718081 -19.369231 7.264796
v 26.453284 -19.369231 7.374479
v 26.188488 -19.369231 7.264796
v 26.078805 -19.369231 7.000000
v 26.188488 -19.369231 6.735204
v 26.453284 -19.369231 6.625521
v 26.718081 -19.369231 6.735204
v 26.827763 -19.369231 7.000000
v 26.987149 -19.784615 7.000000
v 26.875864 -19.784615 7.268668
v 26.607196 -19.784615 7.379953
v 26.338529 -19.784615 7.268668
v 26.227243 -19.784615 7.000000
v 26.338529 -19.784615 6.731332
v 26.607196 -19.784615 6.620047
v 26.875864 -19.784615 6.731332
v 26.987149 -19.784615 7.000000
v 27.126549 -20.200000 7.000000
v 27.017487 -20.200000 7.263299
v 26.754188 -20.200000 7.372361
v 26.490890 -20.200000 7.263299
v 26.381828 -20.200000 7.000000
v 26.490890 -20.200000 6.736701
v 26.754188 -20.200000 6.627639
v 27.017487 -20.200000 6.736701
v 27.126549 -20.200000 7.000000
v 27.248552 -20.615385 7.000000
v 27.144814 -20.615385 7.250446
v 26.894368 -20.615385 7.354184
v 26.643922 -20.615385 7.250446
v 26.540184 -20.615385 7.000000
v 26.643922 -20.615385 6.749554
v 26.894368 -20.615385 6.645816
v 27.144814 -20.615385 6.749554
v 27.248552 -20.615385 7.000000
v 27.359203 -21.030769 7.000000
v 27.262147 -21.030769 7.234313
v 27.027834 -21.030769 7.331369
v 26.793521 -21.030769 7.234313
v 26.696466 -21.030769 7.000000
v 26.793521 -21.030769 6.765687
v 27.027834 -21.030769 6.668631
v 27.262147 -21.030769 6.765687
v 27.359203 -21.030769 7.000000
v 27.466058 -21.446154 7.000000
v 27.374858 -21.446154 7.220176
v 27.154682 -21.446154 7.311376
v 26.934506 -21.446154 7.220176
v 26.843306 -21.446154 7.000000
v 26.934506 -21.446154 6.779824
v 27.154682 -21.446154 6.688624
v 27.374858 -21.446154 6.779824
v 27.466058 -21.446154 7.000000
v 27.575742 -21.861538 7.000000
v 27.487656 -21.861538 7.212659
v 27.274997 -21.861538 7.300745
v 27.062338 -21.861538 7.212659
v 26.974252 -21.861538 7.000000
v 27.062338 -21.861538 6.787341
v 27.274997 -21.861538 6.699255
v 27.487656 -21.861538 6.787341
v 27.575742 -21.861538 7.000000
v 27.691814 -22.276923 7.000000
v 27.603081 -22.276923 7.214220
v 27.388861 -22.276923 7.302953
v 27.174641 -22.276923 7.214220
v 27.085908 -22.276923 7.000000
v 27.174641 -22.276923 6.785780
v 27.388861 -22.276923 6.697047
v 27.603081 -22.276923 6.785780
v 27.691814 -22.276923 7.000000
v 27.813628 -22.692308 7.000000
v 27.720700 -22.692308 7.224349
v 27.496351 -22.692308 7.317277
v 27.272002 -22.692308 7.224349
v 27.179073 -22.692308 7.000000
v 27.272002 -22.692308 6.775651
v 27.496351 -22.692308 6.682723
v 27.720700 -22.692308 6.775651
v 27.813628 -22.692308 7.000000
v 27.936569 -23.107692 7.000000
v 27.837269 -23.107692 7.239733
v 27.597536 -23.107692 7.339033
v 27.357803 -23.107692 7.239733
v 27.258502 -23.107692 7.000000
v 27.357803 -23.107692 6.760267
v 27.597536 -23.107692 6.660967
v 27.837269 -23.107692 6.760267
v 27.936569 -23.107692 7.000000
v 28.053587 -23.523077 7.000000
v 27.947822 -23.523077 7.255340
v 27.692481 -23.523077 7.361106
v 27.437141 -23.523077 7.255340
v 27.331376 -23.523077 7.000000
v 27.437141 -23.523077 6.744660
v 27.692481 -23.523077 6.638894
v 27.947822 -23.523077 6.744660
v 28.053587 -23.523077 7.000000
v 28.157523 -23.938462 7.000000
v 28.047315 -23.938462 7.266067
v 27.781248 -23.938462 7.376275
v 27.515182 -23.938462 7.266067
v 27.404973 -23.938462 7.000000
v 27.515182 -23.938462 6.733933
v 27.781248 -23.938462 6.623725
v 28.047315 -23.938462 6.733933
v 28.157523 -23.938462 7.000000
v 28.243473 -24.353846 7.000000
v 28.132296 -24.353846 7.268404
v 27.863892 -24.353846 7.379580
v 27.595488 -24.353846 7.268404
v 27.484312 -24.353846 7.000000
v 27.595488 -24.353846 6.731596
v 27.863892 -24.353846 6.620420
v 28.132296 -24.353846 6.731596
v 28.243473 -24.353846 7.000000
v 28.310405 -24.769231 7.000000
v 28.202052 -24.769231 7.261587
v 27.940465 -24.769231 7.369940
v 27.678877 -24.769231 7.261587
v 27.570524 -24.769231 7.000000
v 27.678877 -24.769231 6.738413
v 27.940465 -24.769231 6.630060
v 28.202052 -24.769231 6.738413
v 28.310405 -24.769231 7.000000
v 28.361521 -25.184615 7.000000
v 28.258859 -25.184615 7.247847
v 28.011013 -25.184615 7.350508
v 27.763166 -25.184615 7.247847
v 27.660504 -25.184615 7.000000
v 27.763166 -25.184615 6.752153
v 28.011013 -25.184615 6.649492
v 28.258859 -25.184615 6.752153
v 28.361521 -25.184615 7.000000
v 28.403219 -25.600000 7.000000
v 28.307255 -25.600000 7.231676
v 28.075579 -25.600000 7.327639
v 27.843903 -25.600000 7.231676
v 27.747940 -25.600000 7.000000
v 27.843903 -25.600000 6.768324
v 28.075579 -25.600000 6.672361
v 28.307255 -25.600000 6.768324
v 28.403219 -25.600000 7.000000
v 28.443016 -26.015385 7.000000
v 28.352567 -26.015385 7.218364
v 28.134203 -26.015385 7.308813
v 27.915839 -26.015385 7.218364
v 27.825390 -26.015385 7.000000
v 27.915839 -26.015385 6.781636
v 28.134203 -26.015385 6.691187
v 28.352567 -26.015385 6.781636
v 28.443016 -26.015385 7.000000
v 28.487107 -26.430769 7.000000
v 28.399184 -26.430769 7.212264
v 28.186920 -26.430769 7.300187
v 27.974656 -26.430769 7.212264
v 27.886733 -26.430769 7.000000
v 27.974656 -26.430769 6.787736
v 28.186920 -26.430769 6.699813
v 28.399184 -26.430769 6.787736
v 28.487107 -26.430769 7.000000
v 28.538342 -26.846154 7.000000
v 28.449132 -26.846154 7.215372
v 28.233760 -26.846154 7.304582
v 28.018388 -26.846154 7.215372
v 27.929179 -26.846154 7.000000
v 28.018388 -26.846154 6.784628
v 28.233760 -26.846154 6.695418
v 28.449132 -26.846154 6.784628
v 28.538342 -26.846154 7.000000
v 28.595313 -27.261538 7.000000
v 28.501423 -27.261538 7.226671
v 28.274752 -27.261538 7.320561
v 28.048082 -27.261538 7.226671
v 27.954192 -27.261538 7.000000
v 28.048082 -27.261538 6.773329
v 28.274752 -27.261538 6.679439
v 28.501423 -27.261538 6.773329
v 28.595313 -27.261538 7.000000
v 28.652817 -27.676923 7.000000
v 28.552385 -27.676923 7.242465
v 28.309920 -27.676923 7.342897
v 28.067455 -27.676923 7.242465
v 27.967023 -27.676923 7.000000
v 28.067455 -27.676923 6.757535
v 28.309920 -27.676923 6.657103
v 28.552385 -27.676923 6.757535
v 28.652817 -27.676923 7.000000
v 28.703570 -28.092308 7.000000
v 28.596873 -28.092308 7.257589
v 28.339284 -28.092308 7.364287
v 28.081694 -28.092308 7.257589
v 27.974997 -28.092308 7.000000
v 28.081694 -28.092308 6.742411
v 28.339284 -28.092308 6.635713
v 28.596873 -28.092308 6.742411
v 28.703570 -28.092308 7.000000
v 28.740593 -28.507692 7.000000
v 28.629958 -28.507692 7.267097
v 28.362861 -28.507692 7.377732
v 28.095763 -28.507692 7.267097
v 27.985128 -28.507692 7.000000
v 28.095763 -28.507692 6.732903
v 28.362861 -28.507692 6.622268
v 28.629958 -28.507692 6.732903
v 28.740593 -28.507692 7.000000
v 28.759502 -28.923077 7.000000
v 28.648543 -28.923077 7.267879
v 28.380664 -28.923077 7.378838
v 28.112786 -28.923077 7.267879
v 28.001827 -28.923077 7.000000
v 28.112786 -28.923077 6.732121
v 28.380664 -28.923077 6.621162
v 28.648543 -28.923077 6.732121
v 28.759502 -28.923077 7.000000
v 28.759946 -29.338462 7.000000
v 28.652384 -29.338462 7.259678
v 28.392705 -29.338462 7.367241
v 28.133027 -29.338462 7.259678
v 28.025465 -29.338462 7.000000
v 28.133027 -29.338462 6.740322
v 28.392705 -29.338462 6.632759
v 28.652384 -29.338462 6.740322
v 28.759946 -29.338462 7.000000
v 28.745724 -29.753846 7.000000
v 28.644168 -29.753846 7.245178
v 28.398990 -29.753846 7.346734
v 28.153812 -29.753846 7.245178
v 28.052256 -29.753846 7.000000
v 28.153812 -29.753846 6.754822
v 28.398990 -29.753846 6.653266
v 28.644168 -29.753846 6.754822
v 28.745724 -29.753846 7.000000
v 28.723548 -30.169231 7.000000
v 28.628643 -30.169231 7.229121
v 28.399523 -30.169231 7.324025
v 28.170402 -30.169231 7.229121
v 28.075497 -30.169231 7.000000
v 28.170402 -30.169231 6.770879
v 28.399523 -30.169231 6.675975
v 28.628643 -30.169231 6.770879
v 28.723548 -30.169231 7.000000
v 28.700844 -30.584615 7.000000
v 28.611061 -30.584615 7.216757
v 28.394303 -30.584615 7.306541
v 28.177546 -30.584615 7.216757
v 28.087762 -30.584615 7.000000
v 28.177546 -30.584615 6.783243
v 28.394303 -30.584615 6.693459
v 28.611061 -30.584615 6.783243
v 28.700844 -30.584615 7.000000
v 28.683329 -31.000000 7.000000
v 28.595461 -31.000000 7.212132
v 28.383329 -31.000000 7.300000
v 28.171197 -31.000000 7.212132
v 28.083329 -31.000000 7.000000
v 28.171197 -31.000000 6.787868
v 28.383329 -31.000000 6.700000
v 28.595461 -31.000000 6.787868
v 28.683329 -31.000000 7.000000
v 28.673134 -31.415385 7.000000
v 28.583350 -31.415385 7.216757
v 28.366593 -31.415385 7.306541
v 28.149835 -31.415385 7.216757
v 28.060052 -31.415385 7.000000
v 28.149835 -31.415385 6.783243
v 28.366593 -31.415385 6.693459
v 28.583350 -31.415385 6.783243
v 28.673134 -31.415385 7.000000
v 28.668111 -31.830769 7.000000
v 28.573207 -31.830769 7.229121
v 28.344086 -31.830769 7.324025
v 28.114965 -31.830769 7.229121
v 28.020061 -31.830769 7.000000
v 28.114965 -31.830769 6.770879
v 28.344086 -31.830769 6.675975
v 28.573207 -31.830769 6.770879
v 28.668111 -31.830769 7.000000
v 28.662529 -32.246154 7.000000
v 28.560973 -32.246154 7.245178
v 28.315795 -32.246154 7.346734
v 28.070617 -32.246154 7.245178
v 27.969061 -32.246154 7.000000
v 28.070617 -32.246154 6.754822
v 28.315795 -32.246154 6.653266
v 28.560973 -32.246154 6.754822
v 28.662529 -32.246154 7.000000
v 28.648944 -32.661538 7.000000
v 28.541382 -32.661538 7.259678
v 28.281704 -32.661538 7.367241
v 28.022025 -32.661538 7.259678
v 27.914463 -32.661538 7.000000
v 28.022025 -32.661538 6.740322
v 28.281704 -32.661538 6.632759
v 28.541382 -32.661538 6.740322
v 28.648944 -32.661538 7.000000
v 28.620630 -33.076923 7.000000
v 28.509671 -33.076923 7.267879
v 28.241792 -33.076923 7.378838
v 27.973913 -33.076923 7.267879
v 27.862954 -33.076923 7.000000
v 27.973913 -33.076923 6.732121
v 28.241792 -33.076923 6.621162
v 28.509671 -33.076923 6.732121
v 28.620630 -33.076923 7.000000
v 28.573769 -33.492308 7.000000
v 28.463134 -33.492308 7.267097
v 28.196036 -33.492308 7.377732
v 27.928939 -33.492308 7.267097
v 27.818304 -33.492308 7.000000
v 27.928939 -33.492308 6.732903
v 28.196036 -33.492308 6.622268
v 28.463134 -33.492308 6.732903
v 28.573769 -33.492308 7.000000
v 28.508697 -33.907692 7.000000
v 28.402000 -33.907692 7.257589
v 28.144410 -33.907692 7.364287
v 27.886821 -33.907692 7.257589
v 27.780124 -33.907692 7.000000
v 27.886821 -33.907692 6.742411
v 28.144410 -33.907692 6.635713
v 28.402000 -33.907692 6.742411
v 28.508697 -33.907692 7.000000
v 28.429780 -34.323077 7.000000
v 28.329348 -34.323077 7.242465
v 28.086883 -34.323077 7.342897
v 27.844418 -34.323077 7.242465
v 27.743985 -34.323077 7.000000
v 27.844418 -34.323077 6.757535
v 28.086883 -34.323077 6.657103
v 28.329348 -34.323077 6.757535
v 28.429780 -34.323077 7.000000
v 28.343980 -34.738462 7.000000
v 28.250090 -34.738462 7.226671
v 28.023419 -34.738462 7.320561
v 27.796749 -34.738462 7.226671
v 27.702859 -34.738462 7.000000
v 27.796749 -34.738462 6.773329
v 28.023419 -34.738462 6.679439
v 28.250090 -34.738462 6.773329
v 28.343980 -34.738462 7.000000
v 28.258564 -35.153846 7.000000
v 28.169354 -35.153846 7.215372
v 27.953982 -35.153846 7.304582
v 27.738610 -35.153846 7.215372
v 27.649401 -35.153846 7.000000
v 27.738610 -35.153846 6.784628
v 27.953982 -35.153846 6.695418
v 28.169354 -35.153846 6.784628
v 28.258564 -35.153846 7.000000
v 28.178716 -35.569231 7.000000
v 28.090793 -35.569231 7.212264
v 27.878529 -35.569231 7.300187
v 27.666265 -35.569231 7.212264
v 27.578342 -35.569231 7.000000
v 27.666265 -35.569231 6.787736
v 27.878529 -35.569231 6.699813
v 28.090793 -35.569231 6.787736
v 28.178716 -35.569231 7.000000
v 28.105826 -35.984615 7.000000
v 28.015377 -35.984615 7.218364
v 27.797013 -35.984615 7.308813
v 27.578649 -35.984615 7.218364
v 27.488200 -35.984615 7.000000
v 27.578649 -35.984615 6.781636
v 27.797013 -35.984615 6.691187
v 28.015377 -35.984615 6.781636
v 28.105826 -35.984615 7.000000
v 28.037023 -36.400000 7.000000
v 27.941060 -36.400000 7.231676
v 27.709384 -36.400000 7.327639
v 27.477708 -36.400000 7.231676
v 27.381745 -36.400000 7.000000
v 27.477708 -36.400000 6.768324
v 27.709384 -36.400000 6.672361
v 27.941060 -36.400000 6.768324
v 28.037023 -36.400000 7.000000
v 27.966095 -36.815385 7.000000
v 27.863434 -36.815385 7.247847
v 27.615587 -36.815385 7.350508
v 27.367740 -36.815385 7.247847
v 27.265079 -36.815385 7.000000
v 27.367740 -36.815385 6.752153
v 27.615587 -36.815385 6.649492
v 27.863434 -36.815385 6.752153
v 27.966095 -36.815385 7.000000
v 27.885503 -37.230769 7.000000
v 27.777150 -37.230769 7.261587
v 27.515562 -37.230769 7.369940
v 27.253975 -37.230769 7.261587
v 27.145622 -37.230769 7.000000
v 27.253975 -37.230769 6.738413
v 27.515562 -37.230769 6.630060
v 27.777150 -37.230769 6.738413
v 27.885503 -37.230769 7.000000
v 27.788826 -37.646154 7.000000
v 27.677649 -37.646154 7.268404
v 27.409246 -37.646154 7.379580
v 27.140842 -37.646154 7.268404
v 27.029665 -37.646154 7.000000
v 27.140842 -37.646154 6.731596
v 27.409246 -37.646154 6.620420
v 27.677649 -37.646154 6.731596
v 27.788826 -37.646154 7.000000
v 27.672842 -38.061538 7.000000
v 27.562634 -38.061538 7.266067
v 27.296567 -38.061538 7.376275
v 27.030501 -38.061538 7.266067
v 26.920292 -38.061538 7.000000
v 27.030501 -38.061538 6.733933
v 27.296567 -38.061538 6.623725
v 27.562634 -38.061538 6.733933
v 27.672842 -38.061538 7.000000
v 27.538558 -38.476923 7.000000
v 27.432793 -38.476923 7.255340
v 27.177453 -38.476923 7.361106
v 26.922112 -38.476923 7.255340
v 26.816347 -38.476923 7.000000
v 26.922112 -38.476923 6.744660
v 27.177453 -38.476923 6.638894
v 27.432793 -38.476923 6.744660
v 27.538558 -38.476923 7.000000
v 27.390855 -38.892308 7.000000
v 27.291554 -38.892308 7.239733
v 27.051821 -38.892308 7.339033
v 26.812088 -38.892308 7.239733
v 26.712788 -38.892308 7.000000
v 26.812088 -38.892308 6.760267
v 27.051821 -38.892308 6.660967
v 27.291554 -38.892308 6.760267
v 27.390855 -38.892308 7.000000
v 27.236865 -39.307692 7.000000
v 27.143936 -39.307692 7.224349
v 26.919587 -39.307692 7.317277
v 26.695238 -39.307692 7.224349
v 26.602310 -39.307692 7.000000
v 26.695238 -39.307692 6.775651
v 26.919587 -39.307692 6.682723
v 27.143936 -39.307692 6.775651
v 27.236865 -39.307692 7.000000
v 27.083611 -39.723077 7.000000
v 26.994879 -39.723077 7.214220
v 26.780658 -39.723077 7.302953
v 26.566438 -39.723077 7.214220
v 26.477705 -39.723077 7.000000
v 26.566438 -39.723077 6.785780
v 26.780658 -39.723077 6.697047
v 26.994879 -39.723077 6.785780
v 27.083611 -39.723077 7.000000
v 26.935681 -40.138462 7.000000
v 26.847595 -40.138462 7.212659
v 26.634936 -40.138462 7.300745
v 26.422277 -40.138462 7.212659
v 26.334191 -40.138462 7.000000
v 26.422277 -40.138462 6.787341
v 26.634936 -40.138462 6.699255
v 26.847595 -40.138462 6.787341
v 26.935681 -40.138462 7.000000
v 26.793690 -40.553846 7.000000
v 26.702490 -40.553846 7.220176
v 26.482313 -40.553846 7.311376
v 26.262137 -40.553846 7.220176
v 26.170937 -40.553846 7.000000
v 26.262137 -40.553846 6.779824
v 26.482313 -40.553846 6.688624
v 26.702490 -40.553846 6.779824
v 26.793690 -40.553846 7.000000
v 26.654047 -40.969231 7.000000
v 26.556992 -40.969231 7.234313
v 26.322679 -40.969231 7.331369
v 26.088366 -40.969231 7.234313
v 25.991310 -40.969231 7.000000
v 26.088366 -40.969231 6.765687
v 26.322679 -40.969231 6.668631
v 26.556992 -40.969231 6.765687
v 26.654047 -40.969231 7.000000
v 26.510094 -41.384615 7.000000
v 26.406356 -41.384615 7.250446
v 26.155910 -41.384615 7.354184
v 25.905464 -41.384615 7.250446
v 25.801726 -41.384615 7.000000
v 25.905464 -41.384615 6.749554
v 26.155910 -41.384615 6.645816
v 26.406356 -41.384615 6.749554
v 26.510094 -41.384615 7.000000
v 26.354239 -41.800000 7.000000
v 26.245177 -41.800000 7.263299
v 25.981878 -41.800000 7.372361
v 25.718579 -41.800000 7.263299
v 25.609517 -41.800000 7.000000
v 25.718579 -41.800000 6.736701
v 25.981878 -41.800000 6.627639
v 26.245177 -41.800000 6.736701
v 26.354239 -41.800000 7.000000
v 26.180398 -42.215385 7.000000
v 26.069112 -42.215385 7.268668
v 25.800445 -42.215385 7.379953
v 25.531777 -42.215385 7.268668
v 25.420492 -42.215385 7.000000
v 25.531777 -42.215385 6.731332
v 25.800445 -42.215385 6.620047
v 26.069112 -42.215385 6.731332
v 26.180398 -42.215385 7.000000
v 25.985941 -42.630769 7.000000
v 25.876259 -42.630769 7.264796
v 25.611462 -42.630769 7.374479
v 25.346666 -42.630769 7.264796
v 25.236983 -42.630769 7.000000
v 25.346666 -42.630769 6.735204
v 25.611462 -42.630769 6.625521
v 25.876259 -42.630769 6.735204
v 25.985941 -42.630769 7.000000
v 25.772499 -43.046154 7.000000
v 25.667723 -43.046154 7.252952
v 25.414771 -43.046154 7.357728
v 25.161820 -43.046154 7.252952
v 25.057044 -43.046154 7.000000
v 25.161820 -43.046154 6.747048
v 25.414771 -43.046154 6.642272
v 25.667723 -43.046154 6.747048
v 25.772499 -43.046154 7.000000
v 25.545381 -43.461538 7.000000
v 25.447210 -43.461538 7.237007
v 25.210203 -43.461538 7.335179
v 24.973196 -43.461538 7.237007
v 24.875024 -43.461538 7.000000
v 24.973196 -43.461538 6.762993
v 25.210203 -43.461538 6.664821
v 25.447210 -43.461538 6.762993
v 25.545381 -43.461538 7.000000
v 25.311782 -43.876923 7.000000
v 25.219753 -43.876923 7.222177
v 24.997575 -43.876923 7.314206
v 24.775398 -43.876923 7.222177
v 24.683369 -43.876923 7.000000
v 24.775398 -43.876923 6.777823
v 24.997575 -43.876923 6.685794
v 25.219753 -43.876923 6.777823
v 25.311782 -43.876923 7.000000
v 25.078363 -44.292308 7.000000
v 24.990006 -44.292308 7.213313
v 24.776693 -44.292308 7.301670
v 24.563380 -44.292308 7.213313
v 24.475023 -44.292308 7.000000
v 24.563380 -44.292308 6.786687
v 24.776693 -44.292308 6.698330
v 24.990006 -44.292308 6.786687
v 25.078363 -44.292308 7.000000
v 24.849018 -44.707692 7.000000
v 24.760661 -44.707692 7.213313
v 24.547348 -44.707692 7.301670
v 24.334035 -44.707692 7.213313
v 24.245677 -44.707692 7.000000
v 24.334035 -44.707692 6.786687
v 24.547348 -44.707692 6.698330
v 24.760661 -44.707692 6.786687
v 24.849018 -44.707692 7.000000
v 24.623520 -45.123077 7.000000
v 24.531491 -45.123077 7.222177
v 24.309314 -45.123077 7.314206
v 24.087136 -45.123077 7.222177
v 23.995108 -45.123077 7.000000
v 24.087136 -45.123077 6.777823
v 24.309314 -45.123077 6.685794
v 24.531491 -45.123077 6.777823
v 24.623520 -45.123077 7.000000
v 24.397529 -45.538462 7.000000
v 24.299357 -45.538462 7.237007
v 24.062350 -45.538462 7.335179
v 23.825343 -45.538462 7.237007
v 23.727172 -45.538462 7.000000
v 23.825343 -45.538462 6.762993
v 24.062350 -45.538462 6.664821
v 24.299357 -45.538462 6.762993
v 24.397529 -45.538462 7.000000
v 24.163924 -45.953846 7.000000
v 24.059148 -45.953846 7.252952
v 23.806196 -45.953846 7.357728
v 23.553244 -45.953846 7.252952
v 23.448468 -45.953846 7.000000
v 23.553244 -45.953846 6.747048
v 23.806196 -45.953846 6.642272
v 24.059148 -45.953846 6.747048
v 24.163924 -45.953846 7.000000
v 23.915049 -46.369231 7.000000
v 23.805367 -46.369231 7.264796
v 23.540570 -46.369231 7.374479
v 23.275774 -46.369231 7.264796
v 23.166092 -46.369231 7.000000
v 23.275774 -46.369231 6.735204
v 23.540570 -46.369231 6.625521
v 23.805367 -46.369231 6.735204
v 23.915049 -46.369231 7.000000
v 23.645123 -46.784615 7.000000
v 23.533838 -46.784615 7.268668
v 23.265170 -46.784615 7.379953
v 22.996503 -46.784615 7.268668
v 22.885217 -46.784615 7.000000
v 22.996503 -46.784615 6.731332
v 23.265170 -46.784615 6.620047
v 23.533838 -46.784615 6.731332
v 23.645123 -46.784615 7.000000
v 23.352027 -47.200000 7.000000
v 23.242965 -47.200000 7.263299
v 22.979666 -47.200000 7.372361
v 22.716368 -47.200000 7.263299
v 22.607306 -47.200000 7.000000
v 22.716368 -47.200000 6.736701
v 22.979666 -47.200000 6.627639
v 23.242965 -47.200000 6.736701
v 23.352027 -47.200000 7.000000
v 23.037887 -47.615385 7.000000
v 22.934149 -47.615385 7.250446
v 22.683703 -47.615385 7.354184
v 22.433257 -47.615385 7.250446
v 22.329519 -47.615385 7.000000
v 22.433257 -47.615385 6.749554
v 22.683703 -47.615385 6.645816
v 22.934149 -47.615385 6.749554
v 23.037887 -47.615385 7.000000
v 22.708261 -48.030769 7.000000
v 22.611205 -48.030769 7.234313
v 22.376892 -48.030769 7.331369
v 22.142579 -48.030769 7.234313
v 22.045524 -48.030769 7.000000
v 22.142579 -48.030769 6.765687
v 22.376892 -48.030769 6.668631
v 22.611205 -48.030769 6.765687
v 22.708261 -48.030769 7.000000
v 22.370189 -48.446154 7.000000
v 22.278989 -48.446154 7.220176
v 22.058812 -48.446154 7.311376
v 21.838636 -48.446154 7.220176
v 21.747436 -48.446154 7.000000
v 21.838636 -48.446154 6.779824
v 22.058812 -48.446154 6.688624
v 22.278989 -48.446154 6.779824
v 22.370189 -48.446154 7.000000
v 22.029748 -48.861538 7.000000
v 21.941662 -48.861538 7.212659
v 21.729003 -48.861538 7.300745
v 21.516344 -48.861538 7.212659
v 21.428258 -48.861538 7.000000
v 21.516344 -48.861538 6.787341
v 21.729003 -48.861538 6.699255
v 21.941662 -48.861538 6.787341
v 22.029748 -48.861538 7.000000
v 21.689911 -49.276923 7.000000
v 21.601178 -49.276923 7.214220
v 21.386958 -49.276923 7.302953
v 21.172738 -49.276923 7.214220
v 21.084005 -49.276923 7.000000
v 21.172738 -49.276923 6.785780
v 21.386958 -49.276923 6.697047
v 21.601178 -49.276923 6.785780
v 21.689911 -49.276923 7.000000
v 21.349401 -49.692308 7.000000
v 21.256473 -49.692308 7.224349
v 21.032124 -49.692308 7.317277
v 20.807775 -49.692308 7.224349
v 20.714846 -49.692308 7.000000
v 20.807775 -49.692308 6.775651
v 21.032124 -49.692308 6.682723
v 21.256473 -49.692308 6.775651
v 21.349401 -49.692308 7.000000
v 21.002921 -50.107692 7.000000
v 20.903621 -50.107692 7.239733
v 20.663888 -50.107692 7.339033
v 20.424155 -50.107692 7.239733
v 20.324855 -50.107692 7.000000
v 20.424155 -50.107692 6.760267
v 20.663888 -50.107692 6.660967
v 20.903621 -50.107692 6.760267
v 21.002921 -50.107692 7.000000
v 20.642680 -50.523077 7.000000
v 20.536915 -50.523077 7.255340
v 20.281575 -50.523077 7.361106
v 20.026235 -50.523077 7.255340
v 19.920469 -50.523077 7.000000
v 20.026235 -50.523077 6.744660
v 20.281575 -50.523077 6.638894
v 20.536915 -50.523077 6.744660
v 20.642680 -50.523077 7.000000
v 20.260707 -50.938462 7.000000
v 20.150499 -50.938462 7.266067
v 19.884432 -50.938462 7.376275
v 19.618366 -50.938462 7.266067
v 19.508157 -50.938462 7.000000
v 19.618366 -50.938462 6.733933
v 19.884432 -50.938462 6.623725
v 20.150499 -50.938462 6.733933
v 20.260707 -50.938462 7.000000
v 19.851202 -51.353846 7.000000
v 19.740026 -51.353846 7.268404
v 19.471622 -51.353846 7.379580
v 19.203218 -51.353846 7.268404
v 19.092042 -51.353846 7.000000
v 19.203218 -51.353846 6.731596
v 19.471622 -51.353846 6.620420
v 19.740026 -51.353846 6.731596
v 19.851202 -51.353846 7.000000
v 19.412145 -51.769231 7.000000
v 19.303792 -51.769231 7.261587
v 19.042204 -51.769231 7.369940
v 18.780617 -51.769231 7.261587
v 18.672264 -51.769231 7.000000
v 18.780617 -51.769231 6.738413
v 19.042204 -51.769231 6.630060
v 19.303792 -51.769231 6.738413
v 19.412145 -51.769231 7.000000
v 18.945628 -52.184615 7.000000
v 18.842966 -52.184615 7.247847
v 18.595119 -52.184615 7.350508
v 18.347272 -52.184615 7.247847
v 18.244611 -52.184615 7.000000
v 18.347272 -52.184615 6.752153
v 18.595119 -52.184615 6.649492
v 18.842966 -52.184615 6.752153
v 18.945628 -52.184615 7.000000
v 18.456806 -52.600000 7.000000
v 18.360842 -52.600000 7.231676
v 18.129166 -52.600000 7.327639
v 17.897490 -52.600000 7.231676
v 17.801527 -52.600000 7.000000
v 17.897490 -52.600000 6.768324
v 18.129166 -52.600000 6.672361
v 18.360842 -52.600000 6.768324
v 18.456806 -52.600000 7.000000
v 17.951788 -53.015385 7.000000
v 17.861338 -53.015385 7.218364
v 17.642975 -53.015385 7.308813
v 17.424611 -53.015385 7.218364
v 17.334162 -53.015385 7.000000
v 17.424611 -53.015385 6.781636
v 17.642975 -53.015385 6.691187
v 17.861338 -53.015385 6.781636
v 17.951788 -53.015385 7.000000
v 17.435155 -53.430769 7.000000
v 17.347233 -53.430769 7.212264
v 17.134969 -53.430769 7.300187
v 16.922705 -53.430769 7.212264
v 16.834782 -53.430769 7.000000
v 16.922705 -53.430769 6.787736
v 17.134969 -53.430769 6.699813
v 17.347233 -53.430769 6.787736
v 17.435155 -53.430769 7.000000
v 16.907904 -53.846154 7.000000
v 16.818694 -53.846154 7.215372
v 16.603322 -53.846154 7.304582
v 16.387951 -53.846154 7.215372
v 16.298741 -53.846154 7.000000
v 16.387951 -53.846154 6.784628
v 16.603322 -53.846154 6.695418
v 16.818694 -53.846154 6.784628
v 16.907904 -53.846154 7.000000
v 16.366460 -54.261538 7.000000
v 16.272570 -54.261538 7.226671
v 16.045899 -54.261538 7.320561
v 15.819228 -54.261538 7.226671
v 15.725338 -54.261538 7.000000
v 15.819228 -54.261538 6.773329
v 16.045899 -54.261538 6.679439
v 16.272570 -54.261538 6.773329
v 16.366460 -54.261538 7.000000
v 15.803069 -54.676923 7.000000
v 15.702637 -54.676923 7.242465
v 15.460172 -54.676923 7.342897
v 15.217707 -54.676923 7.242465
v 15.117275 -54.676923 7.000000
v 15.217707 -54.676923 6.757535
v 15.460172 -54.676923 6.657103
v 15.702637 -54.676923 6.757535
v 15.803069 -54.676923 7.000000
v 15.207403 -55.092308 7.000000
v 15.100706 -55.092308 7.257589
v 14.843117 -55.092308 7.364287
v 14.585527 -55.092308 7.257589
v 14.478830 -55.092308 7.000000
v 14.585527 -55.092308 6.742411
v 14.843117 -55.092308 6.635713
v 15.100706 -55.092308 6.742411
v 15.207403 -55.092308 7.000000
v 14.568794 -55.507692 7.000000
v 14.458159 -55.507692 7.267097
v 14.191062 -55.507692 7.377732
v 13.923965 -55.507692 7.267097
v 13.813329 -55.507692 7.000000
v 13.923965 -55.507692 6.732903
v 14.191062 -55.507692 6.622268
v 14.458159 -55.507692 6.732903
v 14.568794 -55.507692 7.000000
v 13.878311 -55.923077 7.000000
v 13.767352 -55.923077 7.267879
v 13.499473 -55.923077 7.378838
v 13.231594 -55.923077 7.267879
v 13.120635 -55.923077 7.000000
v 13.231594 -55.923077 6.732121
v 13.499473 -55.923077 6.621162
v 13.767352 -55.923077 6.732121
v 13.878311 -55.923077 7.000000
v 13.129881 -56.338462 7.000000
v 13.022319 -56.338462 7.259678
v 12.762641 -56.338462 7.367241
v 12.502962 -56.338462 7.259678
v 12.395400 -56.338462 7.000000
v 12.502962 -56.338462 6.740322
v 12.762641 -56.338462 6.632759
v 13.022319 -56.338462 6.740322
v 13.129881 -56.338462 7.000000
v 12.319933 -56.753846 7.000000
v 12.218377 -56.753846 7.245178
v 11.973198 -56.753846 7.346734
v 11.728020 -56.753846 7.245178
v 11.626464 -56.753846 7.000000
v 11.728020 -56.753846 6.754822
v 11.973198 -56.753846 6.653266
v 12.218377 -56.753846 6.754822
v 12.319933 -56.753846 7.000000
v 11.445381 -57.169231 7.000000
v 11.350477 -57.169231 7.229121
v 11.121356 -57.169231 7.324025
v 10.892235 -57.169231 7.229121
v 10.797331 -57.169231 7.000000
v 10.892235 -57.169231 6.770879
v 11.121356 -57.169231 6.675975
v 11.350477 -57.169231 6.770879
v 11.445381 -57.169231 7.000000
v 10.500141 -57.584615 7.000000
v 10.410357 -57.584615 7.216757
v 10.193600 -57.584615 7.306541
v 9.976842 -57.584615 7.216757
v 9.887059 -57.584615 7.000000
v 9.976842 -57.584615 6.783243
v 10.193600 -57.584615 6.693459
v 10.410357 -57.584615 6.783243
v 10.500141 -57.584615 7.000000
v 9.470330 -58.000000 7.000000
v 9.382462 -58.000000 7.212132
v 9.170330 -58.000000 7.300000
v 8.958198 -58.000000 7.212132
v 8.870330 -58.000000 7.000000
v 8.958198 -58.000000 6.787868
v 9.170330 -58.000000 6.700000
v 9.382462 -58.000000 6.787868
v 9.470330 -58.000000 7.000000
v -16.266630 4.000000 7.000000
v -16.354498 4.000000 7.212132
v -16.566630 4.000000 7.300000
v -16.778762 4.000000 7.212132
v -16.866630 4.000000 7.000000
v -16.778762 4.000000 6.787868
v -16.566630 4.000000 6.700000
v -16.354498 4.000000 6.787868
v -16.266630 4.000000 7.000000
v -16.959583 4.415385 7.000000
v -17.049367 4.415385 7.216757
v -17.266124 4.415385 7.306541
v -17.482882 4.415385 7.216757
v -17.572666 4.415385 7.000000
v -17.482882 4.415385 6.783243
v -17.266124 4.415385 6.693459
v -17.049367 4.415385 6.783243
v -16.959583 4.415385 7.000000
v -17.601103 4.830769 7.000000
v -17.696008 4.830769 7.229121
v -17.925129 4.830769 7.324025
v -18.154249 4.830769 7.229121
v -18.249154 4.830769 7.000000
v -18.154249 4.830769 6.770879
v -17.925129 4.830769 6.675975
v -17.696008 4.830769 6.770879
v -17.601103 4.830769 7.000000
v -18.201631 5.246154 7.000000
v -18.303188 5.246154 7.245178
v -18.548366 5.246154 7.346734
v -18.793544 5.246154 7.245178
v -18.895100 5.246154 7.000000
v -18.793544 5.246154 6.754822
v -18.548366 5.246154 6.653266
v -18.303188 5.246154 6.754822
v -18.201631 5.246154 7.000000
v -18.772408 5.661538 7.000000
v -18.879971 5.661538 7.259678
v -19.139649 5.661538 7.367241
v -19.399327 5.661538 7.259678
v -19.506890 5.661538 7.000000
v -19.399327 5.661538 6.740322
v -19.139649 5.661538 6.632759
v -18.879971 5.661538 6.740322
v -18.772408 5.661538 7.000000
v -19.323272 6.076923 7.000000
v -19.434231 6.076923 7.267879
v -19.702110 6.076923 7.378838
v -19.969989 6.076923 7.267879
v -20.080948 6.076923 7.000000
v -19.969989 6.076923 6.732121
v -19.702110 6.076923 6.621162
v -19.434231 6.076923 6.732121
v -19.323272 6.076923 7.000000
v -19.860626 6.492308 7.000000
v -19.971261 6.492308 7.267097
v -20.238358 6.492308 7.377732
v -20.505456 6.492308 7.267097
v -20.616091 6.492308 7.000000
v -20.505456 6.492308 6.732903
v -20.238358 6.492308 6.622268
v -19.971261 6.492308 6.732903
v -19.860626 6.492308 7.000000
v -20.386309 6.907692 7.000000
v -20.493007 6.907692 7.257589
v -20.750596 6.907692 7.364287
v -21.008185 6.907692 7.257589
v -21.114882 6.907692 7.000000
v -21.008185 6.907692 6.742411
v -20.750596 6.907692 6.635713
v -20.493007 6.907692 6.742411
v -20.386309 6.907692 7.000000
v -20.897804 7.323077 7.000000
v -20.998237 7.323077 7.242465
v -21.240702 7.323077 7.342897
v -21.483167 7.323077 7.242465
v -21.583599 7.323077 7.000000
v -21.483167 7.323077 6.757535
v -21.240702 7.323077 6.657103
v -20.998237 7.323077 6.757535
v -20.897804 7.323077 7.000000
v -21.389733 7.738462 7.000000
v -21.483623 7.738462 7.226671
v -21.710294 7.738462 7.320561
v -21.936964 7.738462 7.226671
v -22.030854 7.738462 7.000000
v -21.936964 7.738462 6.773329
v -21.710294 7.738462 6.679439
v -21.483623 7.738462 6.773329
v -21.389733 7.738462 7.000000
v -21.856196 8.153846 7.000000
v -21.945405 8.153846 7.215372
v -22.160777 8.153846 7.304582
v -22.376149 8.153846 7.215372
v -22.465359 8.153846 7.000000
v -22.376149 8.153846 6.784628
v -22.160777 8.153846 6.695418
v -21.945405 8.153846 6.784628
v -21.856196 8.153846 7.000000
v -22.293196 8.569231 7.000000
v -22.381119 8.569231 7.212264
v -22.593383 8.569231 7.300187
v -22.805647 8.569231 7.212264
v -22.893570 8.569231 7.000000
v -22.805647 8.569231 6.787736
v -22.593383 8.569231 6.699813
v -22.381119 8.569231 6.787736
v -22.293196 8.569231 7.000000
v -22.700381 8.984615 7.000000
v -22.790831 8.984615 7.218364
v -23.009195 8.984615 7.308813
v -23.227558 8.984615 7.218364
v -23.318008 8.984615 7.000000
v -23.227558 8.984615 6.781636
v -23.009195 8.984615 6.691187
v -22.790831 8.984615 6.781636
v -22.700381 8.984615 7.000000
v -23.081533 9.400000 7.000000
v -23.177496 9.400000 7.231676
v -23.409172 9.400000 7.327639
v -23.640848 9.400000 7.231676
v -23.736812 9.400000 7.000000
v -23.640848 9.400000 6.768324
v -23.409172 9.400000 6.672361
v -23.177496 9.400000 6.768324
v -23.081533 9.400000 7.000000
v -23.443664 9.815385 7.000000
v -23.546326 9.815385 7.247847
v -23.794173 9.815385 7.350508
v -24.042019 9.815385 7.247847
v -24.144681 9.815385 7.000000
v -24.042019 9.815385 6.752153
v -23.794173 9.815385 6.649492
v -23.546326 9.815385 6.752153
v -23.443664 9.815385 7.000000
v -23.795022 10.230769 7.000000
v -23.903375 10.230769 7.261587
v -24.164962 10.230769 7.369940
v -24.426549 10.230769 7.261587
v -24.534903 10.230769 7.000000
v -24.426549 10.230769 6.738413
v -24.164962 10.230769 6.630060
v -23.903375 10.230769 6.738413
v -23.795022 10.230769 7.000000
v -24.142650 10.646154 7.000000
v -24.253826 10.646154 7.268404
v -24.522230 10.646154 7.379580
v -24.790634 10.646154 7.268404
v -24.901810 10.646154 7.000000
v -24.790634 10.646154 6.731596
v -24.522230 10.646154 6.620420
v -24.253826 10.646154 6.731596
v -24.142650 10.646154 7.000000
v -24.490325 11.061538 7.000000
v -24.600533 11.061538 7.266067
v -24.866600 11.061538 7.376275
v -25.132667 11.061538 7.266067
v -25.242875 11.061538 7.000000
v -25.132667 11.061538 6.733933
v -24.866600 11.061538 6.623725
v -24.600533 11.061538 6.733933
v -24.490325 11.061538 7.000000
v -24.837530 11.476923 7.000000
v -24.943296 11.476923 7.255340
v -25.198636 11.476923 7.361106
v -25.453976 11.476923 7.255340
v -25.559742 11.476923 7.000000
v -25.453976 11.476923 6.744660
v -25.198636 11.476923 6.638894
v -24.943296 11.476923 6.744660
v -24.837530 11.476923 7.000000
v -25.179819 11.892308 7.000000
v -25.279119 11.892308 7.239733
v -25.518852 11.892308 7.339033
v -25.758585 11.892308 7.239733
v -25.857885 11.892308 7.000000
v -25.758585 11.892308 6.760267
v -25.518852 11.892308 6.660967
v -25.279119 11.892308 6.760267
v -25.179819 11.892308 7.000000
v -25.510439 12.307692 7.000000
v -25.603368 12.307692 7.224349
v -25.827717 12.307692 7.317277
v -26.052066 12.307692 7.224349
v -26.144994 12.307692 7.000000
v -26.052066 12.307692 6.775651
v -25.827717 12.307692 6.682723
v -25.603368 12.307692 6.775651
v -25.510439 12.307692 7.000000
v -25.822706 12.723077 7.000000
v -25.911438 12.723077 7.214220
v -26.125659 12.723077 7.302953
v -26.339879 12.723077 7.214220
v -26.428612 12.723077 7.000000
v -26.339879 12.723077 6.785780
v -26.125659 12.723077 6.697047
v -25.911438 12.723077 6.785780
v -25.822706 12.723077 7.000000
v -26.112326 13.138462 7.000000
v -26.200413 13.138462 7.212659
v -26.413072 13.138462 7.300745
v -26.625731 13.138462 7.212659
v -26.713817 13.138462 7.000000
v -26.625731 13.138462 6.787341
v -26.413072 13.138462 6.699255
v -26.200413 13.138462 6.787341
v -26.112326 13.138462 7.000000
v -26.378941 13.553846 7.000000
v -26.470141 13.553846 7.220176
v -26.690317 13.553846 7.311376
v -26.910493 13.553846 7.220176
v -27.001693 13.553846 7.000000
v -26.910493 13.553846 6.779824
v -26.690317 13.553846 6.688624
v -26.470141 13.553846 6.779824
v -26.378941 13.553846 7.000000
v -26.626361 13.969231 7.000000
v -26.723416 13.969231 7.234313
v -26.957729 13.969231 7.331369
v -27.192042 13.969231 7.234313
v -27.289098 13.969231 7.000000
v -27.192042 13.969231 6.765687
v -26.957729 13.969231 6.668631
v -26.723416 13.969231 6.765687
v -26.626361 13.969231 7.000000
v -26.861431 14.384615 7.000000
v -26.965170 14.384615 7.250446
v -27.215616 14.384615 7.354184
v -27.466062 14.384615 7.250446
v -27.569800 14.384615 7.000000
v -27.466062 14.384615 6.749554
v -27.215616 14.384615 6.645816
v -26.965170 14.384615 6.749554
v -26.861431 14.384615 7.000000
v -27.091900 14.800000 7.000000
v -27.200962 14.800000 7.263299
v -27.464261 14.800000 7.372361
v -27.727560 14.800000 7.263299
v -27.836622 14.800000 7.000000
v -27.727560 14.800000 6.736701
v -27.464261 14.800000 6.627639
v -27.200962 14.800000 6.736701
v -27.091900 14.800000 7.000000
v -27.323976 15.215385 7.000000
v -27.435262 15.215385 7.268668
v -27.703930 15.215385 7.379953
v -27.972597 15.215385 7.268668
v -28.083883 15.215385 7.000000
v -27.972597 15.215385 6.731332
v -27.703930 15.215385 6.620047
v -27.435262 15.215385 6.731332
v -27.323976 15.215385 7.000000
v -27.560388 15.630769 7.000000
v -27.670070 15.630769 7.264796
v -27.934867 15.630769 7.374479
v -28.199663 15.630769 7.264796
v -28.309346 15.630769 7.000000
v -28.199663 15.630769 6.735204
v -27.934867 15.630769 6.625521
v -27.670070 15.630769 6.735204
v -27.560388 15.630769 7.000000
v -27.799572 16.046154 7.000000
v -27.904348 16.046154 7.252952
v -28.157300 16.046154 7.357728
v -28.410252 16.046154 7.252952
v -28.515028 16.046154 7.000000
v -28.410252 16.046154 6.747048
v -28.157300 16.046154 6.642272
v -27.904348 16.046154 6.747048
v -27.799572 16.046154 7.000000
v -28.036263 16.461538 7.000000
v -28.134434 16.461538 7.237007
v -28.371441 16.461538 7.335179
v -28.608448 16.461538 7.237007
v -28.706620 16.461538 7.000000
v -28.608448 16.461538 6.762993
v -28.371441 16.461538 6.664821
v -28.134434 16.461538 6.762993
v -28.036263 16.461538 7.000000
v -28.263282 16.876923 7.000000
v -28.355310 16.876923 7.222177
v -28.577488 16.876923 7.314206
v -28.799665 16.876923 7.222177
v -28.891694 16.876923 7.000000
v -28.799665 16.876923 6.777823
v -28.577488 16.876923 6.685794
v -28.355310 16.876923 6.777823
v -28.263282 16.876923 7.000000
v -28.473954 17.292308 7.000000
v -28.562311 17.292308 7.213313
v -28.775624 17.292308 7.301670
v -28.988937 17.292308 7.213313
v -29.077294 17.292308 7.000000
v -28.988937 17.292308 6.786687
v -28.775624 17.292308 6.698330
v -28.562311 17.292308 6.786687
v -28.473954 17.292308 7.000000
v -28.664352 17.707692 7.000000
v -28.752709 17.707692 7.213313
v -28.966022 17.707692 7.301670
v -29.179335 17.707692 7.213313
v -29.267692 17.707692 7.000000
v -29.179335 17.707692 6.786687
v -28.966022 17.707692 6.698330
v -28.752709 17.707692 6.786687
v -28.664352 17.707692 7.000000
v -28.834636 18.123077 7.000000
v -28.926665 18.123077 7.222177
v -29.148842 18.123077 7.314206
v -29.371019 18.123077 7.222177
v -29.463048 18.123077 7.000000
v -29.371019 18.123077 6.777823
v -29.148842 18.123077 6.685794
v -28.926665 18.123077 6.777823
v -28.834636 18.123077 7.000000
v -28.989055 18.538462 7.000000
v -29.087227 18.538462 7.237007
v -29.324234 18.538462 7.335179
v -29.561241 18.538462 7.237007
v -29.659412 18.538462 7.000000
v -29.561241 18.538462 6.762993
v -29.324234 18.538462 6.664821
v -29.087227 18.538462 6.762993
v -28.989055 18.538462 7.000000
v -29.134610 18.953846 7.000000
v -29.239386 18.953846 7.252952
v -29.492337 18.953846 7.357728
v -29.745289 18.953846 7.252952
v -29.850065 18.953846 7.000000
v -29.745289 18.953846 6.747048
v -29.492337 18.953846 6.642272
v -29.239386 18.953846 6.747048
v -29.134610 18.953846 7.000000
v -29.278805 19.369231 7.000000
v -29.388488 19.369231 7.264796
v -29.653284 19.369231 7.374479
v -29.918081 19.369231 7.264796
v -30.027763 19.369231 7.000000
v -29.918081 19.369231 6.735204
v -29.653284 19.369231 6.625521
v -29.388488 19.369231 6.735204
v -29.278805 19.369231 7.000000
v -29.427243 19.784615 7.000000
v -29.538529 19.784615 7.268668
v -29.807196 19.784615 7.379953
v -30.075864 19.784615 7.268668
v -30.187149 19.784615 7.000000
v -30.075864 19.784615 6.731332
v -29.807196 19.784615 6.620047
v -29.538529 19.784615 6.731332
v -29.427243 19.784615 7.000000
v -29.581828 20.200000 7.000000
v -29.690890 20.200000 7.263299
v -29.954188 20.200000 7.372361
v -30.217487 20.200000 7.263299
v -30.326549 20.200000 7.000000
v -30.217487 20.200000 6.736701
v -29.954188 20.200000 6.627639
v -29.690890 20.200000 6.736701
v -29.581828 20.200000 7.000000
v -29.740184 20.615385 7.000000
v -29.843922 20.615385 7.250446
v -30.094368 20.615385 7.354184
v -30.344814 20.615385 7.250446
v -30.448552 20.615385 7.000000
v -30.344814 20.615385 6.749554
v -30.094368 20.615385 6.645816
v -29.843922 20.615385 6.749554
v -29.740184 20.615385 7.000000
v -29.896466 21.030769 7.000000
v -29.993521 21.030769 7.234313
v -30.227834 21.030769 7.331369
v -30.462147 21.030769 7.234313
v -30.559203 21.030769 7.000000
v -30.462147 21.030769 6.765687
v -30.227834 21.030769 6.668631
v -29.993521 21.030769 6.765687
v -29.896466 21.030769 7.000000
v -30.043306 21.446154 7.000000
v -30.134506 21.446154 7.220176
v -30.354682 21.446154 7.311376
v -30.574858 21.446154 7.220176
v -30.666058 21.446154 7.000000
v -30.574858 21.446154 6.779824
v -30.354682 21.446154 6.688624
v -30.134506 21.446154 6.779824
v -30.043306 21.446154 7.000000
v -30.174252 21.861538 7.000000
v -30.262338 21.861538 7.212659
v -30.474997 21.861538 7.300745
v -30.687656 21.861538 7.212659
v -30.775742 21.861538 7.000000
v -30.687656 21.861538 6.787341
v -30.474997 21.861538 6.699255
v -30.262338 21.861538 6.787341
v -30.174252 21.861538 7.000000
v -30.285908 22.276923 7.000000
v -30.374641 22.276923 7.214220
v -30.588861 22.276923 7.302953
v -30.803081 22.276923 7.214220
v -30.891814 22.276923 7.000000
v -30.803081 22.276923 6.785780
v -30.588861 22.276923 6.697047
v -30.374641 22.276923 6.785780
v -30.285908 22.276923 7.000000
v -30.379073 22.692308 7.000000
v -30.472002 22.692308 7.224349
v -30.696351 22.692308 7.317277
v -30.920700 22.692308 7.224349
v -31.013628 22.692308 7.000000
v -30.920700 22.692308 6.775651
v -30.696351 22.692308 6.682723
v -30.472002 22.692308 6.775651
v -30.379073 22.692308 7.000000
v -30.458502 23.107692 7.000000
v -30.557803 23.107692 7.239733
v -30.797536 23.107692 7.339033
v -31.037269 23.107692 7.239733
v -31.136569 23.107692 7.000000
v -31.037269 23.107692 6.760267
v -30.797536 23.107692 6.660967
v -30.557803 23.107692 6.760267
v -30.458502 23.107692 7.000000
v -30.531376 23.523077 7.000000
v -30.637141 23.523077 7.255340
v -30.892481 23.523077 7.361106
v -31.147822 23.523077 7.255340
v -31.253587 23.523077 7.000000
v -31.147822 23.523077 6.744660
v -30.892481 23.523077 6.638894
v -30.637141 23.523077 6.744660
v -30.531376 23.523077 7.000000
v -30.604973 23.938462 7.000000
v -30.715182 23.938462 7.266067
v -30.981248 23.938462 7.376275
v -31.247315 23.938462 7.266067
v -31.357523 23.938462 7.000000
v -31.247315 23.938462 6.733933
v -30.981248 23.938462 6.623725
v -30.715182 23.938462 6.733933
v -30.604973 23.938462 7.000000
v -30.684312 24.353846 7.000000
v -30.795488 24.353846 7.268404
v -31.063892 24.353846 7.379580
v -31.332296 24.353846 7.268404
v -31.443473 24.353846 7.000000
v -31.332296 24.353846 6.731596
v -31.063892 24.353846 6.620420
v -30.795488 24.353846 6.731596
v -30.684312 24.353846 7.000000
v -30.770524 24.769231 7.000000
v -30.878877 24.769231 7.261587
v -31.140465 24.769231 7.369940
v -31.402052 24.769231 7.261587
v -31.510405 24.769231 7.000000
v -31.402052 24.769231 6.738413
v -31.140465 24.769231 6.630060
v -30.878877 24.769231 6.738413
v -30.770524 24.769231 7.000000
v -30.860504 25.184615 7.000000
v -30.963166 25.184615 7.247847
v -31.211013 25.184615 7.350508
v -31.458859 25.184615 7.247847
v -31.561521 25.184615 7.000000
v -31.458859 25.184615 6.752153
v -31.211013 25.184615 6.649492
v -30.963166 25.184615 6.752153
v -30.860504 25.184615 7.000000
v -30.947940 25.600000 7.000000
v -31.043903 25.600000 7.231676
v -31.275579 25.600000 7.327639
v -31.507255 25.600000 7.231676
v -31.603219 25.600000 7.000000
v -31.507255 25.600000 6.768324
v -31.275579 25.600000 6.672361
v -31.043903 25.600000 6.768324
v -30.947940 25.600000 7.000000
v -31.025390 26.015385 7.000000
v -31.115839 26.015385 7.218364
v -31.334203 26.015385 7.308813
v -31.552567 26.015385 7.218364
v -31.643016 26.015385 7.000000
v -31.552567 26.015385 6.781636
v -31.334203 26.015385 6.691187
v -31.115839 26.015385 6.781636
v -31.025390 26.015385 7.000000
v -31.086733 26.430769 7.000000
v -31.174656 26.430769 7.212264
v -31.386920 26.430769 7.300187
v -31.599184 26.430769 7.212264
v -31.687107 26.430769 7.000000
v -31.599184 26.430769 6.787736
v -31.386920 26.430769 6.699813
v -31.174656 26.430769 6.787736
v -31.086733 26.430769 7.000000
v -31.129179 26.846154 7.000000
v -31.218388 26.846154 7.215372
v -31.433760 26.846154 7.304582
v -31.649132 26.846154 7.215372
v -31.738342 26.846154 7.000000
v -31.649132 26.846154 6.784628
v -31.433760 26.846154 6.695418
v -31.218388 26.846154 6.784628
v -31.129179 26.846154 7.000000
v -31.154192 27.261538 7.000000
v -31.248082 27.261538 7.226671
v -31.474752 27.261538 7.320561
v -31.701423 27.261538 7.226671
v -31.795313 27.261538 7.000000
v -31.701423 27.261538 6.773329
v -31.474752 27.261538 6.679439
v -31.248082 27.261538 6.773329
v -31.154192 27.261538 7.000000
v -31.167023 27.676923 7.000000
v -31.267455 27.676923 7.242465
v -31.509920 27.676923 7.342897
v -31.752385 27.676923 7.242465
v -31.852817 27.676923 7.000000
v -31.752385 27.676923 6.757535
v -31.509920 27.676923 6.657103
v -31.267455 27.676923 6.757535
v -31.167023 27.676923 7.000000
v -31.174997 28.092308 7.000000
v -31.281694 28.092308 7.257589
v -31.539284 28.092308 7.364287
v -31.796873 28.092308 7.257589
v -31.903570 28.092308 7.000000
v -31.796873 28.092308 6.742411
v -31.539284 28.092308 6.635713
v -31.281694 28.092308 6.742411
v -31.174997 28.092308 7.000000
v -31.185128 28.507692 7.000000
v -31.295763 28.507692 7.267097
v -31.562861 28.507692 7.377732
v -31.829958 28.507692 7.267097
v -31.940593 28.507692 7.000000
v -31.829958 28.507692 6.732903
v -31.562861 28.507692 6.622268
v -31.295763 28.507692 6.732903
v -31.185128 28.507692 7.000000
v -31.201827 28.923077 7.000000
v -31.312786 28.923077 7.267879
v -31.580664 28.923077 7.378838
v -31.848543 28.923077 7.267879
v -31.959502 28.923077 7.000000
v -31.848543 28.923077 6.732121
v -31.580664 28.923077 6.621162
v -31.312786 28.923077 6.732121
v -31.201827 28.923077 7.000000
v -31.225465 29.338462 7.000000
v -31.333027 29.338462 7.259678
v -31.592705 29.338462 7.367241
v -31.852384 29.338462 7.259678
v -31.959946 29.338462 7.000000
v -31.852384 29.338462 6.740322
v -31.592705 29.338462 6.632759
v -31.333027 29.338462 6.740322
v -31.225465 29.338462 7.000000
v -31.252256 29.753846 7.000000
v -31.353812 29.753846 7.245178
v -31.598990 29.753846 7.346734
v -31.844168 29.753846 7.245178
v -31.945724 29.753846 7.000000
v -31.844168 29.753846 6.754822
v -31.598990 29.753846 6.653266
v -31.353812 29.753846 6.754822
v -31.252256 29.753846 7.000000
v -31.275497 30.169231 7.000000
v -31.370402 30.169231 7.229121
v -31.599523 30.169231 7.324025
v -31.828643 30.169231 7.229121
v -31.923548 30.169231 7.000000
v -31.828643 30.169231 6.770879
v -31.599523 30.169231 6.675975
v -31.370402 30.169231 6.770879
v -31.275497 30.169231 7.000000
v -31.287762 30.584615 7.000000
v -31.377546 30.584615 7.216757
v -31.594303 30.584615 7.306541
v -31.811061 30.584615 7.216757
v -31.900844 30.584615 7.000000
v -31.811061 30.584615 6.783243
v -31.594303 30.584615 6.693459
v -31.377546 30.584615 6.783243
v -31.287762 30.584615 7.000000
v -31.283329 31.000000 7.000000
v -31.371197 31.000000 7.212132
v -31.583329 31.000000 7.300000
v -31.795461 31.000000 7.212132
v -31.883329 31.000000 7.000000
v -31.795461 31.000000 6.787868
v -31.583329 31.000000 6.700000
v -31.371197 31.000000 6.787868
v -31.283329 31.000000 7.000000
v -31.260052 31.415385 7.000000
v -31.349835 31.415385 7.216757
v -31.566593 31.415385 7.306541
v -31.783350 31.415385 7.216757
v -31.873134 31.415385 7.000000
v -31.783350 31.415385 6.783243
v -31.566593 31.415385 6.693459
v -31.349835 31.415385 6.783243
v -31.260052 31.415385 7.000000
v -31.220061 31.830769 7.000000
v -31.314965 31.830769 7.229121
v -31.544086 31.830769 7.324025
v -31.773207 31.830769 7.229121
v -31.868111 31.830769 7.000000
v -31.773207 31.830769 6.770879
v -31.544086 31.830769 6.675975
v -31.314965 31.830769 6.770879
v -31.220061 31.830769 7.000000
v -31.169061 32.246154 7.000000
v -31.270617 32.246154 7.245178
v -31.515795 32.246154 7.346734
v -31.760973 32.246154 7.245178
v -31.862529 32.246154 7.000000
v -31.760973 32.246154 6.754822
v -31.515795 32.246154 6.653266
v -31.270617 32.246154 6.754822
v -31.169061 32.246154 7.000000
v -31.114463 32.661538 7.000000
v -31.222025 32.661538 7.259678
v -31.481704 32.661538 7.367241
v -31.741382 32.661538 7.259678
v -31.848944 32.661538 7.000000
v -31.741382 32.661538 6.740322
v -31.481704 32.661538 6.632759
v -31.222025 32.661538 6.740322
v -31.114463 32.661538 7.000000
v -31.062954 33.076923 7.000000
v -31.173913 33.076923 7.267879
v -31.441792 33.076923 7.378838
v -31.709671 33.076923 7.267879
v -31.820630 33.076923 7.000000
v -31.709671 33.076923 6.732121
v -31.441792 33.076923 6.621162
v -31.173913 33.076923 6.732121
v -31.062954 33.076923 7.000000
v -31.018304 33.492308 7.000000
v -31.128939 33.492308 7.267097
v -31.396036 33.492308 7.377732
v -31.663134 33.492308 7.267097
v -31.773769 33.492308 7.000000
v -31.663134 33.492308 6.732903
v -31.396036 33.492308 6.622268
v -31.128939 33.492308 6.732903
v -31.018304 33.492308 7.000000
v -30.980124 33.907692 7.000000
v -31.086821 33.907692 7.257589
v -31.344410 33.907692 7.364287
v -31.602000 33.907692 7.257589
v -31.708697 33.907692 7.000000
v -31.602000 33.907692 6.742411
v -31.344410 33.907692 6.635713
v -31.086821 33.907692 6.742411
v -30.980124 33.907692 7.000000
v -30.943985 34.323077 7.000000
v -31.044418 34.323077 7.242465
v -31.286883 34.323077 7.342897
v -31.529348 34.323077 7.242465
v -31.629780 34.323077 7.000000
v -31.529348 34.323077 6.757535
v -31.286883 34.323077 6.657103
v -31.044418 34.323077 6.757535
v -30.943985 34.323077 7.000000
v -30.902859 34.738462 7.000000
v -30.996749 34.738462 7.226671
v -31.223419 34.738462 7.320561
v -31.450090 34.738462 7.226671
v -31.543980 34.738462 7.000000
v -31.450090 34.738462 6.773329
v -31.223419 34.738462 6.679439
v -30.996749 34.738462 6.773329
v -30.902859 34.738462 7.000000
v -30.849401 35.153846 7.000000
v -30.938610 35.153846 7.215372
v -31.153982 35.153846 7.304582
v -31.369354 35.153846 7.215372
v -31.458564 35.153846 7.000000
v -31.369354 35.153846 6.784628
v -31.153982 35.153846 6.695418
v -30.938610 35.153846 6.784628
v -30.849401 35.153846 7.000000
v -30.778342 35.569231 7.000000
v -30.866265 35.569231 7.212264
v -31.078529 35.569231 7.300187
v -31.290793 35.569231 7.212264
v -31.378716 35.569231 7.000000
v -31.290793 35.569231 6.787736
v -31.078529 35.569231 6.699813
v -30.866265 35.569231 6.787736
v -30.778342 35.569231 7.000000
v -30.688200 35.984615 7.000000
v -30.778649 35.984615 7.218364
v -30.997013 35.984615 7.308813
v -31.215377 35.984615 7.218364
v -31.305826 35.984615 7.000000
v -31.215377 35.984615 6.781636
v -30.997013 35.984615 6.691187
v -30.778649 35.984615 6.781636
v -30.688200 35.984615 7.000000
v -30.581745 36.400000 7.000000
v -30.677708 36.400000 7.231676
v -30.909384 36.400000 7.327639
v -31.141060 36.400000 7.231676
v -31.237023 36.400000 7.000000
v -31.141060 36.400000 6.768324
v -30.909384 36.400000 6.672361
v -30.677708 36.400000 6.768324
v -30.581745 36.400000 7.000000
v -30.465079 36.815385 7.000000
v -30.567740 36.815385 7.247847
v -30.815587 36.815385 7.350508
v -31.063434 36.815385 7.247847
v -31.166095 36.815385 7.000000
v -31.063434 36.815385 6.752153
v -30.815587 36.815385 6.649492
v -30.567740 36.815385 6.752153
v -30.465079 36.815385 7.000000
v -30.345622 37.230769 7.000000
v -30.453975 37.230769 7.261587
v -30.715562 37.230769 7.369940
v -30.977150 37.230769 7.261587
v -31.085503 37.230769 7.000000
v -30.977150 37.230769 6.738413
v -30.715562 37.230769 6.630060
v -30.453975 37.230769 6.738413
v -30.345622 37.230769 7.000000
v -30.229665 37.646154 7.000000
v -30.340842 37.646154 7.268404
v -30.609246 37.646154 7.379580
v -30.877649 37.646154 7.268404
v -30.988826 37.646154 7.000000
v -30.877649 37.646154 6.731596
v -30.609246 37.646154 6.620420
v -30.340842 37.646154 6.731596
v -30.229665 37.646154 7.000000
v -30.120292 38.061538 7.000000
v -30.230501 38.061538 7.266067
v -30.496567 38.061538 7.376275
v -30.762634 38.061538 7.266067
v -30.872842 38.061538 7.000000
v -30.762634 38.061538 6.733933
v -30.496567 38.061538 6.623725
v -30.230501 38.061538 6.733933
v -30.120292 38.061538 7.000000
v -30.016347 38.476923 7.000000
v -30.122112 38.476923 7.255340
v -30.377453 38.476923 7.361106
v -30.632793 38.476923 7.255340
v -30.738558 38.476923 7.000000
v -30.632793 38.476923 6.744660
v -30.377453 38.476923 6.638894
v -30.122112 38.476923 6.744660
v -30.016347 38.476923 7.000000
v -29.912788 38.892308 7.000000
v -30.012088 38.892308 7.239733
v -30.251821 38.892308 7.339033
v -30.491554 38.892308 7.239733
v -30.590855 38.892308 7.000000
v -30.491554 38.892308 6.760267
v -30.251821 38.892308 6.660967
v -30.012088 38.892308 6.760267
v -29.912788 38.892308 7.000000
v -29.802310 39.307692 7.000000
v -29.895238 39.307692 7.224349
v -30.119587 39.307692 7.317277
v -30.343936 39.307692 7.224349
v -30.436865 39.307692 7.000000
v -30.343936 39.307692 6.775651
v -30.119587 39.307692 6.682723
v -29.895238 39.307692 6.775651
v -29.802310 39.307692 7.000000
v -29.677705 39.723077 7.000000
v -29.766438 39.723077 7.214220
v -29.980658 39.723077 7.302953
v -30.194879 39.723077 7.214220
v -30.283611 39.723077 7.000000
v -30.194879 39.723077 6.785780
v -29.980658 39.723077 6.697047
v -29.766438 39.723077 6.785780
v -29.677705 39.723077 7.000000
v -29.534191 40.138462 7.000000
v -29.622277 40.138462 7.212659
v -29.834936 40.138462 7.300745
v -30.047595 40.138462 7.212659
v -30.135681 40.138462 7.000000
v -30.047595 40.138462 6.787341
v -29.834936 40.138462 6.699255
v -29.622277 40.138462 6.787341
v -29.534191 40.138462 7.000000
v -29.370937 40.553846 7.000000
v -29.462137 40.553846 7.220176
v -29.682313 40.553846 7.311376
v -29.902490 40.553846 7.220176
v -29.993690 40.553846 7.000000
v -29.902490 40.553846 6.779824
v -29.682313 40.553846 6.688624
v -29.462137 40.553846 6.779824
v -29.370937 40.553846 7.000000
v -29.191310 40.969231 7.000000
v -29.288366 40.969231 7.234313
v -29.522679 40.969231 7.331369
v -29.756992 40.969231 7.234313
v -29.854047 40.969231 7.000000
v -29.756992 40.969231 6.765687
v -29.522679 40.969231 6.668631
v -29.288366 40.969231 6.765687
v -29.191310 40.969231 7.000000
v -29.001726 41.384615 7.000000
v -29.105464 41.384615 7.250446
v -29.355910 41.384615 7.354184
v -29.606356 41.384615 7.250446
v -29.710094 41.384615 7.000000
v -29.606356 41.384615 6.749554
v -29.355910 41.384615 6.645816
v -29.105464 41.384615 6.749554
v -29.001726 41.384615 7.000000
v -28.809517 41.800000 7.000000
v -28.918579 41.800000 7.263299
v -29.181878 41.800000 7.372361
v -29.445177 41.800000 7.263299
v -29.554239 41.800000 7.000000
v -29.445177 41.800000 6.736701
v -29.181878 41.800000 6.627639
v -28.918579 41.800000 6.736701
v -28.809517 41.800000 7.000000
v -28.620492 42.215385 7.000000
v -28.731777 42.215385 7.268668
v -29.000445 42.215385 7.379953
v -29.269112 42.215385 7.268668
v -29.380398 42.215385 7.000000
v -29.269112 42.215385 6.731332
v -29.000445 42.215385 6.620047
v -28.731777 42.215385 6.731332
v -28.620492 42.215385 7.000000
v -28.436983 42.630769 7.000000
v -28.546666 42.630769 7.264796
v -28.811462 42.630769 7.374479
v -29.076259 42.630769 7.264796
v -29.185941 42.630769 7.000000
v -29.076259 42.630769 6.735204
v -28.811462 42.630769 6.625521
v -28.546666 42.630769 6.735204
v -28.436983 42.630769 7.000000
v -28.257044 43.046154 7.000000
v -28.361820 43.046154 7.252952
v -28.614771 43.046154 7.357728
v -28.867723 43.046154 7.252952
v -28.972499 43.046154 7.000000
v -28.867723 43.046154 6.747048
v -28.614771 43.046154 6.642272
v -28.361820 43.046154 6.747048
v -28.257044 43.046154 7.000000
v -28.075024 43.461538 7.000000
v -28.173196 43.461538 7.237007
v -28.410203 43.461538 7.335179
v -28.647210 43.461538 7.237007
v -28.745381 43.461538 7.000000
v -28.647210 43.461538 6.762993
v -28.410203 43.461538 6.664821
v -28.173196 43.461538 6.762993
v -28.075024 43.461538 7.000000
v -27.883369 43.876923 7.000000
v -27.975398 43.876923 7.222177
v -28.197575 43.876923 7.314206
v -28.419753 43.876923 7.222177
v -28.511782 43.876923 7.000000
v -28.419753 43.876923 6.777823
v -28.197575 43.876923 6.685794
v -27.975398 43.876923 6.777823
v -27.883369 43.876923 7.000000
v -27.675023 44.292308 7.000000
v -27.763380 44.292308 7.213313
v -27.976693 44.292308 7.301670
v -28.190006 44.292308 7.213313
v -28.278363 44.292308 7.000000
v -28.190006 44.292308 6.786687
v -27.976693 44.292308 6.698330
v -27.763380 44.292308 6.786687
v -27.675023 44.292308 7.000000
v -27.445677 44.707692 7.000000
v -27.534035 44.707692 7.213313
v -27.747348 44.707692 7.301670
v -27.960661 44.707692 7.213313
v -28.049018 44.707692 7.000000
v -27.960661 44.707692 6.786687
v -27.747348 44.707692 6.698330
v -27.534035 44.707692 6.786687
v -27.445677 44.707692 7.000000
v -27.195108 45.123077 7.000000
v -27.287136 45.123077 7.222177
v -27.509314 45.123077 7.314206
v -27.731491 45.123077 7.222177
v -27.823520 45.123077 7.000000
v -27.731491 45.123077 6.777823
v -27.509314 45.123077 6.685794
v -27.287136 45.123077 6.777823
v -27.195108 45.123077 7.000000
v -26.927172 45.538462 7.000000
v -27.025343 45.538462 7.237007
v -27.262350 45.538462 7.335179
v -27.499357 45.538462 7.237007
v -27.597529 45.538462 7.000000
v -27.499357 45.538462 6.762993
v -27.262350 45.538462 6.664821
v -27.025343 45.538462 6.762993
v -26.927172 45.538462 7.000000
v -26.648468 45.953846 7.000000
v -26.753244 45.953846 7.252952
v -27.006196 45.953846 7.357728
v -27.259148 45.953846 7.252952
v -27.363924 45.953846 7.000000
v -27.259148 45.953846 6.747048
v -27.006196 45.953846 6.642272
v -26.753244 45.953846 6.747048
v -26.648468 45.953846 7.000000
v -26.366092 46.369231 7.000000
v -26.475774 46.369231 7.264796
v -26.740570 46.369231 7.374479
v -27.005367 46.369231 7.264796
v -27.115049 46.369231 7.000000
v -27.005367 46.369231 6.735204
v -26.740570 46.369231 6.625521
v -26.475774 46.369231 6.735204
v -26.366092 46.369231 7.000000
v -26.085217 46.784615 7.000000
v -26.196503 46.784615 7.268668
v -26.465170 46.784615 7.379953
v -26.733838 46.784615 7.268668
v -26.845123 46.784615 7.000000
v -26.733838 46.784615 6.731332
v -26.465170 46.784615 6.620047
v -26.196503 46.784615 6.731332
v -26.085217 46.784615 7.000000
v -25.807306 47.200000 7.000000
v -25.916368 47.200000 7.263299
v -26.179666 47.200000 7.372361
v -26.442965 47.200000 7.263299
v -26.552027 47.200000 7.000000
v -26.442965 47.200000 6.736701
v -26.179666 47.200000 6.627639
v -25.916368 47.200000 6.736701
v -25.807306 47.200000 7.000000
v -25.529519 47.615385 7.000000
v -25.633257 47.615385 7.250446
v -25.883703 47.615385 7.354184
v -26.134149 47.615385 7.250446
v -26.237887 47.615385 7.000000
v -26.134149 47.615385 6.749554
v -25.883703 47.615385 6.645816
v -25.633257 47.615385 6.749554
v -25.529519 47.615385 7.000000
v -25.245524 48.030769 7.000000
v -25.342579 48.030769 7.234313
v -25.576892 48.030769 7.331369
v -25.811205 48.030769 7.234313
v -25.908261 48.030769 7.000000
v -25.811205 48.030769 6.765687
v -25.576892 48.030769 6.668631
v -25.342579 48.030769 6.765687
v -25.245524 48.030769 7.000000
v -24.947436 48.446154 7.000000
v -25.038636 48.446154 7.220176
v -25.258812 48.446154 7.311376
v -25.478989 48.446154 7.220176
v -25.570189 48.446154 7.000000
v -25.478989 48.446154 6.779824
v -25.258812 48.446154 6.688624
v -25.038636 48.446154 6.779824
v -24.947436 48.446154 7.000000
v -24.628258 48.861538 7.000000
v -24.716344 48.861538 7.212659
v -24.929003 48.861538 7.300745
v -25.141662 48.861538 7.212659
v -25.229748 48.861538 7.000000
v -25.141662 48.861538 6.787341
v -24.929003 48.861538 6.699255
v -24.716344 48.861538 6.787341
v -24.628258 48.861538 7.000000
v -24.284005 49.276923 7.000000
v -24.372738 49.276923 7.214220
v -24.586958 49.276923 7.302953
v -24.801178 49.276923 7.214220
v -24.889911 49.276923 7.000000
v -24.801178 49.276923 6.785780
v -24.586958 49.276923 6.697047
v -24.372738 49.276923 6.785780
v -24.284005 49.276923 7.000000
v -23.914846 49.692308 7.000000
v -24.007775 49.692308 7.224349
v -24.232124 49.692308 7.317277
v -24.456473 49.692308 7.224349
v -24.549401 49.692308 7.000000
v -24.456473 49.692308 6.775651
v -24.232124 49.692308 6.682723
v -24.007775 49.692308 6.775651
v -23.914846 49.692308 7.000000
v -23.524855 50.107692 7.000000
v -23.624155 50.107692 7.239733
v -23.863888 50.107692 7.339033
v -24.103621 50.107692 7.239733
v -24.202921 50.107692 7.000000
v -24.103621 50.107692 6.760267
v -23.863888 50.107692 6.660967
v -23.624155 50.107692 6.760267
v -23.524855 50.107692 7.000000
v -23.120469 50.523077 7.000000
v -23.226235 50.523077 7.255340
v -23.481575 50.523077 7.361106
v -23.736915 50.523077 7.255340
v -23.842680 50.523077 7.000000
v -23.736915 50.523077 6.744660
v -23.481575 50.523077 6.638894
v -23.226235 50.523077 6.744660
v -23.120469 50.523077 7.000000
v -22.708157 50.938462 7.000000
v -22.818366 50.938462 7.266067
v -23.084432 50.938462 7.376275
v -23.350499 50.938462 7.266067
v -23.460707 50.938462 7.000000
v -23.350499 50.938462 6.733933
v -23.084432 50.938462 6.623725
v -22.818366 50.938462 6.733933
v -22.708157 50.938462 7.000000
v -22.292042 51.353846 7.000000
v -22.403218 51.353846 7.268404
v -22.671622 51.353846 7.379580
v -22.940026 51.353846 7.268404
v -23.051202 51.353846 7.000000
v -22.940026 51.353846 6.731596
v -22.671622 51.353846 6.620420
v -22.403218 51.353846 6.731596
v -22.292042 51.353846 7.000000
v -21.872264 51.769231 7.000000
v -21.980617 51.769231 7.261587
v -22.242204 51.769231 7.369940
v -22.503792 51.769231 7.261587
v -22.612145 51.769231 7.000000
v -22.503792 51.769231 6.738413
v -22.242204 51.769231 6.630060
v -21.980617 51.769231 6.738413
v -21.872264 51.769231 7.000000
v -21.444611 52.184615 7.000000
v -21.547272 52.184615 7.247847
v -21.795119 52.184615 7.350508
v -22.042966 52.184615 7.247847
v -22.145628 52.184615 7.000000
v -22.042966 52.184615 6.752153
v -21.795119 52.184615 6.649492
v -21.547272 52.184615 6.752153
v -21.444611 52.184615 7.000000
v -21.001527 52.600000 7.000000
v -21.097490 52.600000 7.231676
v -21.329166 52.600000 7.327639
v -21.560842 52.600000 7.231676
v -21.656806 52.600000 7.000000
v -21.560842 52.600000 6.768324
v -21.329166 52.600000 6.672361
v -21.097490 52.600000 6.768324
v -21.001527 52.600000 7.000000
v -20.534162 53.015385 7.000000
v -20.624611 53.015385 7.218364
v -20.842975 53.015385 7.308813
v -21.061338 53.015385 7.218364
v -21.151788 53.015385 7.000000
v -21.061338 53.015385 6.781636
v -20.842975 53.015385 6.691187
v -20.624611 53.015385 6.781636
v -20.534162 53.015385 7.000000
v -20.034782 53.430769 7.000000
v -20.122705 53.430769 7.212264
v -20.334969 53.430769 7.300187
v -20.547233 53.430769 7.212264
v -20.635155 53.430769 7.000000
v -20.547233 53.430769 6.787736
v -20.334969 53.430769 6.699813
v -20.122705 53.430769 6.787736
v -20.034782 53.430769 7.000000
v -19.498741 53.846154 7.000000
v -19.587951 53.846154 7.215372
v -19.803322 53.846154 7.304582
v -20.018694 53.846154 7.215372
v -20.107904 53.846154 7.000000
v -20.018694 53.846154 6.784628
v -19.803322 53.846154 6.695418
v -19.587951 53.846154 6.784628
v -19.498741 53.846154 7.000000
v -18.925338 54.261538 7.000000
v -19.019228 54.261538 7.226671
v -19.245899 54.261538 7.320561
v -19.472570 54.261538 7.226671
v -19.566460 54.261538 7.000000
v -19.472570 54.261538 6.773329
v -19.245899 54.261538 6.679439
v -19.019228 54.261538 6.773329
v -18.925338 54.261538 7.000000
v -18.317275 54.676923 7.000000
v -18.417707 54.676923 7.242465
v -18.660172 54.676923 7.342897
v -18.902637 54.676923 7.242465
v -19.003069 54.676923 7.000000
v -18.902637 54.676923 6.757535
v -18.660172 54.676923 6.657103
v -18.417707 54.676923 6.757535
v -18.317275 54.676923 7.000000
v -17.678830 55.092308 7.000000
v -17.785527 55.092308 7.257589
v -18.043117 55.092308 7.364287
v -18.300706 55.092308 7.257589
v -18.407403 55.092308 7.000000
v -18.300706 55.092308 6.742411
v -18.043117 55.092308 6.635713
v -17.785527 55.092308 6.742411
v -17.678830 55.092308 7.000000
v -17.013329 55.507692 7.000000
v -17.123965 55.507692 7.267097
v -17.391062 55.507692 7.377732
v -17.658159 55.507692 7.267097
v -17.768794 55.507692 7.000000
v -17.658159 55.507692 6.732903
v -17.391062 55.507692 6.622268
v -17.123965 55.507692 6.732903
v -17.013329 55.507692 7.000000
v -16.320635 55.923077 7.000000
v -16.431594 55.923077 7.267879
v -16.699473 55.923077 7.378838
v -16.967352 55.923077 7.267879
v -17.078311 55.923077 7.000000
v -16.967352 55.923077 6.732121
v -16.699473 55.923077 6.621162
v -16.431594 55.923077 6.732121
v -16.320635 55.923077 7.000000
v -15.595400 56.338462 7.000000
v -15.702962 56.338462 7.259678
v -15.962641 56.338462 7.367241
v -16.222319 56.338462 7.259678
v -16.329881 56.338462 7.000000
v -16.222319 56.338462 6.740322
v -15.962641 56.338462 6.632759
v -15.702962 56.338462 6.740322
v -15.595400 56.338462 7.000000
v -14.826464 56.753846 7.000000
v -14.928020 56.753846 7.245178
v -15.173198 56.753846 7.346734
v -15.418377 56.753846 7.245178
v -15.519933 56.753846 7.000000
v -15.418377 56.753846 6.754822
v -15.173198 56.753846 6.653266
v -14.928020 56.753846 6.754822
v -14.826464 56.753846 7.000000
v -13.997331 57.169231 7.000000
v -14.092235 57.169231 7.229121
v -14.321356 57.169231 7.324025
v -14.550477 57.169231 7.229121
v -14.645381 57.169231 7.000000
v -14.550477 57.169231 6.770879
v -14.321356 57.169231 6.675975
v -14.092235 57.169231 6.770879
v -13.997331 57.169231 7.000000
v -13.087059 57.584615 7.000000
v -13.176842 57.584615 7.216757
v -13.393600 57.584615 7.306541
v -13.610357 57.584615 7.216757
v -13.700141 57.584615 7.000000
v -13.610357 57.584615 6.783243
v -13.393600 57.584615 6.693459
v -13.176842 57.584615 6.783243
v -13.087059 57.584615 7.000000
v -12.070330 58.000000 7.000000
v -12.158198 58.000000 7.212132
v -12.370330 58.000000 7.300000
v -12.582462 58.000000 7.212132
v -12.670330 58.000000 7.000000
v -12.582462 58.000000 6.787868
v -12.370330 58.000000 6.700000
v -12.158198 58.000000 6.787868
v -12.070330 58.000000 7.000000
vt 0.000000 0.000000
vt 0.125000 0.000000
vt 0.250000 0.000000
vt 0.375000 0.000000
vt 0.500000 0.000000
vt 0.625000 0.000000
vt 0.750000 0.000000
vt 0.875000 0.000000
vt 1.000000 0.000000
vt 0.000000 0.007692
vt 0.125000 0.007692
vt 0.250000 0.007692
vt 0.375000 0.007692
vt 0.500000 0.007692
vt 0.625000 0.007692
vt 0.750000 0.007692
vt 0.875000 0.007692
vt 1.000000 0.007692
vt 0.000000 0.015385
vt 0.125000 0.015385
vt 0.250000 0.015385
vt 0.375000 0.015385
vt 0.500000 0.015385
vt 0.625000 0.015385
vt 0.750000 0.015385
vt 0.875000 0.015385
vt 1.000000 0.015385
vt 0.000000 0.023077
vt 0.125000 0.023077
vt 0.250000 0.023077
vt 0.375000 0.023077
vt 0.500000 0.023077
vt 0.625000 0.023077
vt 0.750000 0.023077
vt 0.875000 0.023077
vt 1.000000 0.023077
vt 0.000000 0.030769
vt 0.125000 0.030769
vt 0.250000 0.030769
vt 0.375000 0.030769
vt 0.500000 0.030769
vt 0.625000 0.030769
vt 0.750000 0.030769
vt 0.875000 0.030769
vt 1.000000 0.030769
vt 0.000000 0.038462
vt 0.125000 0.038462
vt 0.250000 0.038462
vt 0.375000 0.038462
vt 0.500000 0.038462
vt 0.625000 0.038462
vt 0.750000 0.038462
vt 0.875000 0.038462
vt 1.000000 0.038462
vt 0.000000 0.046154
vt 0.125000 0.046154
vt 0.250000 0.046154
vt 0.375000 0.046154
vt 0.500000 0.046154
vt 0.625000 0.046154
vt 0.750000 0.046154
vt 0.875000 0.046154
vt 1.000000 0.046154
vt 0.000000 0.053846
vt 0.125000 0.053846
vt 0.250000 0.053846
vt 0.375000 0.053846
vt 0.500000 0.053846
vt 0.625000 0.053846
vt 0.750000 0.053846
vt 0.875000 0.053846
vt 1.000000 0.053846
vt 0.000000 0.061538
vt 0.125000 0.061538
vt 0.250000 0.061538
vt 0.375000 0.061538
vt 0.500000 0.061538
vt 0.625000 0.061538
vt 0.750000 0.061538
vt 0.875000 0.061538
vt 1.000000 0.061538
vt 0.000000 0.069231
vt 0.125000 0.069231
vt 0.250000 0.069231
vt 0.375000 0.069231
vt 0.500000 0.069231
vt 0.625000 0.069231
vt 0.750000 0.069231
vt 0.875000 0.069231
vt 1.000000 0.069231
vt 0.000000 0.076923
vt 0.125000 0.076923
vt 0.250000 0.076923
vt 0.375000 0.076923
vt 0.500000 0.076923
vt 0.625000 0.076923
vt 0.750000 0.076923
vt 0.875000 0.076923
vt 1.000000 0.076923
vt 0.000000 0.084615
vt 0.125000 0.084615
vt 0.250000 0.084615
vt 0.375000 0.084615
vt 0.500000 0.084615
vt 0.625000 0.084615
vt 0.750000 0.084615
vt 0.875000 0.084615
vt 1.000000 0.084615
vt 0.000000 0.092308
vt 0.125000 0.092308
vt 0.250000 0.092308
vt 0.375000 0.092308
vt 0.500000 0.092308
vt 0.625000 0.092308
vt 0.750000 0.092308
vt 0.875000 0.092308
vt 1.000000 0.092308
vt 0.000000 0.100000
vt 0.125000 0.100000
vt 0.250000 0.100000
vt 0.375000 0.100000
vt 0.500000 0.100000
vt 0.625000 0.100000
vt 0.750000 0.100000
vt 0.875000 0.100000
vt 1.000000 0.100000
vt 0.000000 0.107692
vt 0.125000 0.107692
vt 0.250000 0.107692
vt 0.375000 0.107692
vt 0.500000 0.107692
vt 0.625000 0.107692
vt 0.750000 0.107692
vt 0.875000 0.107692
vt 1.000000 0.107692
vt 0.000000 0.115385
vt 0.125000 0.115385
vt 0.250000 0.115385
vt 0.375000 0.115385
vt 0.500000 0.115385
vt 0.625000 0.115385
vt 0.750000 0.115385
vt 0.875000 0.115385
vt 1.000000 0.115385
vt 0.000000 0.123077
vt 0.125000 0.123077
vt 0.250000 0.123077
vt 0.375000 0.123077
vt 0.500000 0.123077
vt 0.625000 0.123077
vt 0.750000 0.123077
vt 0.875000 0.123077
vt 1.000000 0.123077
vt 0.000000 0.130769
vt 0.125000 0.130769
vt 0.250000 0.130769
vt 0.375000 0.130769
vt 0.500000 0.130769
vt 0.625000 0.130769
vt 0.750000 0.130769
vt 0.875000 0.130769
vt 1.000000 0.130769
vt 0.000000 0.138462
vt 0.125000 0.138462
vt 0.250000 0.138462
vt 0.375000 0.138462
vt 0.500000 0.138462
vt 0.625000 0.138462
vt 0.750000 0.138462
vt 0.875000 0.138462
vt 1.000000 0.138462
vt 0.000000 0.146154
vt 0.125000 0.146154
vt 0.250000 0.146154
vt 0.375000 0.146154
vt 0.500000 0.146154
vt 0.625000 0.146154
vt 0.750000 0.146154
vt 0.875000 0.146154
vt 1.000000 0.146154
vt 0.000000 0.153846
vt 0.125000 0.153846
vt 0.250000 0.153846
vt 0.375000 0.153846
vt 0.500000 0.153846
vt 0.625000 0.153846
vt 0.750000 0.153846
vt 0.875000 0.153846
vt 1.000000 0.153846
vt 0.000000 0.161538
vt 0.125000 0.161538
vt 0.250000 0.161538
vt 0.375000 0.161538
vt 0.500000 0.161538
vt 0.625000 0.161538
vt 0.750000 0.161538
vt 0.875000 0.161538
vt 1.000000 0.161538
vt 0.000000 0.169231
vt 0.125000 0.169231
vt 0.250000 0.169231
vt 0.375000 0.169231
vt 0.500000 0.169231
vt 0.625000 0.169231
vt 0.750000 0.169231
vt 0.875000 0.169231
vt 1.000000 0.169231
vt 0.000000 0.176923
vt 0.125000 0.176923
vt 0.250000 0.176923
vt 0.375000 0.176923
vt 0.500000 0.176923
vt 0.625000 0.176923
vt 0.750000 0.176923
vt 0.875000 0.176923
vt 1.000000 0.176923
vt 0.000000 0.184615
vt 0.125000 0.184615
vt 0.250000 0.184615
vt 0.375000 0.184615
vt 0.500000 0.184615
vt 0.625000 0.184615
vt 0.750000 0.184615
vt 0.875000 0.184615
vt 1.000000 0.184615
vt 0.000000 0.192308
vt 0.125000 0.192308
vt 0.250000 0.192308
vt 0.375000 0.192308
vt 0.500000 0.192308
vt 0.625000 0.192308
vt 0.750000 0.192308
vt 0.875000 0.192308
vt 1.000000 0.192308
vt 0.000000 0.200000
vt 0.125000 0.200000
vt 0.250000 0.200000
vt 0.375000 0.200000
vt 0.500000 0.200000
vt 0.625000 0.200000
vt 0.750000 0.200000
vt 0.875000 0.200000
vt 1.000000 0.200000
vt 0.000000 0.207692
vt 0.125000 0.207692
vt 0.250000 0.207692
vt 0.375000 0.207692
vt 0.500000 0.207692
vt 0.625000 0.207692
vt 0.750000 0.207692
vt 0.875000 0.207692
vt 1.000000 0.207692
vt 0.000000 0.215385
vt 0.125000 0.215385
vt 0.250000 0.215385
vt 0.375000 0.215385
vt 0.500000 0.215385
vt 0.625000 0.215385
vt 0.750000 0.215385
vt 0.875000 0.215385
vt 1.000000 0.215385
vt 0.000000 0.223077
vt 0.125000 0.223077
vt 0.250000 0.223077
vt 0.375000 0.223077
vt 0.500000 0.223077
vt 0.625000 0.223077
vt 0.750000 0.223077
vt 0.875000 0.223077
vt 1.000000 0.223077
vt 0.000000 0.230769
vt 0.125000 0.230769
vt 0.250000 0.230769
vt 0.375000 0.230769
vt 0.500000 0.230769
vt 0.625000 0.230769
vt 0.750000 0.230769
vt 0.875000 0.230769
vt 1.000000 0.230769
vt 0.000000 0.238462
vt 0.125000 0.238462
vt 0.250000 0.238462
vt 0.375000 0.238462
vt 0.500000 0.238462
vt 0.625000 0.238462
vt 0.750000 0.238462
vt 0.875000 0.238462
vt 1.000000 0.238462
vt 0.000000 0.246154
vt 0.125000 0.246154
vt 0.250000 0.246154
vt 0.375000 0.246154
vt 0.500000 0.246154
vt 0.625000 0.246154
vt 0.750000 0.246154
vt 0.875000 0.246154
vt 1.000000 0.246154
vt 0.000000 0.253846
vt 0.125000 0.253846
vt 0.250000 0.253846
vt 0.375000 0.253846
vt 0.500000 0.253846
vt 0.625000 0.253846
vt 0.750000 0.253846
vt 0.875000 0.253846
vt 1.000000 0.253846
vt 0.000000 0.261538
vt 0.125000 0.261538
vt 0.250000 0.261538
vt 0.375000 0.261538
vt 0.500000 0.261538
vt 0.625000 0.261538
vt 0.750000 0.261538
vt 0.875000 0.261538
vt 1.000000 0.261538
vt 0.000000 0.269231
vt 0.125000 0.269231
vt 0.250000 0.269231
vt 0.375000 0.269231
vt 0.500000 0.269231
vt 0.625000 0.269231
vt 0.750000 0.269231
vt 0.875000 0.269231
vt 1.000000 0.269231
vt 0.000000 0.276923
vt 0.125000 0.276923
vt 0.250000 0.276923
vt 0.375000 0.276923
vt 0.500000 0.276923
vt 0.625000 0.276923
vt 0.750000 0.276923
vt 0.875000 0.276923
vt 1.000000 0.276923
vt 0.000000 0.284615
vt 0.125000 0.284615
vt 0.250000 0.284615
vt 0.375000 0.284615
vt 0.500000 0.284615
vt 0.625000 0.284615
vt 0.750000 0.284615
vt 0.875000 0.284615
vt 1.000000 0.284615
vt 0.000000 0.292308
vt 0.125000 0.292308
vt 0.250000 0.292308
vt 0.375000 0.292308
vt 0.500000 0.292308
vt 0.625000 0.292308
vt 0.750000 0.292308
vt 0.875000 0.292308
vt 1.000000 0.292308
vt 0.000000 0.300000
vt 0.125000 0.300000
vt 0.250000 0.300000
vt 0.375000 0.300000
vt 0.500000 0.300000
vt 0.625000 0.300000
vt 0.750000 0.300000
vt 0.875000 0.300000
vt 1.000000 0.300000
vt 0.000000 0.307692
vt 0.125000 0.307692
vt 0.250000 0.307692
vt 0.375000 0.307692
vt 0.500000 0.307692
vt 0.625000 0.307692
vt 0.750000 0.307692
vt 0.875000 0.307692
vt 1.000000 0.307692
vt 0.000000 0.315385
vt 0.125000 0.315385
vt 0.250000 0.315385
vt 0.375000 0.315385
vt 0.500000 0.315385
vt 0.625000 0.315385
vt 0.750000 0.315385
vt 0.875000 0.315385
vt 1.000000 0.315385
vt 0.000000 0.323077
vt 0.125000 0.323077
vt 0.250000 0.323077
vt 0.375000 0.323077
vt 0.500000 0.323077
vt 0.625000 0.323077
vt 0.750000 0.323077
vt 0.875000 0.323077
vt 1.000000 0.323077
vt 0.000000 0.330769
vt 0.125000 0.330769
vt 0.250000 0.330769
vt 0.375000 0.330769
vt 0.500000 0.330769
vt 0.625000 0.330769
vt 0.750000 0.330769
vt 0.875000 0.330769
vt 1.000000 0.330769
vt 0.000000 0.338462
vt 0.125000 0.338462
vt 0.250000 0.338462
vt 0.375000 0.338462
vt 0.500000 0.338462
vt 0.625000 0.338462
vt 0.750000 0.338462
vt 0.875000 0.338462
vt 1.000000 0.338462
vt 0.000000 0.346154
vt 0.125000 0.346154
vt 0.250000 0.346154
vt 0.375000 0.346154
vt 0.500000 0.346154
vt 0.625000 0.346154
vt 0.750000 0.346154
vt 0.875000 0.346154
vt 1.000000 0.346154
vt 0.000000 0.353846
vt 0.125000 0.353846
vt 0.250000 0.353846
vt 0.375000 0.353846
vt 0.500000 0.353846
vt 0.625000 0.353846
vt 0.750000 0.353846
vt 0.875000 0.353846
vt 1.000000 0.353846
vt 0.000000 0.361538
vt 0.125000 0.361538
vt 0.250000 0.361538
vt 0.375000 0.361538
vt 0.500000 0.361538
vt 0.625000 0.361538
vt 0.750000 0.361538
vt 0.875000 0.361538
vt 1.000000 0.361538
vt 0.000000 0.369231
vt 0.125000 0.369231
vt 0.250000 0.369231
vt 0.375000 0.369231
vt 0.500000 0.369231
vt 0.625000 0.369231
vt 0.750000 0.369231
vt 0.875000 0.369231
vt 1.000000 0.369231
vt 0.000000 0.376923
vt 0.125000 0.376923
vt 0.250000 0.376923
vt 0.375000 0.376923
vt 0.500000 0.376923
vt 0.625000 0.376923
vt 0.750000 0.376923
vt 0.875000 0.376923
vt 1.000000 0.376923
vt 0.000000 0.384615
vt 0.125000 0.384615
vt 0.250000 0.384615
vt 0.375000 0.384615
vt 0.500000 0.384615
vt 0.625000 0.384615
vt 0.750000 0.384615
vt 0.875000 0.384615
vt 1.000000 0.384615
vt 0.000000 0.392308
vt 0.125000 0.392308
vt 0.250000 0.392308
vt 0.375000 0.392308
vt 0.500000 0.392308
vt 0.625000 0.392308
vt 0.750000 0.392308
vt 0.875000 0.392308
vt 1.000000 0.392308
vt 0.000000 0.400000
vt 0.125000 0.400000
vt 0.250000 0.400000
vt 0.375000 0.400000
vt 0.500000 0.400000
vt 0.625000 0.400000
vt 0.750000 0.400000
vt 0.875000 0.400000
vt 1.000000 0.400000
vt 0.000000 0.407692
vt 0.125000 0.407692
vt 0.250000 0.407692
vt 0.375000 0.407692
vt 0.500000 0.407692
vt 0.625000 0.407692
vt 0.750000 0.407692
vt 0.875000 0.407692
vt 1.000000 0.407692
vt 0.000000 0.415385
vt 0.125000 0.415385
vt 0.250000 0.415385
vt 0.375000 0.415385
vt 0.500000 0.415385
vt 0.625000 0.415385
vt 0.750000 0.415385
vt 0.875000 0.415385
vt 1.000000 0.415385
vt 0.000000 0.423077
vt 0.125000 0.423077
vt 0.250000 0.423077
vt 0.375000 0.423077
vt 0.500000 0.423077
vt 0.625000 0.423077
vt 0.750000 0.423077
vt 0.875000 0.423077
vt 1.000000 0.423077
vt 0.000000 0.430769
vt 0.125000 0.430769
vt 0.250000 0.430769
vt 0.375000 0.430769
vt 0.500000 0.430769
vt 0.625000 0.430769
vt 0.750000 0.430769
vt 0.875000 0.430769
vt 1.000000 0.430769
vt 0.000000 0.438462
vt 0.125000 0.438462
vt 0.250000 0.438462
vt 0.375000 0.438462
vt 0.500000 0.438462
vt 0.625000 0.438462
vt 0.750000 0.438462
vt 0.875000 0.438462
vt 1.000000 0.438462
vt 0.000000 0.446154
vt 0.125000 0.446154
vt 0.250000 0.446154
vt 0.375000 0.446154
vt 0.500000 0.446154
vt 0.625000 0.446154
vt 0.750000 0.446154
vt 0.875000 0.446154
vt 1.000000 0.446154
vt 0.000000 0.453846
vt 0.125000 0.453846
vt 0.250000 0.453846
vt 0.375000 0.453846
vt 0.500000 0.453846
vt 0.625000 0.453846
vt 0.750000 0.453846
vt 0.875000 0.453846
vt 1.000000 0.453846
vt 0.000000 0.461538
vt 0.125000 0.461538
vt 0.250000 0.461538
vt 0.375000 0.461538
vt 0.500000 0.461538
vt 0.625000 0.461538
vt 0.750000 0.461538
vt 0.875000 0.461538
vt 1.000000 0.461538
vt 0.000000 0.469231
vt 0.125000 0.469231
vt 0.250000 0.469231
vt 0.375000 0.469231
vt 0.500000 0.469231
vt 0.625000 0.469231
vt 0.750000 0.469231
vt 0.875000 0.469231
vt 1.000000 0.469231
vt 0.000000 0.476923
vt 0.125000 0.476923
vt 0.250000 0.476923
vt 0.375000 0.476923
vt 0.500000 0.476923
vt 0.625000 0.476923
vt 0.750000 0.476923
vt 0.875000 0.476923
vt 1.000000 0.476923
vt 0.000000 0.484615
vt 0.125000 0.484615
vt 0.250000 0.484615
vt 0.375000 0.484615
vt 0.500000 0.484615
vt 0.625000 0.484615
vt 0.750000 0.484615
vt 0.875000 0.484615
vt 1.000000 0.484615
vt 0.000000 0.492308
vt 0.125000 0.492308
vt 0.250000 0.492308
vt 0.375000 0.492308
vt 0.500000 0.492308
vt 0.625000 0.492308
vt 0.750000 0.492308
vt 0.875000 0.492308
vt 1.000000 0.492308
vt 0.000000 0.500000
vt 0.125000 0.500000
vt 0.250000 0.500000
vt 0.375000 0.500000
vt 0.500000 0.500000
vt 0.625000 0.500000
vt 0.750000 0.500000
vt 0.875000 0.500000
vt 1.000000 0.500000
vt 0.000000 0.507692
vt 0.125000 0.507692
vt 0.250000 0.507692
vt 0.375000 0.507692
vt 0.500000 0.507692
vt 0.625000 0.507692
vt 0.750000 0.507692
vt 0.875000 0.507692
vt 1.000000 0.507692
vt 0.000000 0.515385
vt 0.125000 0.515385
vt 0.250000 0.515385
vt 0.375000 0.515385
vt 0.500000 0.515385
vt 0.625000 0.515385
vt 0.750000 0.515385
vt 0.875000 0.515385
vt 1.000000 0.515385
vt 0.000000 0.523077
vt 0.125000 0.523077
vt 0.250000 0.523077
vt 0.375000 0.523077
vt 0.500000 0.523077
vt 0.625000 0.523077
vt 0.750000 0.523077
vt 0.875000 0.523077
vt 1.000000 0.523077
vt 0.000000 0.530769
vt 0.125000 0.530769
vt 0.250000 0.530769
vt 0.375000 0.530769
vt 0.500000 0.530769
vt 0.625000 0.530769
vt 0.750000 0.530769
vt 0.875000 0.530769
vt 1.000000 0.530769
vt 0.000000 0.538462
vt 0.125000 0.538462
vt 0.250000 0.538462
vt 0.375000 0.538462
vt 0.500000 0.538462
vt 0.625000 0.538462
vt 0.750000 0.538462
vt 0.875000 0.538462
vt 1.000000 0.538462
vt 0.000000 0.546154
vt 0.125000 0.546154
vt 0.250000 0.546154
vt 0.375000 0.546154
vt 0.500000 0.546154
vt 0.625000 0.546154
vt 0.750000 0.546154
vt 0.875000 0.546154
vt 1.000000 0.546154
vt 0.000000 0.553846
vt 0.125000 0.553846
vt 0.250000 0.553846
vt 0.375000 0.553846
vt 0.500000 0.553846
vt 0.625000 0.553846
vt 0.750000 0.553846
vt 0.875000 0.553846
vt 1.000000 0.553846
vt 0.000000 0.561538
vt 0.125000 0.561538
vt 0.250000 0.561538
vt 0.375000 0.561538
vt 0.500000 0.561538
vt 0.625000 0.561538
vt 0.750000 0.561538
vt 0.875000 0.561538
vt 1.000000 0.561538
vt 0.000000 0.569231
vt 0.125000 0.569231
vt 0.250000 0.569231
vt 0.375000 0.569231
vt 0.500000 0.569231
vt 0.625000 0.569231
vt 0.750000 0.569231
vt 0.875000 0.569231
vt 1.000000 0.569231
vt 0.000000 0.576923
vt 0.125000 0.576923
vt 0.250000 0.576923
vt 0.375000 0.576923
vt 0.500000 0.576923
vt 0.625000 0.576923
vt 0.750000 0.576923
vt 0.875000 0.576923
vt 1.000000 0.576923
vt 0.000000 0.584615
vt 0.125000 0.584615
vt 0.250000 0.584615
vt 0.375000 0.584615
vt 0.500000 0.584615
vt 0.625000 0.584615
vt 0.750000 0.584615
vt 0.875000 0.584615
vt 1.000000 0.584615
vt 0.000000 0.592308
vt 0.125000 0.592308
vt 0.250000 0.592308
vt 0.375000 0.592308
vt 0.500000 0.592308
vt 0.625000 0.592308
vt 0.750000 0.592308
vt 0.875000 0.592308
vt 1.000000 0.592308
vt 0.000000 0.600000
vt 0.125000 0.600000
vt 0.250000 0.600000
vt 0.375000 0.600000
vt 0.500000 0.600000
vt 0.625000 0.600000
vt 0.750000 0.600000
vt 0.875000 0.600000
vt 1.000000 0.600000
vt 0.000000 0.607692
vt 0.125000 0.607692
vt 0.250000 0.607692
vt 0.375000 0.607692
vt 0.500000 0.607692
vt 0.625000 0.607692
vt 0.750000 0.607692
vt 0.875000 0.607692
vt 1.000000 0.607692
vt 0.000000 0.615385
vt 0.125000 0.615385
vt 0.250000 0.615385
vt 0.375000 0.615385
vt 0.500000 0.615385
vt 0.625000 0.615385
vt 0.750000 0.615385
vt 0.875000 0.615385
vt 1.000000 0.615385
vt 0.000000 0.623077
vt 0.125000 0.623077
vt 0.250000 0.623077
vt 0.375000 0.623077
vt 0.500000 0.623077
vt 0.625000 0.623077
vt 0.750000 0.623077
vt 0.875000 0.623077
vt 1.000000 0.623077
vt 0.000000 0.630769
vt 0.125000 0.630769
vt 0.250000 0.630769
vt 0.375000 0.630769
vt 0.500000 0.630769
vt 0.625000 0.630769
vt 0.750000 0.630769
vt 0.875000 0.630769
vt 1.000000 0.630769
vt 0.000000 0.638462
vt 0.125000 0.638462
vt 0.250000 0.638462
vt 0.375000 0.638462
vt 0.500000 0.638462
vt 0.625000 0.638462
vt 0.750000 0.638462
vt 0.875000 0.638462
vt 1.000000 0.638462
vt 0.000000 0.646154
vt 0.125000 0.646154
vt 0.250000 0.646154
vt 0.375000 0.646154
vt 0.500000 0.646154
vt 0.625000 0.646154
vt 0.750000 0.646154
vt 0.875000 0.646154
vt 1.000000 0.646154
vt 0.000000 0.653846
vt 0.125000 0.653846
vt 0.250000 0.653846
vt 0.375000 0.653846
vt 0.500000 0.653846
vt 0.625000 0.653846
vt 0.750000 0.653846
vt 0.875000 0.653846
vt 1.000000 0.653846
vt 0.000000 0.661538
vt 0.125000 0.661538
vt 0.250000 0.661538
vt 0.375000 0.661538
vt 0.500000 0.661538
vt 0.625000 0.661538
vt 0.750000 0.661538
vt 0.875000 0.661538
vt 1.000000 0.661538
vt 0.000000 0.669231
vt 0.125000 0.669231
vt 0.250000 0.669231
vt 0.375000 0.669231
vt 0.500000 0.669231
vt 0.625000 0.669231
vt 0.750000 0.669231
vt 0.875000 0.669231
vt 1.000000 0.669231
vt 0.000000 0.676923
vt 0.125000 0.676923
vt 0.250000 0.676923
vt 0.375000 0.676923
vt 0.500000 0.676923
vt 0.625000 0.676923
vt 0.750000 0.676923
vt 0.875000 0.676923
vt 1.000000 0.676923
vt 0.000000 0.684615
vt 0.125000 0.684615
vt 0.250000 0.684615
vt 0.375000 0.684615
vt 0.500000 0.684615
vt 0.625000 0.684615
vt 0.750000 0.684615
vt 0.875000 0.684615
vt 1.000000 0.684615
vt 0.000000 0.692308
vt 0.125000 0.692308
vt 0.250000 0.692308
vt 0.375000 0.692308
vt 0.500000 0.692308
vt 0.625000 0.692308
vt 0.750000 0.692308
vt 0.875000 0.692308
vt 1.000000 0.692308
vt 0.000000 0.700000
vt 0.125000 0.700000
vt 0.250000 0.700000
vt 0.375000 0.700000
vt 0.500000 0.700000
vt 0.625000 0.700000
vt 0.750000 0.700000
vt 0.875000 0.700000
vt 1.000000 0.700000
vt 0.000000 0.707692
vt 0.125000 0.707692
vt 0.250000 0.707692
vt 0.375000 0.707692
vt 0.500000 0.707692
vt 0.625000 0.707692
vt 0.750000 0.707692
vt 0.875000 0.707692
vt 1.000000 0.707692
vt 0.000000 0.715385
vt 0.125000 0.715385
vt 0.250000 0.715385
vt 0.375000 0.715385
vt 0.500000 0.715385
vt 0.625000 0.715385
vt 0.750000 0.715385
vt 0.875000 0.715385
vt 1.000000 0.715385
vt 0.000000 0.723077
vt 0.125000 0.723077
vt 0.250000 0.723077
vt 0.375000 0.723077
vt 0.500000 0.723077
vt 0.625000 0.723077
vt 0.750000 0.723077
vt 0.875000 0.723077
vt 1.000000 0.723077
vt 0.000000 0.730769
vt 0.125000 0.730769
vt 0.250000 0.730769
vt 0.375000 0.730769
vt 0.500000 0.730769
vt 0.625000 0.730769
vt 0.750000 0.730769
vt 0.875000 0.730769
vt 1.000000 0.730769
vt 0.000000 0.738462
vt 0.125000 0.738462
vt 0.250000 0.738462
vt 0.375000 0.738462
vt 0.500000 0.738462
vt 0.625000 0.738462
vt 0.750000 0.738462
vt 0.875000 0.738462
vt 1.000000 0.738462
vt 0.000000 0.746154
vt 0.125000 0.746154
vt 0.250000 0.746154
vt 0.375000 0.746154
vt 0.500000 0.746154
vt 0.625000 0.746154
vt 0.750000 0.746154
vt 0.875000 0.746154
vt 1.000000 0.746154
vt 0.000000 0.753846
vt 0.125000 0.753846
vt 0.250000 0.753846
vt 0.375000 0.753846
vt 0.500000 0.753846
vt 0.625000 0.753846
vt 0.750000 0.753846
vt 0.875000 0.753846
vt 1.000000 0.753846
vt 0.000000 0.761538
vt 0.125000 0.761538
vt 0.250000 0.761538
vt 0.375000 0.761538
vt 0.500000 0.761538
vt 0.625000 0.761538
vt 0.750000 0.761538
vt 0.875000 0.761538
vt 1.000000 0.761538
vt 0.000000 0.769231
vt 0.125000 0.769231
vt 0.250000 0.769231
vt 0.375000 0.769231
vt 0.500000 0.769231
vt 0.625000 0.769231
vt 0.750000 0.769231
vt 0.875000 0.769231
vt 1.000000 0.769231
vt 0.000000 0.776923
vt 0.125000 0.776923
vt 0.250000 0.776923
vt 0.375000 0.776923
vt 0.500000 0.776923
vt 0.625000 0.776923
vt 0.750000 0.776923
vt 0.875000 0.776923
vt 1.000000 0.776923
vt 0.000000 0.784615
vt 0.125000 0.784615
vt 0.250000 0.784615
vt 0.375000 0.784615
vt 0.500000 0.784615
vt 0.625000 0.784615
vt 0.750000 0.784615
vt 0.875000 0.784615
vt 1.000000 0.784615
vt 0.000000 0.792308
vt 0.125000 0.792308
vt 0.250000 0.792308
vt 0.375000 0.792308
vt 0.500000 0.792308
vt 0.625000 0.792308
vt 0.750000 0.792308
vt 0.875000 0.792308
vt 1.000000 0.792308
vt 0.000000 0.800000
vt 0.125000 0.800000
vt 0.250000 0.800000
vt 0.375000 0.800000
vt 0.500000 0.800000
vt 0.625000 0.800000
vt 0.750000 0.800000
vt 0.875000 0.800000
vt 1.000000 0.800000
vt 0.000000 0.807692
vt 0.125000 0.807692
vt 0.250000 0.807692
vt 0.375000 0.807692
vt 0.500000 0.807692
vt 0.625000 0.807692
vt 0.750000 0.807692
vt 0.875000 0.807692
vt 1.000000 0.807692
vt 0.000000 0.815385
vt 0.125000 0.815385
vt 0.250000 0.815385
vt 0.375000 0.815385
vt 0.500000 0.815385
vt 0.625000 0.815385
vt 0.750000 0.815385
vt 0.875000 0.815385
vt 1.000000 0.815385
vt 0.000000 0.823077
vt 0.125000 0.823077
vt 0.250000 0.823077
vt 0.375000 0.823077
vt 0.500000 0.823077
vt 0.625000 0.823077
vt 0.750000 0.823077
vt 0.875000 0.823077
vt 1.000000 0.823077
vt 0.000000 0.830769
vt 0.125000 0.830769
vt 0.250000 0.830769
vt 0.375000 0.830769
vt 0.500000 0.830769
vt 0.625000 0.830769
vt 0.750000 0.830769
vt 0.875000 0.830769
vt 1.000000 0.830769
vt 0.000000 0.838462
vt 0.125000 0.838462
vt 0.250000 0.838462
vt 0.375000 0.838462
vt 0.500000 0.838462
vt 0.625000 0.838462
vt 0.750000 0.838462
vt 0.875000 0.838462
vt 1.000000 0.838462
vt 0.000000 0.846154
vt 0.125000 0.846154
vt 0.250000 0.846154
vt 0.375000 0.846154
vt 0.500000 0.846154
vt 0.625000 0.846154
vt 0.750000 0.846154
vt 0.875000 0.846154
vt 1.000000 0.846154
vt 0.000000 0.853846
vt 0.125000 0.853846
vt 0.250000 0.853846
vt 0.375000 0.853846
vt 0.500000 0.853846
vt 0.625000 0.853846
vt 0.750000 0.853846
vt 0.875000 0.853846
vt 1.000000 0.853846
vt 0.000000 0.861538
vt 0.125000 0.861538
vt 0.250000 0.861538
vt 0.375000 0.861538
vt 0.500000 0.861538
vt 0.625000 0.861538
vt 0.750000 0.861538
vt 0.875000 0.861538
vt 1.000000 0.861538
vt 0.000000 0.869231
vt 0.125000 0.869231
vt 0.250000 0.869231
vt 0.375000 0.869231
vt 0.500000 0.869231
vt 0.625000 0.869231
vt 0.750000 0.869231
vt 0.875000 0.869231
vt 1.000000 0.869231
vt 0.000000 0.876923
vt 0.125000 0.876923
vt 0.250000 0.876923
vt 0.375000 0.876923
vt 0.500000 0.876923
vt 0.625000 0.876923
vt 0.750000 0.876923
vt 0.875000 0.876923
vt 1.000000 0.876923
vt 0.000000 0.884615
vt 0.125000 0.884615
vt 0.250000 0.884615
vt 0.375000 0.884615
vt 0.500000 0.884615
vt 0.625000 0.884615
vt 0.750000 0.884615
vt 0.875000 0.884615
vt 1.000000 0.884615
vt 0.000000 0.892308
vt 0.125000 0.892308
vt 0.250000 0.892308
vt 0.375000 0.892308
vt 0.500000 0.892308
vt 0.625000 0.892308
vt 0.750000 0.892308
vt 0.875000 0.892308
vt 1.000000 0.892308
vt 0.000000 0.900000
vt 0.125000 0.900000
vt 0.250000 0.900000
vt 0.375000 0.900000
vt 0.500000 0.900000
vt 0.625000 0.900000
vt 0.750000 0.900000
vt 0.875000 0.900000
vt 1.000000 0.900000
vt 0.000000 0.907692
vt 0.125000 0.907692
vt 0.250000 0.907692
vt 0.375000 0.907692
vt 0.500000 0.907692
vt 0.625000 0.907692
vt 0.750000 0.907692
vt 0.875000 0.907692
vt 1.000000 0.907692
vt 0.000000 0.915385
vt 0.125000 0.915385
vt 0.250000 0.915385
vt 0.375000 0.915385
vt 0.500000 0.915385
vt 0.625000 0.915385
vt 0.750000 0.915385
vt 0.875000 0.915385
vt 1.000000 0.915385
vt 0.000000 0.923077
vt 0.125000 0.923077
vt 0.250000 0.923077
vt 0.375000 0.923077
vt 0.500000 0.923077
vt 0.625000 0.923077
vt 0.750000 0.923077
vt 0.875000 0.923077
vt 1.000000 0.923077
vt 0.000000 0.930769
vt 0.125000 0.930769
vt 0.250000 0.930769
vt 0.375000 0.930769
vt 0.500000 0.930769
vt 0.625000 0.930769
vt 0.750000 0.930769
vt 0.875000 0.930769
vt 1.000000 0.930769
vt 0.000000 0.938462
vt 0.125000 0.938462
vt 0.250000 0.938462
vt 0.375000 0.938462
vt 0.500000 0.938462
vt 0.625000 0.938462
vt 0.750000 0.938462
vt 0.875000 0.938462
vt 1.000000 0.938462
vt 0.000000 0.946154
vt 0.125000 0.946154
vt 0.250000 0.946154
vt 0.375000 0.946154
vt 0.500000 0.946154
vt 0.625000 0.946154
vt 0.750000 0.946154
vt 0.875000 0.946154
vt 1.000000 0.946154
vt 0.000000 0.953846
vt 0.125000 0.953846
vt 0.250000 0.953846
vt 0.375000 0.953846
vt 0.500000 0.953846
vt 0.625000 0.953846
vt 0.750000 0.953846
vt 0.875000 0.953846
vt 1.000000 0.953846
vt 0.000000 0.961538
vt 0.125000 0.961538
vt 0.250000 0.961538
vt 0.375000 0.961538
vt 0.500000 0.961538
vt 0.625000 0.961538
vt 0.750000 0.961538
vt 0.875000 0.961538
vt 1.000000 0.961538
vt 0.000000 0.969231
vt 0.125000 0.969231
vt 0.250000 0.969231
vt 0.375000 0.969231
vt 0.500000 0.969231
vt 0.625000 0.969231
vt 0.750000 0.969231
vt 0.875000 0.969231
vt 1.000000 0.969231
vt 0.000000 0.976923
vt 0.125000 0.976923
vt 0.250000 0.976923
vt 0.375000 0.976923
vt 0.500000 0.976923
vt 0.625000 0.976923
vt 0.750000 0.976923
vt 0.875000 0.976923
vt 1.000000 0.976923
vt 0.000000 0.984615
vt 0.125000 0.984615
vt 0.250000 0.984615
vt 0.375000 0.984615
vt 0.500000 0.984615
vt 0.625000 0.984615
vt 0.750000 0.984615
vt 0.875000 0.984615
vt 1.000000 0.984615
vt 0.000000 0.992308
vt 0.125000 0.992308
vt 0.250000 0.992308
vt 0.375000 0.992308
vt 0.500000 0.992308
vt 0.625000 0.992308
vt 0.750000 0.992308
vt 0.875000 0.992308
vt 1.000000 0.992308
vt 0.000000 1.000000
vt 0.125000 1.000000
vt 0.250000 1.000000
vt 0.375000 1.000000
vt 0.500000 1.000000
vt 0.625000 1.000000
vt 0.750000 1.000000
vt 0.875000 1.000000
vt 1.000000 1.000000
vt 0.000000 0.000000
vt 0.125000 0.000000
vt 0.250000 0.000000
vt 0.375000 0.000000
vt 0.500000 0.000000
vt 0.625000 0.000000
vt 0.750000 0.000000
vt 0.875000 0.000000
vt 1.000000 0.000000
vt 0.000000 0.007692
vt 0.125000 0.007692
vt 0.250000 0.007692
vt 0.375000 0.007692
vt 0.500000 0.007692
vt 0.625000 0.007692
vt 0.750000 0.007692
vt 0.875000 0.007692
vt 1.000000 0.007692
vt 0.000000 0.015385
vt 0.125000 0.015385
vt 0.250000 0.015385
vt 0.375000 0.015385
vt 0.500000 0.015385
vt 0.625000 0.015385
vt 0.750000 0.015385
vt 0.875000 0.015385
vt 1.000000 0.015385
vt 0.000000 0.023077
vt 0.125000 0.023077
vt 0.250000 0.023077
vt 0.375000 0.023077
vt 0.500000 0.023077
vt 0.625000 0.023077
vt 0.750000 0.023077
vt 0.875000 0.023077
vt 1.000000 0.023077
vt 0.000000 0.030769
vt 0.125000 0.030769
vt 0.250000 0.030769
vt 0.375000 0.030769
vt 0.500000 0.030769
vt 0.625000 0.030769
vt 0.750000 0.030769
vt 0.875000 0.030769
vt 1.000000 0.030769
vt 0.000000 0.038462
vt 0.125000 0.038462
vt 0.250000 0.038462
vt 0.375000 0.038462
vt 0.500000 0.038462
vt 0.625000 0.038462
vt 0.750000 0.038462
vt 0.875000 0.038462
vt 1.000000 0.038462
vt 0.000000 0.046154
vt 0.125000 0.046154
vt 0.250000 0.046154
vt 0.375000 0.046154
vt 0.500000 0.046154
vt 0.625000 0.046154
vt 0.750000 0.046154
vt 0.875000 0.046154
vt 1.000000 0.046154
vt 0.000000 0.053846
vt 0.125000 0.053846
vt 0.250000 0.053846
vt 0.375000 0.053846
vt 0.500000 0.053846
vt 0.625000 0.053846
vt 0.750000 0.053846
vt 0.875000 0.053846
vt 1.000000 0.053846
vt 0.000000 0.061538
vt 0.125000 0.061538
vt 0.250000 0.061538
vt 0.375000 0.061538
vt 0.500000 0.061538
vt 0.625000 0.061538
vt 0.750000 0.061538
vt 0.875000 0.061538
vt 1.000000 0.061538
vt 0.000000 0.069231
vt 0.125000 0.069231
vt 0.250000 0.069231
vt 0.375000 0.069231
vt 0.500000 0.069231
vt 0.625000 0.069231
vt 0.750000 0.069231
vt 0.875000 0.069231
vt 1.000000 0.069231
vt 0.000000 0.076923
vt 0.125000 0.076923
vt 0.250000 0.076923
vt 0.375000 0.076923
vt 0.500000 0.076923
vt 0.625000 0.076923
vt 0.750000 0.076923
vt 0.875000 0.076923
vt 1.000000 0.076923
vt 0.000000 0.084615
vt 0.125000 0.084615
vt 0.250000 0.084615
vt 0.375000 0.084615
vt 0.500000 0.084615
vt 0.625000 0.084615
vt 0.750000 0.084615
vt 0.875000 0.084615
vt 1.000000 0.084615
vt 0.000000 0.092308
vt 0.125000 0.092308
vt 0.250000 0.092308
vt 0.375000 0.092308
vt 0.500000 0.092308
vt 0.625000 0.092308
vt 0.750000 0.092308
vt 0.875000 0.092308
vt 1.000000 0.092308
vt 0.000000 0.100000
vt 0.125000 0.100000
vt 0.250000 0.100000
vt 0.375000 0.100000
vt 0.500000 0.100000
vt 0.625000 0.100000
vt 0.750000 0.100000
vt 0.875000 0.100000
vt 1.000000 0.100000
vt 0.000000 0.107692
vt 0.125000 0.107692
vt 0.250000 0.107692
vt 0.375000 0.107692
vt 0.500000 0.107692
vt 0.625000 0.107692
vt 0.750000 0.107692
vt 0.875000 0.107692
vt 1.000000 0.107692
vt 0.000000 0.115385
vt 0.125000 0.115385
vt 0.250000 0.115385
vt 0.375000 0.115385
vt 0.500000 0.115385
vt 0.625000 0.115385
vt 0.750000 0.115385
vt 0.875000 0.115385
vt 1.000000 0.115385
vt 0.000000 0.123077
vt 0.125000 0.123077
vt 0.250000 0.123077
vt 0.375000 0.123077
vt 0.500000 0.123077
vt 0.625000 0.123077
vt 0.750000 0.123077
vt 0.875000 0.123077
vt 1.000000 0.123077
vt 0.000000 0.130769
vt 0.125000 0.130769
vt 0.250000 0.130769
vt 0.375000 0.130769
vt 0.500000 0.130769
vt 0.625000 0.130769
vt 0.750000 0.130769
vt 0.875000 0.130769
vt 1.000000 0.130769
vt 0.000000 0.138462
vt 0.125000 0.138462
vt 0.250000 0.138462
vt 0.375000 0.138462
vt 0.500000 0.138462
vt 0.625000 0.138462
vt 0.750000 0.138462
vt 0.875000 0.138462
vt 1.000000 0.138462
vt 0.000000 0.146154
vt 0.125000 0.146154
vt 0.250000 0.146154
vt 0.375000 0.146154
vt 0.500000 0.146154
vt 0.625000 0.146154
vt 0.750000 0.146154
vt 0.875000 0.146154
vt 1.000000 0.146154
vt 0.000000 0.153846
vt 0.125000 0.153846
vt 0.250000 0.153846
vt 0.375000 0.153846
vt 0.500000 0.153846
vt 0.625000 0.153846
vt 0.750000 0.153846
vt 0.875000 0.153846
vt 1.000000 0.153846
vt 0.000000 0.161538
vt 0.125000 0.161538
vt 0.250000 0.161538
vt 0.375000 0.161538
vt 0.500000 0.161538
vt 0.625000 0.161538
vt 0.750000 0.161538
vt 0.875000 0.161538
vt 1.000000 0.161538
vt 0.000000 0.169231
vt 0.125000 0.169231
vt 0.250000 0.169231
vt 0.375000 0.169231
vt 0.500000 0.169231
vt 0.625000 0.169231
vt 0.750000 0.169231
vt 0.875000 0.169231
vt 1.000000 0.169231
vt 0.000000 0.176923
vt 0.125000 0.176923
vt 0.250000 0.176923
vt 0.375000 0.176923
vt 0.500000 0.176923
vt 0.625000 0.176923
vt 0.750000 0.176923
vt 0.875000 0.176923
vt 1.000000 0.176923
vt 0.000000 0.184615
vt 0.125000 0.184615
vt 0.250000 0.184615
vt 0.375000 0.184615
vt 0.500000 0.184615
vt 0.625000 0.184615
vt 0.750000 0.184615
vt 0.875000 0.184615
vt 1.000000 0.184615
vt 0.000000 0.192308
vt 0.125000 0.192308
vt 0.250000 0.192308
vt 0.375000 0.192308
vt 0.500000 0.192308
vt 0.625000 0.192308
vt 0.750000 0.192308
vt 0.875000 0.192308
vt 1.000000 0.192308
vt 0.000000 0.200000
vt 0.125000 0.200000
vt 0.250000 0.200000
vt 0.375000 0.200000
vt 0.500000 0.200000
vt 0.625000 0.200000
vt 0.750000 0.200000
vt 0.875000 0.200000
vt 1.000000 0.200000
vt 0.000000 0.207692
vt 0.125000 0.207692
vt 0.250000 0.207692
vt 0.375000 0.207692
vt 0.500000 0.207692
vt 0.625000 0.207692
vt 0.750000 0.207692
vt 0.875000 0.207692
vt 1.000000 0.207692
vt 0.000000 0.215385
vt 0.125000 0.215385
vt 0.250000 0.215385
vt 0.375000 0.215385
vt 0.500000 0.215385
vt 0.625000 0.215385
vt 0.750000 0.215385
vt 0.875000 0.215385
vt 1.000000 0.215385
vt 0.000000 0.223077
vt 0.125000 0.223077
vt 0.250000 0.223077
vt 0.375000 0.223077
vt 0.500000 0.223077
vt 0.625000 0.223077
vt 0.750000 0.223077
vt 0.875000 0.223077
vt 1.000000 0.223077
vt 0.000000 0.230769
vt 0.125000 0.230769
vt 0.250000 0.230769
vt 0.375000 0.230769
vt 0.500000 0.230769
vt 0.625000 0.230769
vt 0.750000 0.230769
vt 0.875000 0.230769
vt 1.000000 0.230769
vt 0.000000 0.238462
vt 0.125000 0.238462
vt 0.250000 0.238462
vt 0.375000 0.238462
vt 0.500000 0.238462
vt 0.625000 0.238462
vt 0.750000 0.238462
vt 0.875000 0.238462
vt 1.000000 0.238462
vt 0.000000 0.246154
vt 0.125000 0.246154
vt 0.250000 0.246154
vt 0.375000 0.246154
vt 0.500000 0.246154
vt 0.625000 0.246154
vt 0.750000 0.246154
vt 0.875000 0.246154
vt 1.000000 0.246154
vt 0.000000 0.253846
vt 0.125000 0.253846
vt 0.250000 0.253846
vt 0.375000 0.253846
vt 0.500000 0.253846
vt 0.625000 0.253846
vt 0.750000 0.253846
vt 0.875000 0.253846
vt 1.000000 0.253846
vt 0.000000 0.261538
vt 0.125000 0.261538
vt 0.250000 0.261538
vt 0.375000 0.261538
vt 0.500000 0.261538
vt 0.625000 0.261538
vt 0.750000 0.261538
vt 0.875000 0.261538
vt 1.000000 0.261538
vt 0.000000 0.269231
vt 0.125000 0.269231
vt 0.250000 0.269231
vt 0.375000 0.269231
vt 0.500000 0.269231
vt 0.625000 0.269231
vt 0.750000 0.269231
vt 0.875000 0.269231
vt 1.000000 0.269231
vt 0.000000 0.276923
vt 0.125000 0.276923
vt 0.250000 0.276923
vt 0.375000 0.276923
vt 0.500000 0.276923
vt 0.625000 0.276923
vt 0.750000 0.276923
vt 0.875000 0.276923
vt 1.000000 0.276923
vt 0.000000 0.284615
vt 0.125000 0.284615
vt 0.250000 0.284615
vt 0.375000 0.284615
vt 0.500000 0.284615
vt 0.625000 0.284615
vt 0.750000 0.284615
vt 0.875000 0.284615
vt 1.000000 0.284615
vt 0.000000 0.292308
vt 0.125000 0.292308
vt 0.250000 0.292308
vt 0.375000 0.292308
vt 0.500000 0.292308
vt 0.625000 0.292308
vt 0.750000 0.292308
vt 0.875000 0.292308
vt 1.000000 0.292308
vt 0.000000 0.300000
vt 0.125000 0.300000
vt 0.250000 0.300000
vt 0.375000 0.300000
vt 0.500000 0.300000
vt 0.625000 0.300000
vt 0.750000 0.300000
vt 0.875000 0.300000
vt 1.000000 0.300000
vt 0.000000 0.307692
vt 0.125000 0.307692
vt 0.250000 0.307692
vt 0.375000 0.307692
vt 0.500000 0.307692
vt 0.625000 0.307692
vt 0.750000 0.307692
vt 0.875000 0.307692
vt 1.000000 0.307692
vt 0.000000 0.315385
vt 0.125000 0.315385
vt 0.250000 0.315385
vt 0.375000 0.315385
vt 0.500000 0.315385
vt 0.625000 0.315385
vt 0.750000 0.315385
vt 0.875000 0.315385
vt 1.000000 0.315385
vt 0.000000 0.323077
vt 0.125000 0.323077
vt 0.250000 0.323077
vt 0.375000 0.323077
vt 0.500000 0.323077
vt 0.625000 0.323077
vt 0.750000 0.323077
vt 0.875000 0.323077
vt 1.000000 0.323077
vt 0.000000 0.330769
vt 0.125000 0.330769
vt 0.250000 0.330769
vt 0.375000 0.330769
vt 0.500000 0.330769
vt 0.625000 0.330769
vt 0.750000 0.330769
vt 0.875000 0.330769
vt 1.000000 0.330769
vt 0.000000 0.338462
vt 0.125000 0.338462
vt 0.250000 0.338462
vt 0.375000 0.338462
vt 0.500000 0.338462
vt 0.625000 0.338462
vt 0.750000 0.338462
vt 0.875000 0.338462
vt 1.000000 0.338462
vt 0.000000 0.346154
vt 0.125000 0.346154
vt 0.250000 0.346154
vt 0.375000 0.346154
vt 0.500000 0.346154
vt 0.625000 0.346154
vt 0.750000 0.346154
vt 0.875000 0.346154
vt 1.000000 0.346154
vt 0.000000 0.353846
vt 0.125000 0.353846
vt 0.250000 0.353846
vt 0.375000 0.353846
vt 0.500000 0.353846
vt 0.625000 0.353846
vt 0.750000 0.353846
vt 0.875000 0.353846
vt 1.000000 0.353846
vt 0.000000 0.361538
vt 0.125000 0.361538
vt 0.250000 0.361538
vt 0.375000 0.361538
vt 0.500000 0.361538
vt 0.625000 0.361538
vt 0.750000 0.361538
vt 0.875000 0.361538
vt 1.000000 0.361538
vt 0.000000 0.369231
vt 0.125000 0.369231
vt 0.250000 0.369231
vt 0.375000 0.369231
vt 0.500000 0.369231
vt 0.625000 0.369231
vt 0.750000 0.369231
vt 0.875000 0.369231
vt 1.000000 0.369231
vt 0.000000 0.376923
vt 0.125000 0.376923
vt 0.250000 0.376923
vt 0.375000 0.376923
vt 0.500000 0.376923
vt 0.625000 0.376923
vt 0.750000 0.376923
vt 0.875000 0.376923
vt 1.000000 0.376923
vt 0.000000 0.384615
vt 0.125000 0.384615
vt 0.250000 0.384615
vt 0.375000 0.384615
vt 0.500000 0.384615
vt 0.625000 0.384615
vt 0.750000 0.384615
vt 0.875000 0.384615
vt 1.000000 0.384615
vt 0.000000 0.392308
vt 0.125000 0.392308
vt 0.250000 0.392308
vt 0.375000 0.392308
vt 0.500000 0.392308
vt 0.625000 0.392308
vt 0.750000 0.392308
vt 0.875000 0.392308
vt 1.000000 0.392308
vt 0.000000 0.400000
vt 0.125000 0.400000
vt 0.250000 0.400000
vt 0.375000 0.400000
vt 0.500000 0.400000
vt 0.625000 0.400000
vt 0.750000 0.400000
vt 0.875000 0.400000
vt 1.000000 0.400000
vt 0.000000 0.407692
vt 0.125000 0.407692
vt 0.250000 0.407692
vt 0.375000 0.407692
vt 0.500000 0.407692
vt 0.625000 0.407692
vt 0.750000 0.407692
vt 0.875000 0.407692
vt 1.000000 0.407692
vt 0.000000 0.415385
vt 0.125000 0.415385
vt 0.250000 0.415385
vt 0.375000 0.415385
vt 0.500000 0.415385
vt 0.625000 0.415385
vt 0.750000 0.415385
vt 0.875000 0.415385
vt 1.000000 0.415385
vt 0.000000 0.423077
vt 0.125000 0.423077
vt 0.250000 0.423077
vt 0.375000 0.423077
vt 0.500000 0.423077
vt 0.625000 0.423077
vt 0.750000 0.423077
vt 0.875000 0.423077
vt 1.000000 0.423077
vt 0.000000 0.430769
vt 0.125000 0.430769
vt 0.250000 0.430769
vt 0.375000 0.430769
vt 0.500000 0.430769
vt 0.625000 0.430769
vt 0.750000 0.430769
vt 0.875000 0.430769
vt 1.000000 0.430769
vt 0.000000 0.438462
vt 0.125000 0.438462
vt 0.250000 0.438462
vt 0.375000 0.438462
vt 0.500000 0.438462
vt 0.625000 0.438462
vt 0.750000 0.438462
vt 0.875000 0.438462
vt 1.000000 0.438462
vt 0.000000 0.446154
vt 0.125000 0.446154
vt 0.250000 0.446154
vt 0.375000 0.446154
vt 0.500000 0.446154
vt 0.625000 0.446154
vt 0.750000 0.446154
vt 0.875000 0.446154
vt 1.000000 0.446154
vt 0.000000 0.453846
vt 0.125000 0.453846
vt 0.250000 0.453846
vt 0.375000 0.453846
vt 0.500000 0.453846
vt 0.625000 0.453846
vt 0.750000 0.453846
vt 0.875000 0.453846
vt 1.000000 0.453846
vt 0.000000 0.461538
vt 0.125000 0.461538
vt 0.250000 0.461538
vt 0.375000 0.461538
vt 0.500000 0.461538
vt 0.625000 0.461538
vt 0.750000 0.461538
vt 0.875000 0.461538
vt 1.000000 0.461538
vt 0.000000 0.469231
vt 0.125000 0.469231
vt 0.250000 0.469231
vt 0.375000 0.469231
vt 0.500000 0.469231
vt 0.625000 0.469231
vt 0.750000 0.469231
vt 0.875000 0.469231
vt 1.000000 0.469231
vt 0.000000 0.476923
vt 0.125000 0.476923
vt 0.250000 0.476923
vt 0.375000 0.476923
vt 0.500000 0.476923
vt 0.625000 0.476923
vt 0.750000 0.476923
vt 0.875000 0.476923
vt 1.000000 0.476923
vt 0.000000 0.484615
vt 0.125000 0.484615
vt 0.250000 0.484615
vt 0.375000 0.484615
vt 0.500000 0.484615
vt 0.625000 0.484615
vt 0.750000 0.484615
vt 0.875000 0.484615
vt 1.000000 0.484615
vt 0.000000 0.492308
vt 0.125000 0.492308
vt 0.250000 0.492308
vt 0.375000 0.492308
vt 0.500000 0.492308
vt 0.625000 0.492308
vt 0.750000 0.492308
vt 0.875000 0.492308
vt 1.000000 0.492308
vt 0.000000 0.500000
vt 0.125000 0.500000
vt 0.250000 0.500000
vt 0.375000 0.500000
vt 0.500000 0.500000
vt 0.625000 0.500000
vt 0.750000 0.500000
vt 0.875000 0.500000
vt 1.000000 0.500000
vt 0.000000 0.507692
vt 0.125000 0.507692
vt 0.250000 0.507692
vt 0.375000 0.507692
vt 0.500000 0.507692
vt 0.625000 0.507692
vt 0.750000 0.507692
vt 0.875000 0.507692
vt 1.000000 0.507692
vt 0.000000 0.515385
vt 0.125000 0.515385
vt 0.250000 0.515385
vt 0.375000 0.515385
vt 0.500000 0.515385
vt 0.625000 0.515385
vt 0.750000 0.515385
vt 0.875000 0.515385
vt 1.000000 0.515385
vt 0.000000 0.523077
vt 0.125000 0.523077
vt 0.250000 0.523077
vt 0.375000 0.523077
vt 0.500000 0.523077
vt 0.625000 0.523077
vt 0.750000 0.523077
vt 0.875000 0.523077
vt 1.000000 0.523077
vt 0.000000 0.530769
vt 0.125000 0.530769
vt 0.250000 0.530769
vt 0.375000 0.530769
vt 0.500000 0.530769
vt 0.625000 0.530769
vt 0.750000 0.530769
vt 0.875000 0.530769
vt 1.000000 0.530769
vt 0.000000 0.538462
vt 0.125000 0.538462
vt 0.250000 0.538462
vt 0.375000 0.538462
vt 0.500000 0.538462
vt 0.625000 0.538462
vt 0.750000 0.538462
vt 0.875000 0.538462
vt 1.000000 0.538462
vt 0.000000 0.546154
vt 0.125000 0.546154
vt 0.250000 0.546154
vt 0.375000 0.546154
vt 0.500000 0.546154
vt 0.625000 0.546154
vt 0.750000 0.546154
vt 0.875000 0.546154
vt 1.000000 0.546154
vt 0.000000 0.553846
vt 0.125000 0.553846
vt 0.250000 0.553846
vt 0.375000 0.553846
vt 0.500000 0.553846
vt 0.625000 0.553846
vt 0.750000 0.553846
vt 0.875000 0.553846
vt 1.000000 0.553846
vt 0.000000 0.561538
vt 0.125000 0.561538
vt 0.250000 0.561538
vt 0.375000 0.561538
vt 0.500000 0.561538
vt 0.625000 0.561538
vt 0.750000 0.561538
vt 0.875000 0.561538
vt 1.000000 0.561538
vt 0.000000 0.569231
vt 0.125000 0.569231
vt 0.250000 0.569231
vt 0.375000 0.569231
vt 0.500000 0.569231
vt 0.625000 0.569231
vt 0.750000 0.569231
vt 0.875000 0.569231
vt 1.000000 0.569231
vt 0.000000 0.576923
vt 0.125000 0.576923
vt 0.250000 0.576923
vt 0.375000 0.576923
vt 0.500000 0.576923
vt 0.625000 0.576923
vt 0.750000 0.576923
vt 0.875000 0.576923
vt 1.000000 0.576923
vt 0.000000 0.584615
vt 0.125000 0.584615
vt 0.250000 0.584615
vt 0.375000 0.584615
vt 0.500000 0.584615
vt 0.625000 0.584615
vt 0.750000 0.584615
vt 0.875000 0.584615
vt 1.000000 0.584615
vt 0.000000 0.592308
vt 0.125000 0.592308
vt 0.250000 0.592308
vt 0.375000 0.592308
vt 0.500000 0.592308
vt 0.625000 0.592308
vt 0.750000 0.592308
vt 0.875000 0.592308
vt 1.000000 0.592308
vt 0.000000 0.600000
vt 0.125000 0.600000
vt 0.250000 0.600000
vt 0.375000 0.600000
vt 0.500000 0.600000
vt 0.625000 0.600000
vt 0.750000 0.600000
vt 0.875000 0.600000
vt 1.000000 0.600000
vt 0.000000 0.607692
vt 0.125000 0.607692
vt 0.250000 0.607692
vt 0.375000 0.607692
vt 0.500000 0.607692
vt 0.625000 0.607692
vt 0.750000 0.607692
vt 0.875000 0.607692
vt 1.000000 0.607692
vt 0.000000 0.615385
vt 0.125000 0.615385
vt 0.250000 0.615385
vt 0.375000 0.615385
vt 0.500000 0.615385
vt 0.625000 0.615385
vt 0.750000 0.615385
vt 0.875000 0.615385
vt 1.000000 0.615385
vt 0.000000 0.623077
vt 0.125000 0.623077
vt 0.250000 0.623077
vt 0.375000 0.623077
vt 0.500000 0.623077
vt 0.625000 0.623077
vt 0.750000 0.623077
vt 0.875000 0.623077
vt 1.000000 0.623077
vt 0.000000 0.630769
vt 0.125000 0.630769
vt 0.250000 0.630769
vt 0.375000 0.630769
vt 0.500000 0.630769
vt 0.625000 0.630769
vt 0.750000 0.630769
vt 0.875000 0.630769
vt 1.000000 0.630769
vt 0.000000 0.638462
vt 0.125000 0.638462
vt 0.250000 0.638462
vt 0.375000 0.638462
vt 0.500000 0.638462
vt 0.625000 0.638462
vt 0.750000 0.638462
vt 0.875000 0.638462
vt 1.000000 0.638462
vt 0.000000 0.646154
vt 0.125000 0.646154
vt 0.250000 0.646154
vt 0.375000 0.646154
vt 0.500000 0.646154
vt 0.625000 0.646154
vt 0.750000 0.646154
vt 0.875000 0.646154
vt 1.000000 0.646154
vt 0.000000 0.653846
vt 0.125000 0.653846
vt 0.250000 0.653846
vt 0.375000 0.653846
vt 0.500000 0.653846
vt 0.625000 0.653846
vt 0.750000 0.653846
vt 0.875000 0.653846
vt 1.000000 0.653846
vt 0.000000 0.661538
vt 0.125000 0.661538
vt 0.250000 0.661538
vt 0.375000 0.661538
vt 0.500000 0.661538
vt 0.625000 0.661538
vt 0.750000 0.661538
vt 0.875000 0.661538
vt 1.000000 0.661538
vt 0.000000 0.669231
vt 0.125000 0.669231
vt 0.250000 0.669231
vt 0.375000 0.669231
vt 0.500000 0.669231
vt 0.625000 0.669231
vt 0.750000 0.669231
vt 0.875000 0.669231
vt 1.000000 0.669231
vt 0.000000 0.676923
vt 0.125000 0.676923
vt 0.250000 0.676923
vt 0.375000 0.676923
vt 0.500000 0.676923
vt 0.625000 0.676923
vt 0.750000 0.676923
vt 0.875000 0.676923
vt 1.000000 0.676923
vt 0.000000 0.684615
vt 0.125000 0.684615
vt 0.250000 0.684615
vt 0.375000 0.684615
vt 0.500000 0.684615
vt 0.625000 0.684615
vt 0.750000 0.684615
vt 0.875000 0.684615
vt 1.000000 0.684615
vt 0.000000 0.692308
vt 0.125000 0.692308
vt 0.250000 0.692308
vt 0.375000 0.692308
vt 0.500000 0.692308
vt 0.625000 0.692308
vt 0.750000 0.692308
vt 0.875000 0.692308
vt 1.000000 0.692308
vt 0.000000 0.700000
vt 0.125000 0.700000
vt 0.250000 0.700000
vt 0.375000 0.700000
vt 0.500000 0.700000
vt 0.625000 0.700000
vt 0.750000 0.700000
vt 0.875000 0.700000
vt 1.000000 0.700000
vt 0.000000 0.707692
vt 0.125000 0.707692
vt 0.250000 0.707692
vt 0.375000 0.707692
vt 0.500000 0.707692
vt 0.625000 0.707692
vt 0.750000 0.707692
vt 0.875000 0.707692
vt 1.000000 0.707692
vt 0.000000 0.715385
vt 0.125000 0.715385
vt 0.250000 0.715385
vt 0.375000 0.715385
vt 0.500000 0.715385
vt 0.625000 0.715385
vt 0.750000 0.715385
vt 0.875000 0.715385
vt 1.000000 0.715385
vt 0.000000 0.723077
vt 0.125000 0.723077
vt 0.250000 0.723077
vt 0.375000 0.723077
vt 0.500000 0.723077
vt 0.625000 0.723077
vt 0.750000 0.723077
vt 0.875000 0.723077
vt 1.000000 0.723077
vt 0.000000 0.730769
vt 0.125000 0.730769
vt 0.250000 0.730769
vt 0.375000 0.730769
vt 0.500000 0.730769
vt 0.625000 0.730769
vt 0.750000 0.730769
vt 0.875000 0.730769
vt 1.000000 0.730769
vt 0.000000 0.738462
vt 0.125000 0.738462
vt 0.250000 0.738462
vt 0.375000 0.738462
vt 0.500000 0.738462
vt 0.625000 0.738462
vt 0.750000 0.738462
vt 0.875000 0.738462
vt 1.000000 0.738462
vt 0.000000 0.746154
vt 0.125000 0.746154
vt 0.250000 0.746154
vt 0.375000 0.746154
vt 0.500000 0.746154
vt 0.625000 0.746154
vt 0.750000 0.746154
vt 0.875000 0.746154
vt 1.000000 0.746154
vt 0.000000 0.753846
vt 0.125000 0.753846
vt 0.250000 0.753846
vt 0.375000 0.753846
vt 0.500000 0.753846
vt 0.625000 0.753846
vt 0.750000 0.753846
vt 0.875000 0.753846
vt 1.000000 0.753846
vt 0.000000 0.761538
vt 0.125000 0.761538
vt 0.250000 0.761538
vt 0.375000 0.761538
vt 0.500000 0.761538
vt 0.625000 0.761538
vt 0.750000 0.761538
vt 0.875000 0.761538
vt 1.000000 0.761538
vt 0.000000 0.769231
vt 0.125000 0.769231
vt 0.250000 0.769231
vt 0.375000 0.769231
vt 0.500000 0.769231
vt 0.625000 0.769231
vt 0.750000 0.769231
vt 0.875000 0.769231
vt 1.000000 0.769231
vt 0.000000 0.776923
vt 0.125000 0.776923
vt 0.250000 0.776923
vt 0.375000 0.776923
vt 0.500000 0.776923
vt 0.625000 0.776923
vt 0.750000 0.776923
vt 0.875000 0.776923
vt 1.000000 0.776923
vt 0.000000 0.784615
vt 0.125000 0.784615
vt 0.250000 0.784615
vt 0.375000 0.784615
vt 0.500000 0.784615
vt 0.625000 0.784615
vt 0.750000 0.784615
vt 0.875000 0.784615
vt 1.000000 0.784615
vt 0.000000 0.792308
vt 0.125000 0.792308
vt 0.250000 0.792308
vt 0.375000 0.792308
vt 0.500000 0.792308
vt 0.625000 0.792308
vt 0.750000 0.792308
vt 0.875000 0.792308
vt 1.000000 0.792308
vt 0.000000 0.800000
vt 0.125000 0.800000
vt 0.250000 0.800000
vt 0.375000 0.800000
vt 0.500000 0.800000
vt 0.625000 0.800000
vt 0.750000 0.800000
vt 0.875000 0.800000
vt 1.000000 0.800000
vt 0.000000 0.807692
vt 0.125000 0.807692
vt 0.250000 0.807692
vt 0.375000 0.807692
vt 0.500000 0.807692
vt 0.625000 0.807692
vt 0.750000 0.807692
vt 0.875000 0.807692
vt 1.000000 0.807692
vt 0.000000 0.815385
vt 0.125000 0.815385
vt 0.250000 0.815385
vt 0.375000 0.815385
vt 0.500000 0.815385
vt 0.625000 0.815385
vt 0.750000 0.815385
vt 0.875000 0.815385
vt 1.000000 0.815385
vt 0.000000 0.823077
vt 0.125000 0.823077
vt 0.250000 0.823077
vt 0.375000 0.823077
vt 0.500000 0.823077
vt 0.625000 0.823077
vt 0.750000 0.823077
vt 0.875000 0.823077
vt 1.000000 0.823077
vt 0.000000 0.830769
vt 0.125000 0.830769
vt 0.250000 0.830769
vt 0.375000 0.830769
vt 0.500000 0.830769
vt 0.625000 0.830769
vt 0.750000 0.830769
vt 0.875000 0.830769
vt 1.000000 0.830769
vt 0.000000 0.838462
vt 0.125000 0.838462
vt 0.250000 0.838462
vt 0.375000 0.838462
vt 0.500000 0.838462
vt 0.625000 0.838462
vt 0.750000 0.838462
vt 0.875000 0.838462
vt 1.000000 0.838462
vt 0.000000 0.846154
vt 0.125000 0.846154
vt 0.250000 0.846154
vt 0.375000 0.846154
vt 0.500000 0.846154
vt 0.625000 0.846154
vt 0.750000 0.846154
vt 0.875000 0.846154
vt 1.000000 0.846154
vt 0.000000 0.853846
vt 0.125000 0.853846
vt 0.250000 0.853846
vt 0.375000 0.853846
vt 0.500000 0.853846
vt 0.625000 0.853846
vt 0.750000 0.853846
vt 0.875000 0.853846
vt 1.000000 0.853846
vt 0.000000 0.861538
vt 0.125000 0.861538
vt 0.250000 0.861538
vt 0.375000 0.861538
vt 0.500000 0.861538
vt 0.625000 0.861538
vt 0.750000 0.861538
vt 0.875000 0.861538
vt 1.000000 0.861538
vt 0.000000 0.869231
vt 0.125000 0.869231
vt 0.250000 0.869231
vt 0.375000 0.869231
vt 0.500000 0.869231
vt 0.625000 0.869231
vt 0.750000 0.869231
vt 0.875000 0.869231
vt 1.000000 0.869231
vt 0.000000 0.876923
vt 0.125000 0.876923
vt 0.250000 0.876923
vt 0.375000 0.876923
vt 0.500000 0.876923
vt 0.625000 0.876923
vt 0.750000 0.876923
vt 0.875000 0.876923
vt 1.000000 0.876923
vt 0.000000 0.884615
vt 0.125000 0.884615
vt 0.250000 0.884615
vt 0.375000 0.884615
vt 0.500000 0.884615
vt 0.625000 0.884615
vt 0.750000 0.884615
vt 0.875000 0.884615
vt 1.000000 0.884615
vt 0.000000 0.892308
vt 0.125000 0.892308
vt 0.250000 0.892308
vt 0.375000 0.892308
vt 0.500000 0.892308
vt 0.625000 0.892308
vt 0.750000 0.892308
vt 0.875000 0.892308
vt 1.000000 0.892308
vt 0.000000 0.900000
vt 0.125000 0.900000
vt 0.250000 0.900000
vt 0.375000 0.900000
vt 0.500000 0.900000
vt 0.625000 0.900000
vt 0.750000 0.900000
vt 0.875000 0.900000
vt 1.000000 0.900000
vt 0.000000 0.907692
vt 0.125000 0.907692
vt 0.250000 0.907692
vt 0.375000 0.907692
vt 0.500000 0.907692
vt 0.625000 0.907692
vt 0.750000 0.907692
vt 0.875000 0.907692
vt 1.000000 0.907692
vt 0.000000 0.915385
vt 0.125000 0.915385
vt 0.250000 0.915385
vt 0.375000 0.915385
vt 0.500000 0.915385
vt 0.625000 0.915385
vt 0.750000 0.915385
vt 0.875000 0.915385
vt 1.000000 0.915385
vt 0.000000 0.923077
vt 0.125000 0.923077
vt 0.250000 0.923077
vt 0.375000 0.923077
vt 0.500000 0.923077
vt 0.625000 0.923077
vt 0.750000 0.923077
vt 0.875000 0.923077
vt 1.000000 0.923077
vt 0.000000 0.930769
vt 0.125000 0.930769
vt 0.250000 0.930769
vt 0.375000 0.930769
vt 0.500000 0.930769
vt 0.625000 0.930769
vt 0.750000 0.930769
vt 0.875000 0.930769
vt 1.000000 0.930769
vt 0.000000 0.938462
vt 0.125000 0.938462
vt 0.250000 0.938462
vt 0.375000 0.938462
vt 0.500000 0.938462
vt 0.625000 0.938462
vt 0.750000 0.938462
vt 0.875000 0.938462
vt 1.000000 0.938462
vt 0.000000 0.946154
vt 0.125000 0.946154
vt 0.250000 0.946154
vt 0.375000 0.946154
vt 0.500000 0.946154
vt 0.625000 0.946154
vt 0.750000 0.946154
vt 0.875000 0.946154
vt 1.000000 0.946154
vt 0.000000 0.953846
vt 0.125000 0.953846
vt 0.250000 0.953846
vt 0.375000 0.953846
vt 0.500000 0.953846
vt 0.625000 0.953846
vt 0.750000 0.953846
vt 0.875000 0.953846
vt 1.000000 0.953846
vt 0.000000 0.961538
vt 0.125000 0.961538
vt 0.250000 0.961538
vt 0.375000 0.961538
vt 0.500000 0.961538
vt 0.625000 0.961538
vt 0.750000 0.961538
vt 0.875000 0.961538
vt 1.000000 0.961538
vt 0.000000 0.969231
vt 0.125000 0.969231
vt 0.250000 0.969231
vt 0.375000 0.969231
vt 0.500000 0.969231
vt 0.625000 0.969231
vt 0.750000 0.969231
vt 0.875000 0.969231
vt 1.000000 0.969231
vt 0.000000 0.976923
vt 0.125000 0.976923
vt 0.250000 0.976923
vt 0.375000 0.976923
vt 0.500000 0.976923
vt 0.625000 0.976923
vt 0.750000 0.976923
vt 0.875000 0.976923
vt 1.000000 0.976923
vt 0.000000 0.984615
vt 0.125000 0.984615
vt 0.250000 0.984615
vt 0.375000 0.984615
vt 0.500000 0.984615
vt 0.625000 0.984615
vt 0.750000 0.984615
vt 0.875000 0.984615
vt 1.000000 0.984615
vt 0.000000 0.992308
vt 0.125000 0.992308
vt 0.250000 0.992308
vt 0.375000 0.992308
vt 0.500000 0.992308
vt 0.625000 0.992308
vt 0.750000 0.992308
vt 0.875000 0.992308
vt 1.000000 0.992308
vt 0.000000 1.000000
vt 0.125000 1.000000
vt 0.250000 1.000000
vt 0.375000 1.000000
vt 0.500000 1.000000
vt 0.625000 1.000000
vt 0.750000 1.000000
vt 0.875000 1.000000
vt 1.000000 1.000000
usemtl causality_yin
s off
f 1/1 2/2 11/11
f 1/1 11/11 10/10
f 2/2 3/3 12/12
f 2/2 12/12 11/11
f 3/3 4/4 13/13
f 3/3 13/13 12/12
f 4/4 5/5 14/14
f 4/4 14/14 13/13
f 5/5 6/6 15/15
f 5/5 15/15 14/14
f 6/6 7/7 16/16
f 6/6 16/16 15/15
f 7/7 8/8 17/17
f 7/7 17/17 16/16
f 8/8 9/9 18/18
f 8/8 18/18 17/17
f 10/10 11/11 20/20
f 10/10 20/20 19/19
f 11/11 12/12 21/21
f 11/11 21/21 20/20
f 12/12 13/13 22/22
f 12/12 22/22 21/21
f 13/13 14/14 23/23
f 13/13 23/23 22/22
f 14/14 15/15 24/24
f 14/14 24/24 23/23
f 15/15 16/16 25/25
f 15/15 25/25 24/24
f 16/16 17/17 26/26
f 16/16 26/26 25/25
f 17/17 18/18 27/27
f 17/17 27/27 26/26
f 19/19 20/20 29/29
f 19/19 29/29 28/28
f 20/20 21/21 30/30
f 20/20 30/30 29/29
f 21/21 22/22 31/31
f 21/21 31/31 30/30
f 22/22 23/23 32/32
f 22/22 32/32 31/31
f 23/23 24/24 33/33
f 23/23 33/33 32/32
f 24/24 25/25 34/34
f 24/24 34/34 33/33
f 25/25 26/26 35/35
f 25/25 35/35 34/34
f 26/26 27/27 36/36
f 26/26 36/36 35/35
f 28/28 29/29 38/38
f 28/28 38/38 37/37
f 29/29 30/30 39/39
f 29/29 39/39 38/38
f 30/30 31/31 40/40
f 30/30 40/40 39/39
f 31/31 32/32 41/41
f 31/31 41/41 40/40
f 32/32 33/33 42/42
f 32/32 42/42 41/41
f 33/33 34/34 43/43
f 33/33 43/43 42/42
f 34/34 35/35 44/44
f 34/34 44/44 43/43
f 35/35 36/36 45/45
f 35/35 45/45 44/44
f 37/37 38/38 47/47
f 37/37 47/47 46/46
f 38/38 39/39 48/48
f 38/38 48/48 47/47
f 39/39 40/40 49/49
f 39/39 49/49 48/48
f 40/40 41/41 50/50
f 40/40 50/50 49/49
f 41/41 42/42 51/51
f 41/41 51/51 50/50
f 42/42 43/43 52/52
f 42/42 52/52 51/51
f 43/43 44/44 53/53
f 43/43 53/53 52/52
f 44/44 45/45 54/54
f 44/44 54/54 53/53
f 46/46 47/47 56/56
f 46/46 56/56 55/55
f 47/47 48/48 57/57
f 47/47 57/57 56/56
f 48/48 49/49 58/58
f 48/48 58/58 57/57
f 49/49 50/50 59/59
f 49/49 59/59 58/58
f 50/50 51/51 60/60
f 50/50 60/60 59/59
f 51/51 52/52 61/61
f 51/51 61/61 60/60
f 52/52 53/53 62/62
f 52/52 62/62 61/61
f 53/53 54/54 63/63
f 53/53 63/63 62/62
f 55/55 56/56 65/65
f 55/55 65/65 64/64
f 56/56 57/57 66/66
f 56/56 66/66 65/65
f 57/57 58/58 67/67
f 57/57 67/67 66/66
f 58/58 59/59 68/68
f 58/58 68/68 67/67
f 59/59 60/60 69/69
f 59/59 69/69 68/68
f 60/60 61/61 70/70
f 60/60 70/70 69/69
f 61/61 62/62 71/71
f 61/61 71/71 70/70
f 62/62 63/63 72/72
f 62/62 72/72 71/71
f 64/64 65/65 74/74
f 64/64 74/74 73/73
f 65/65 66/66 75/75
f 65/65 75/75 74/74
f 66/66 67/67 76/76
f 66/66 76/76 75/75
f 67/67 68/68 77/77
f 67/67 77/77 76/76
f 68/68 69/69 78/78
f 68/68 78/78 77/77
f 69/69 70/70 79/79
f 69/69 79/79 78/78
f 70/70 71/71 80/80
f 70/70 80/80 79/79
f 71/71 72/72 81/81
f 71/71 81/81 80/80
f 73/73 74/74 83/83
f 73/73 83/83 82/82
f 74/74 75/75 84/84
f 74/74 84/84 83/83
f 75/75 76/76 85/85
f 75/75 85/85 84/84
f 76/76 77/77 86/86
f 76/76 86/86 85/85
f 77/77 78/78 87/87
f 77/77 87/87 86/86
f 78/78 79/79 88/88
f 78/78 88/88 87/87
f 79/79 80/80 89/89
f 79/79 89/89 88/88
f 80/80 81/81 90/90
f 80/80 90/90 89/89
f 82/82 83/83 92/92
f 82/82 92/92 91/91
f 83/83 84/84 93/93
f 83/83 93/93 92/92
f 84/84 85/85 94/94
f 84/84 94/94 93/93
f 85/85 86/86 95/95
f 85/85 95/95 94/94
f 86/86 87/87 96/96
f 86/86 96/96 95/95
f 87/87 88/88 97/97
f 87/87 97/97 96/96
f 88/88 89/89 98/98
f 88/88 98/98 97/97
f 89/89 90/90 99/99
f 89/89 99/99 98/98
f 91/91 92/92 101/101
f 91/91 101/101 100/100
f 92/92 93/93 102/102
f 92/92 102/102 101/101
f 93/93 94/94 103/103
f 93/93 103/103 102/102
f 94/94 95/95 104/104
f 94/94 104/104 103/103
f 95/95 96/96 105/105
f 95/95 105/105 104/104
f 96/96 97/97 106/106
f 96/96 106/106 105/105
f 97/97 98/98 107/107
f 97/97 107/107 106/106
f 98/98 99/99 108/108
f 98/98 108/108 107/107
f 100/100 101/101 110/110
f 100/100 110/110 109/109
f 101/101 102/102 111/111
f 101/101 111/111 110/110
f 102/102 103/103 112/112
f 102/102 112/112 111/111
f 103/103 104/104 113/113
f 103/103 113/113 112/112
f 104/104 105/105 114/114
f 104/104 114/114 113/113
f 105/105 106/106 115/115
f 105/105 115/115 114/114
f 106/106 107/107 116/116
f 106/106 116/116 115/115
f 107/107 108/108 117/117
f 107/107 117/117 116/116
f 109/109 110/110 119/119
f 109/109 119/119 118/118
f 110/110 111/111 120/120
f 110/110 120/120 119/119
f 111/111 112/112 121/121
f 111/111 121/121 120/120
f 112/112 113/113 122/122
f 112/112 122/122 121/121
f 113/113 114/114 123/123
f 113/113 123/123 122/122
f 114/114 115/115 124/124
f 114/114 124/124 123/123
f 115/115 116/116 125/125
f 115/115 125/125 124/124
f 116/116 117/117 126/126
f 116/116 126/126 125/125
f 118/118 119/119 128/128
f 118/118 128/128 127/127
f 119/119 120/120 129/129
f 119/119 129/129 128/128
f 120/120 121/121 130/130
f 120/120 130/130 129/129
f 121/121 122/122 131/131
f 121/121 131/131 130/130
f 122/122 123/123 132/132
f 122/122 132/132 131/131
f 123/123 124/124 133/133
f 123/123 133/133 132/132
f 124/124 125/125 134/134
f 124/124 134/134 133/133
f 125/125 126/126 135/135
f 125/125 135/135 134/134
f 127/127 128/128 137/137
f 127/127 137/137 136/136
f 128/128 129/129 138/138
f 128/128 138/138 137/137
f 129/129 130/130 139/139
f 129/129 139/139 138/138
f 130/130 131/131 140/140
f 130/130 140/140 139/139
f 131/131 132/132 141/141
f 131/131 141/141 140/140
f 132/132 133/133 142/142
f 132/132 142/142 141/141
f 133/133 134/134 143/143
f 133/133 143/143 142/142
f 134/134 135/135 144/144
f 134/134 144/144 143/143
f 136/136 137/137 146/146
f 136/136 146/146 145/145
f 137/137 138/138 147/147
f 137/137 147/147 146/146
f 138/138 139/139 148/148
f 138/138 148/148 147/147
f 139/139 140/140 149/149
f 139/139 149/149 148/148
f 140/140 141/141 150/150
f 140/140 150/150 149/149
f 141/141 142/142 151/151
f 141/141 151/151 150/150
f 142/142 143/143 152/152
f 142/142 152/152 151/151
f 143/143 144/144 153/153
f 143/143 153/153 152/152
f 145/145 146/146 155/155
f 145/145 155/155 154/154
f 146/146 147/147 156/156
f 146/146 156/156 155/155
f 147/147 148/148 157/157
f 147/147 157/157 156/156
f 148/148 149/149 158/158
f 148/148 158/158 157/157
f 149/149 150/150 159/159
f 149/149 159/159 158/158
f 150/150 151/151 160/160
f 150/150 160/160 159/159
f 151/151 152/152 161/161
f 151/151 161/161 160/160
f 152/152 153/153 162/162
f 152/152 162/162 161/161
f 154/154 155/155 164/164
f 154/154 164/164 163/163
f 155/155 156/156 165/165
f 155/155 165/165 164/164
f 156/156 157/157 166/166
f 156/156 166/166 165/165
f 157/157 158/158 167/167
f 157/157 167/167 166/166
f 158/158 159/159 168/168
f 158/158 168/168 167/167
f 159/159 160/160 169/169
f 159/159 169/169 168/168
f 160/160 161/161 170/170
f 160/160 170/170 169/169
f 161/161 162/162 171/171
f 161/161 171/171 170/170
f 163/163 164/164 173/173
f 163/163 173/173 172/172
f 164/164 165/165 174/174
f 164/164 174/174 173/173
f 165/165 166/166 175/175
f 165/165 175/175 174/174
f 166/166 167/167 176/176
f 166/166 176/176 175/175
f 167/167 168/168 177/177
f 167/167 177/177 176/176
f 168/168 169/169 178/178
f 168/168 178/178 177/177
f 169/169 170/170 179/179
f 169/169 179/179 178/178
f 170/170 171/171 180/180
f 170/170 180/180 179/179
f 172/172 173/173 182/182
f 172/172 182/182 181/181
f 173/173 174/174 183/183
f 173/173 183/183 182/182
f 174/174 175/175 184/184
f 174/174 184/184 183/183
f 175/175 176/176 185/185
f 175/175 185/185 184/184
f 176/176 177/177 186/186
f 176/176 186/186 185/185
f 177/177 178/178 187/187
f 177/177 187/187 186/186
f 178/178 179/179 188/188
f 178/178 188/188 187/187
f 179/179 180/180 189/189
f 179/179 189/189 188/188
f 181/181 182/182 191/191
f 181/181 191/191 190/190
f 182/182 183/183 192/192
f 182/182 192/192 191/191
f 183/183 184/184 193/193
f 183/183 193/193 192/192
f 184/184 185/185 194/194
f 184/184 194/194 193/193
f 185/185 186/186 195/195
f 185/185 195/195 194/194
f 186/186 187/187 196/196
f 186/186 196/196 195/195
f 187/187 188/188 197/197
f 187/187 197/197 196/196
f 188/188 189/189 198/198
f 188/188 198/198 197/197
f 190/190 191/191 200/200
f 190/190 200/200 199/199
f 191/191 192/192 201/201
f 191/191 201/201 200/200
f 192/192 193/193 202/202
f 192/192 202/202 201/201
f 193/193 194/194 203/203
f 193/193 203/203 202/202
f 194/194 195/195 204/204
f 194/194 204/204 203/203
f 195/195 196/196 205/205
f 195/195 205/205 204/204
f 196/196 197/197 206/206
f 196/196 206/206 205/205
f 197/197 198/198 207/207
f 197/197 207/207 206/206
f 199/199 200/200 209/209
f 199/199 209/209 208/208
f 200/200 201/201 210/210
f 200/200 210/210 209/209
f 201/201 202/202 211/211
f 201/201 211/211 210/210
f 202/202 203/203 212/212
f 202/202 212/212 211/211
f 203/203 204/204 213/213
f 203/203 213/213 212/212
f 204/204 205/205 214/214
f 204/204 214/214 213/213
f 205/205 206/206 215/215
f 205/205 215/215 214/214
f 206/206 207/207 216/216
f 206/206 216/216 215/215
f 208/208 209/209 218/218
f 208/208 218/218 217/217
f 209/209 210/210 219/219
f 209/209 219/219 218/218
f 210/210 211/211 220/220
f 210/210 220/220 219/219
f 211/211 212/212 221/221
f 211/211 221/221 220/220
f 212/212 213/213 222/222
f 212/212 222/222 221/221
f 213/213 214/214 223/223
f 213/213 223/223 222/222
f 214/214 215/215 224/224
f 214/214 224/224 223/223
f 215/215 216/216 225/225
f 215/215 225/225 224/224
f 217/217 218/218 227/227
f 217/217 227/227 226/226
f 218/218 219/219 228/228
f 218/218 228/228 227/227
f 219/219 220/220 229/229
f 219/219 229/229 228/228
f 220/220 221/221 230/230
f 220/220 230/230 229/229
f 221/221 222/222 231/231
f 221/221 231/231 230/230
f 222/222 223/223 232/232
f 222/222 232/232 231/231
f 223/223 224/224 233/233
f 223/223 233/233 232/232
f 224/224 225/225 234/234
f 224/224 234/234 233/233
f 226/226 227/227 236/236
f 226/226 236/236 235/235
f 227/227 228/228 237/237
f 227/227 237/237 236/236
f 228/228 229/229 238/238
f 228/228 238/238 237/237
f 229/229 230/230 239/239
f 229/229 239/239 238/238
f 230/230 231/231 240/240
f 230/230 240/240 239/239
f 231/231 232/232 241/241
f 231/231 241/241 240/240
f 232/232 233/233 242/242
f 232/232 242/242 241/241
f 233/233 234/234 243/243
f 233/233 243/243 242/242
f 235/235 236/236 245/245
f 235/235 245/245 244/244
f 236/236 237/237 246/246
f 236/236 246/246 245/245
f 237/237 238/238 247/247
f 237/237 247/247 246/246
f 238/238 239/239 248/248
f 238/238 248/248 247/247
f 239/239 240/240 249/249
f 239/239 249/249 248/248
f 240/240 241/241 250/250
f 240/240 250/250 249/249
f 241/241 242/242 251/251
f 241/241 251/251 250/250
f 242/242 243/243 252/252
f 242/242 252/252 251/251
f 244/244 245/245 254/254
f 244/244 254/254 253/253
f 245/245 246/246 255/255
f 245/245 255/255 254/254
f 246/246 247/247 256/256
f 246/246 256/256 255/255
f 247/247 248/248 257/257
f 247/247 257/257 256/256
f 248/248 249/249 258/258
f 248/248 258/258 257/257
f 249/249 250/250 259/259
f 249/249 259/259 258/258
f 250/250 251/251 260/260
f 250/250 260/260 259/259
f 251/251 252/252 261/261
f 251/251 261/261 260/260
f 253/253 254/254 263/263
f 253/253 263/263 262/262
f 254/254 255/255 264/264
f 254/254 264/264 263/263
f 255/255 256/256 265/265
f 255/255 265/265 264/264
f 256/256 257/257 266/266
f 256/256 266/266 265/265
f 257/257 258/258 267/267
f 257/257 267/267 266/266
f 258/258 259/259 268/268
f 258/258 268/268 267/267
f 259/259 260/260 269/269
f 259/259 269/269 268/268
f 260/260 261/261 270/270
f 260/260 270/270 269/269
f 262/262 263/263 272/272
f 262/262 272/272 271/271
f 263/263 264/264 273/273
f 263/263 273/273 272/272
f 264/264 265/265 274/274
f 264/264 274/274 273/273
f 265/265 266/266 275/275
f 265/265 275/275 274/274
f 266/266 267/267 276/276
f 266/266 276/276 275/275
f 267/267 268/268 277/277
f 267/267 277/277 276/276
f 268/268 269/269 278/278
f 268/268 278/278 277/277
f 269/269 270/270 279/279
f 269/269 279/279 278/278
f 271/271 272/272 281/281
f 271/271 281/281 280/280
f 272/272 273/273 282/282
f 272/272 282/282 281/281
f 273/273 274/274 283/283
f 273/273 283/283 282/282
f 274/274 275/275 284/284
f 274/274 284/284 283/283
f 275/275 276/276 285/285
f 275/275 285/285 284/284
f 276/276 277/277 286/286
f 276/276 286/286 285/285
f 277/277 278/278 287/287
f 277/277 287/287 286/286
f 278/278 279/279 288/288
f 278/278 288/288 287/287
f 280/280 281/281 290/290
f 280/280 290/290 289/289
f 281/281 282/282 291/291
f 281/281 291/291 290/290
f 282/282 283/283 292/292
f 282/282 292/292 291/291
f 283/283 284/284 293/293
f 283/283 293/293 292/292
f 284/284 285/285 294/294
f 284/284 294/294 293/293
f 285/285 286/286 295/295
f 285/285 295/295 294/294
f 286/286 287/287 296/296
f 286/286 296/296 295/295
f 287/287 288/288 297/297
f 287/287 297/297 296/296
f 289/289 290/290 299/299
f 289/289 299/299 298/298
f 290/290 291/291 300/300
f 290/290 300/300 299/299
f 291/291 292/292 301/301
f 291/291 301/301 300/300
f 292/292 293/293 302/302
f 292/292 302/302 301/301
f 293/293 294/294 303/303
f 293/293 303/303 302/302
f 294/294 295/295 304/304
f 294/294 304/304 303/303
f 295/295 296/296 305/305
f 295/295 305/305 304/304
f 296/296 297/297 306/306
f 296/296 306/306 305/305
f 298/298 299/299 308/308
f 298/298 308/308 307/307
f 299/299 300/300 309/309
f 299/299 309/309 308/308
f 300/300 301/301 310/310
f 300/300 310/310 309/309
f 301/301 302/302 311/311
f 301/301 311/311 310/310
f 302/302 303/303 312/312
f 302/302 312/312 311/311
f 303/303 304/304 313/313
f 303/303 313/313 312/312
f 304/304 305/305 314/314
f 304/304 314/314 313/313
f 305/305 306/306 315/315
f 305/305 315/315 314/314
f 307/307 308/308 317/317
f 307/307 317/317 316/316
f 308/308 309/309 318/318
f 308/308 318/318 317/317
f 309/309 310/310 319/319
f 309/309 319/319 318/318
f 310/310 311/311 320/320
f 310/310 320/320 319/319
f 311/311 312/312 321/321
f 311/311 321/321 320/320
f 312/312 313/313 322/322
f 312/312 322/322 321/321
f 313/313 314/314 323/323
f 313/313 323/323 322/322
f 314/314 315/315 324/324
f 314/314 324/324 323/323
f 316/316 317/317 326/326
f 316/316 326/326 325/325
f 317/317 318/318 327/327
f 317/317 327/327 326/326
f 318/318 319/319 328/328
f 318/318 328/328 327/327
f 319/319 320/320 329/329
f 319/319 329/329 328/328
f 320/320 321/321 330/330
f 320/320 330/330 329/329
f 321/321 322/322 331/331
f 321/321 331/331 330/330
f 322/322 323/323 332/332
f 322/322 332/332 331/331
f 323/323 324/324 333/333
f 323/323 333/333 332/332
f 325/325 326/326 335/335
f 325/325 335/335 334/334
f 326/326 327/327 336/336
f 326/326 336/336 335/335
f 327/327 328/328 337/337
f 327/327 337/337 336/336
f 328/328 329/329 338/338
f 328/328 338/338 337/337
f 329/329 330/330 339/339
f 329/329 339/339 338/338
f 330/330 331/331 340/340
f 330/330 340/340 339/339
f 331/331 332/332 341/341
f 331/331 341/341 340/340
f 332/332 333/333 342/342
f 332/332 342/342 341/341
f 334/334 335/335 344/344
f 334/334 344/344 343/343
f 335/335 336/336 345/345
f 335/335 345/345 344/344
f 336/336 337/337 346/346
f 336/336 346/346 345/345
f 337/337 338/338 347/347
f 337/337 347/347 346/346
f 338/338 339/339 348/348
f 338/338 348/348 347/347
f 339/339 340/340 349/349
f 339/339 349/349 348/348
f 340/340 341/341 350/350
f 340/340 350/350 349/349
f 341/341 342/342 351/351
f 341/341 351/351 350/350
f 343/343 344/344 353/353
f 343/343 353/353 352/352
f 344/344 345/345 354/354
f 344/344 354/354 353/353
f 345/345 346/346 355/355
f 345/345 355/355 354/354
f 346/346 347/347 356/356
f 346/346 356/356 355/355
f 347/347 348/348 357/357
f 347/347 357/357 356/356
f 348/348 349/349 358/358
f 348/348 358/358 357/357
f 349/349 350/350 359/359
f 349/349 359/359 358/358
f 350/350 351/351 360/360
f 350/350 360/360 359/359
f 352/352 353/353 362/362
f 352/352 362/362 361/361
f 353/353 354/354 363/363
f 353/353 363/363 362/362
f 354/354 355/355 364/364
f 354/354 364/364 363/363
f 355/355 356/356 365/365
f 355/355 365/365 364/364
f 356/356 357/357 366/366
f 356/356 366/366 365/365
f 357/357 358/358 367/367
f 357/357 367/367 366/366
f 358/358 359/359 368/368
f 358/358 368/368 367/367
f 359/359 360/360 369/369
f 359/359 369/369 368/368
f 361/361 362/362 371/371
f 361/361 371/371 370/370
f 362/362 363/363 372/372
f 362/362 372/372 371/371
f 363/363 364/364 373/373
f 363/363 373/373 372/372
f 364/364 365/365 374/374
f 364/364 374/374 373/373
f 365/365 366/366 375/375
f 365/365 375/375 374/374
f 366/366 367/367 376/376
f 366/366 376/376 375/375
f 367/367 368/368 377/377
f 367/367 377/377 376/376
f 368/368 369/369 378/378
f 368/368 378/378 377/377
f 370/370 371/371 380/380
f 370/370 380/380 379/379
f 371/371 372/372 381/381
f 371/371 381/381 380/380
f 372/372 373/373 382/382
f 372/372 382/382 381/381
f 373/373 374/374 383/383
f 373/373 383/383 382/382
f 374/374 375/375 384/384
f 374/374 384/384 383/383
f 375/375 376/376 385/385
f 375/375 385/385 384/384
f 376/376 377/377 386/386
f 376/376 386/386 385/385
f 377/377 378/378 387/387
f 377/377 387/387 386/386
f 379/379 380/380 389/389
f 379/379 389/389 388/388
f 380/380 381/381 390/390
f 380/380 390/390 389/389
f 381/381 382/382 391/391
f 381/381 391/391 390/390
f 382/382 383/383 392/392
f 382/382 392/392 391/391
f 383/383 384/384 393/393
f 383/383 393/393 392/392
f 384/384 385/385 394/394
f 384/384 394/394 393/393
f 385/385 386/386 395/395
f 385/385 395/395 394/394
f 386/386 387/387 396/396
f 386/386 396/396 395/395
f 388/388 389/389 398/398
f 388/388 398/398 397/397
f 389/389 390/390 399/399
f 389/389 399/399 398/398
f 390/390 391/391 400/400
f 390/390 400/400 399/399
f 391/391 392/392 401/401
f 391/391 401/401 400/400
f 392/392 393/393 402/402
f 392/392 402/402 401/401
f 393/393 394/394 403/403
f 393/393 403/403 402/402
f 394/394 395/395 404/404
f 394/394 404/404 403/403
f 395/395 396/396 405/405
f 395/395 405/405 404/404
f 397/397 398/398 407/407
f 397/397 407/407 406/406
f 398/398 399/399 408/408
f 398/398 408/408 407/407
f 399/399 400/400 409/409
f 399/399 409/409 408/408
f 400/400 401/401 410/410
f 400/400 410/410 409/409
f 401/401 402/402 411/411
f 401/401 411/411 410/410
f 402/402 403/403 412/412
f 402/402 412/412 411/411
f 403/403 404/404 413/413
f 403/403 413/413 412/412
f 404/404 405/405 414/414
f 404/404 414/414 413/413
f 406/406 407/407 416/416
f 406/406 416/416 415/415
f 407/407 408/408 417/417
f 407/407 417/417 416/416
f 408/408 409/409 418/418
f 408/408 418/418 417/417
f 409/409 410/410 419/419
f 409/409 419/419 418/418
f 410/410 411/411 420/420
f 410/410 420/420 419/419
f 411/411 412/412 421/421
f 411/411 421/421 420/420
f 412/412 413/413 422/422
f 412/412 422/422 421/421
f 413/413 414/414 423/423
f 413/413 423/423 422/422
f 415/415 416/416 425/425
f 415/415 425/425 424/424
f 416/416 417/417 426/426
f 416/416 426/426 425/425
f 417/417 418/418 427/427
f 417/417 427/427 426/426
f 418/418 419/419 428/428
f 418/418 428/428 427/427
f 419/419 420/420 429/429
f 419/419 429/429 428/428
f 420/420 421/421 430/430
f 420/420 430/430 429/429
f 421/421 422/422 431/431
f 421/421 431/431 430/430
f 422/422 423/423 432/432
f 422/422 432/432 431/431
f 424/424 425/425 434/434
f 424/424 434/434 433/433
f 425/425 426/426 435/435
f 425/425 435/435 434/434
f 426/426 427/427 436/436
f 426/426 436/436 435/435
f 427/427 428/428 437/437
f 427/427 437/437 436/436
f 428/428 429/429 438/438
f 428/428 438/438 437/437
f 429/429 430/430 439/439
f 429/429 439/439 438/438
f 430/430 431/431 440/440
f 430/430 440/440 439/439
f 431/431 432/432 441/441
f 431/431 441/441 440/440
f 433/433 434/434 443/443
f 433/433 443/443 442/442
f 434/434 435/435 444/444
f 434/434 444/444 443/443
f 435/435 436/436 445/445
f 435/435 445/445 444/444
f 436/436 437/437 446/446
f 436/436 446/446 445/445
f 437/437 438/438 447/447
f 437/437 447/447 446/446
f 438/438 439/439 448/448
f 438/438 448/448 447/447
f 439/439 440/440 449/449
f 439/439 449/449 448/448
f 440/440 441/441 450/450
f 440/440 450/450 449/449
f 442/442 443/443 452/452
f 442/442 452/452 451/451
f 443/443 444/444 453/453
f 443/443 453/453 452/452
f 444/444 445/445 454/454
f 444/444 454/454 453/453
f 445/445 446/446 455/455
f 445/445 455/455 454/454
f 446/446 447/447 456/456
f 446/446 456/456 455/455
f 447/447 448/448 457/457
f 447/447 457/457 456/456
f 448/448 449/449 458/458
f 448/448 458/458 457/457
f 449/449 450/450 459/459
f 449/449 459/459 458/458
f 451/451 452/452 461/461
f 451/451 461/461 460/460
f 452/452 453/453 462/462
f 452/452 462/462 461/461
f 453/453 454/454 463/463
f 453/453 463/463 462/462
f 454/454 455/455 464/464
f 454/454 464/464 463/463
f 455/455 456/456 465/465
f 455/455 465/465 464/464
f 456/456 457/457 466/466
f 456/456 466/466 465/465
f 457/457 458/458 467/467
f 457/457 467/467 466/466
f 458/458 459/459 468/468
f 458/458 468/468 467/467
f 460/460 461/461 470/470
f 460/460 470/470 469/469
f 461/461 462/462 471/471
f 461/461 471/471 470/470
f 462/462 463/463 472/472
f 462/462 472/472 471/471
f 463/463 464/464 473/473
f 463/463 473/473 472/472
f 464/464 465/465 474/474
f 464/464 474/474 473/473
f 465/465 466/466 475/475
f 465/465 475/475 474/474
f 466/466 467/467 476/476
f 466/466 476/476 475/475
f 467/467 468/468 477/477
f 467/467 477/477 476/476
f 469/469 470/470 479/479
f 469/469 479/479 478/478
f 470/470 471/471 480/480
f 470/470 480/480 479/479
f 471/471 472/472 481/481
f 471/471 481/481 480/480
f 472/472 473/473 482/482
f 472/472 482/482 481/481
f 473/473 474/474 483/483
f 473/473 483/483 482/482
f 474/474 475/475 484/484
f 474/474 484/484 483/483
f 475/475 476/476 485/485
f 475/475 485/485 484/484
f 476/476 477/477 486/486
f 476/476 486/486 485/485
f 478/478 479/479 488/488
f 478/478 488/488 487/487
f 479/479 480/480 489/489
f 479/479 489/489 488/488
f 480/480 481/481 490/490
f 480/480 490/490 489/489
f 481/481 482/482 491/491
f 481/481 491/491 490/490
f 482/482 483/483 492/492
f 482/482 492/492 491/491
f 483/483 484/484 493/493
f 483/483 493/493 492/492
f 484/484 485/485 494/494
f 484/484 494/494 493/493
f 485/485 486/486 495/495
f 485/485 495/495 494/494
f 487/487 488/488 497/497
f 487/487 497/497 496/496
f 488/488 489/489 498/498
f 488/488 498/498 497/497
f 489/489 490/490 499/499
f 489/489 499/499 498/498
f 490/490 491/491 500/500
f 490/490 500/500 499/499
f 491/491 492/492 501/501
f 491/491 501/501 500/500
f 492/492 493/493 502/502
f 492/492 502/502 501/501
f 493/493 494/494 503/503
f 493/493 503/503 502/502
f 494/494 495/495 504/504
f 494/494 504/504 503/503
f 496/496 497/497 506/506
f 496/496 506/506 505/505
f 497/497 498/498 507/507
f 497/497 507/507 506/506
f 498/498 499/499 508/508
f 498/498 508/508 507/507
f 499/499 500/500 509/509
f 499/499 509/509 508/508
f 500/500 501/501 510/510
f 500/500 510/510 509/509
f 501/501 502/502 511/511
f 501/501 511/511 510/510
f 502/502 503/503 512/512
f 502/502 512/512 511/511
f 503/503 504/504 513/513
f 503/503 513/513 512/512
f 505/505 506/506 515/515
f 505/505 515/515 514/514
f 506/506 507/507 516/516
f 506/506 516/516 515/515
f 507/507 508/508 517/517
f 507/507 517/517 516/516
f 508/508 509/509 518/518
f 508/508 518/518 517/517
f 509/509 510/510 519/519
f 509/509 519/519 518/518
f 510/510 511/511 520/520
f 510/510 520/520 519/519
f 511/511 512/512 521/521
f 511/511 521/521 520/520
f 512/512 513/513 522/522
f 512/512 522/522 521/521
f 514/514 515/515 524/524
f 514/514 524/524 523/523
f 515/515 516/516 525/525
f 515/515 525/525 524/524
f 516/516 517/517 526/526
f 516/516 526/526 525/525
f 517/517 518/518 527/527
f 517/517 527/527 526/526
f 518/518 519/519 528/528
f 518/518 528/528 527/527
f 519/519 520/520 529/529
f 519/519 529/529 528/528
f 520/520 521/521 530/530
f 520/520 530/530 529/529
f 521/521 522/522 531/531
f 521/521 531/531 530/530
f 523/523 524/524 533/533
f 523/523 533/533 532/532
f 524/524 525/525 534/534
f 524/524 534/534 533/533
f 525/525 526/526 535/535
f 525/525 535/535 534/534
f 526/526 527/527 536/536
f 526/526 536/536 535/535
f 527/527 528/528 537/537
f 527/527 537/537 536/536
f 528/528 529/529 538/538
f 528/528 538/538 537/537
f 529/529 530/530 539/539
f 529/529 539/539 538/538
f 530/530 531/531 540/540
f 530/530 540/540 539/539
f 532/532 533/533 542/542
f 532/532 542/542 541/541
f 533/533 534/534 543/543
f 533/533 543/543 542/542
f 534/534 535/535 544/544
f 534/534 544/544 543/543
f 535/535 536/536 545/545
f 535/535 545/545 544/544
f 536/536 537/537 546/546
f 536/536 546/546 545/545
f 537/537 538/538 547/547
f 537/537 547/547 546/546
f 538/538 539/539 548/548
f 538/538 548/548 547/547
f 539/539 540/540 549/549
f 539/539 549/549 548/548
f 541/541 542/542 551/551
f 541/541 551/551 550/550
f 542/542 543/543 552/552
f 542/542 552/552 551/551
f 543/543 544/544 553/553
f 543/543 553/553 552/552
f 544/544 545/545 554/554
f 544/544 554/554 553/553
f 545/545 546/546 555/555
f 545/545 555/555 554/554
f 546/546 547/547 556/556
f 546/546 556/556 555/555
f 547/547 548/548 557/557
f 547/547 557/557 556/556
f 548/548 549/549 558/558
f 548/548 558/558 557/557
f 550/550 551/551 560/560
f 550/550 560/560 559/559
f 551/551 552/552 561/561
f 551/551 561/561 560/560
f 552/552 553/553 562/562
f 552/552 562/562 561/561
f 553/553 554/554 563/563
f 553/553 563/563 562/562
f 554/554 555/555 564/564
f 554/554 564/564 563/563
f 555/555 556/556 565/565
f 555/555 565/565 564/564
f 556/556 557/557 566/566
f 556/556 566/566 565/565
f 557/557 558/558 567/567
f 557/557 567/567 566/566
f 559/559 560/560 569/569
f 559/559 569/569 568/568
f 560/560 561/561 570/570
f 560/560 570/570 569/569
f 561/561 562/562 571/571
f 561/561 571/571 570/570
f 562/562 563/563 572/572
f 562/562 572/572 571/571
f 563/563 564/564 573/573
f 563/563 573/573 572/572
f 564/564 565/565 574/574
f 564/564 574/574 573/573
f 565/565 566/566 575/575
f 565/565 575/575 574/574
f 566/566 567/567 576/576
f 566/566 576/576 575/575
f 568/568 569/569 578/578
f 568/568 578/578 577/577
f 569/569 570/570 579/579
f 569/569 579/579 578/578
f 570/570 571/571 580/580
f 570/570 580/580 579/579
f 571/571 572/572 581/581
f 571/571 581/581 580/580
f 572/572 573/573 582/582
f 572/572 582/582 581/581
f 573/573 574/574 583/583
f 573/573 583/583 582/582
f 574/574 575/575 584/584
f 574/574 584/584 583/583
f 575/575 576/576 585/585
f 575/575 585/585 584/584
f 577/577 578/578 587/587
f 577/577 587/587 586/586
f 578/578 579/579 588/588
f 578/578 588/588 587/587
f 579/579 580/580 589/589
f 579/579 589/589 588/588
f 580/580 581/581 590/590
f 580/580 590/590 589/589
f 581/581 582/582 591/591
f 581/581 591/591 590/590
f 582/582 583/583 592/592
f 582/582 592/592 591/591
f 583/583 584/584 593/593
f 583/583 593/593 592/592
f 584/584 585/585 594/594
f 584/584 594/594 593/593
f 586/586 587/587 596/596
f 586/586 596/596 595/595
f 587/587 588/588 597/597
f 587/587 597/597 596/596
f 588/588 589/589 598/598
f 588/588 598/598 597/597
f 589/589 590/590 599/599
f 589/589 599/599 598/598
f 590/590 591/591 600/600
f 590/590 600/600 599/599
f 591/591 592/592 601/601
f 591/591 601/601 600/600
f 592/592 593/593 602/602
f 592/592 602/602 601/601
f 593/593 594/594 603/603
f 593/593 603/603 602/602
f 595/595 596/596 605/605
f 595/595 605/605 604/604
f 596/596 597/597 606/606
f 596/596 606/606 605/605
f 597/597 598/598 607/607
f 597/597 607/607 606/606
f 598/598 599/599 608/608
f 598/598 608/608 607/607
f 599/599 600/600 609/609
f 599/599 609/609 608/608
f 600/600 601/601 610/610
f 600/600 610/610 609/609
f 601/601 602/602 611/611
f 601/601 611/611 610/610
f 602/602 603/603 612/612
f 602/602 612/612 611/611
f 604/604 605/605 614/614
f 604/604 614/614 613/613
f 605/605 606/606 615/615
f 605/605 615/615 614/614
f 606/606 607/607 616/616
f 606/606 616/616 615/615
f 607/607 608/608 617/617
f 607/607 617/617 616/616
f 608/608 609/609 618/618
f 608/608 618/618 617/617
f 609/609 610/610 619/619
f 609/609 619/619 618/618
f 610/610 611/611 620/620
f 610/610 620/620 619/619
f 611/611 612/612 621/621
f 611/611 621/621 620/620
f 613/613 614/614 623/623
f 613/613 623/623 622/622
f 614/614 615/615 624/624
f 614/614 624/624 623/623
f 615/615 616/616 625/625
f 615/615 625/625 624/624
f 616/616 617/617 626/626
f 616/616 626/626 625/625
f 617/617 618/618 627/627
f 617/617 627/627 626/626
f 618/618 619/619 628/628
f 618/618 628/628 627/627
f 619/619 620/620 629/629
f 619/619 629/629 628/628
f 620/620 621/621 630/630
f 620/620 630/630 629/629
f 622/622 623/623 632/632
f 622/622 632/632 631/631
f 623/623 624/624 633/633
f 623/623 633/633 632/632
f 624/624 625/625 634/634
f 624/624 634/634 633/633
f 625/625 626/626 635/635
f 625/625 635/635 634/634
f 626/626 627/627 636/636
f 626/626 636/636 635/635
f 627/627 628/628 637/637
f 627/627 637/637 636/636
f 628/628 629/629 638/638
f 628/628 638/638 637/637
f 629/629 630/630 639/639
f 629/629 639/639 638/638
f 631/631 632/632 641/641
f 631/631 641/641 640/640
f 632/632 633/633 642/642
f 632/632 642/642 641/641
f 633/633 634/634 643/643
f 633/633 643/643 642/642
f 634/634 635/635 644/644
f 634/634 644/644 643/643
f 635/635 636/636 645/645
f 635/635 645/645 644/644
f 636/636 637/637 646/646
f 636/636 646/646 645/645
f 637/637 638/638 647/647
f 637/637 647/647 646/646
f 638/638 639/639 648/648
f 638/638 648/648 647/647
f 640/640 641/641 650/650
f 640/640 650/650 649/649
f 641/641 642/642 651/651
f 641/641 651/651 650/650
f 642/642 643/643 652/652
f 642/642 652/652 651/651
f 643/643 644/644 653/653
f 643/643 653/653 652/652
f 644/644 645/645 654/654
f 644/644 654/654 653/653
f 645/645 646/646 655/655
f 645/645 655/655 654/654
f 646/646 647/647 656/656
f 646/646 656/656 655/655
f 647/647 648/648 657/657
f 647/647 657/657 656/656
f 649/649 650/650 659/659
f 649/649 659/659 658/658
f 650/650 651/651 660/660
f 650/650 660/660 659/659
f 651/651 652/652 661/661
f 651/651 661/661 660/660
f 652/652 653/653 662/662
f 652/652 662/662 661/661
f 653/653 654/654 663/663
f 653/653 663/663 662/662
f 654/654 655/655 664/664
f 654/654 664/664 663/663
f 655/655 656/656 665/665
f 655/655 665/665 664/664
f 656/656 657/657 666/666
f 656/656 666/666 665/665
f 658/658 659/659 668/668
f 658/658 668/668 667/667
f 659/659 660/660 669/669
f 659/659 669/669 668/668
f 660/660 661/661 670/670
f 660/660 670/670 669/669
f 661/661 662/662 671/671
f 661/661 671/671 670/670
f 662/662 663/663 672/672
f 662/662 672/672 671/671
f 663/663 664/664 673/673
f 663/663 673/673 672/672
f 664/664 665/665 674/674
f 664/664 674/674 673/673
f 665/665 666/666 675/675
f 665/665 675/675 674/674
f 667/667 668/668 677/677
f 667/667 677/677 676/676
f 668/668 669/669 678/678
f 668/668 678/678 677/677
f 669/669 670/670 679/679
f 669/669 679/679 678/678
f 670/670 671/671 680/680
f 670/670 680/680 679/679
f 671/671 672/672 681/681
f 671/671 681/681 680/680
f 672/672 673/673 682/682
f 672/672 682/682 681/681
f 673/673 674/674 683/683
f 673/673 683/683 682/682
f 674/674 675/675 684/684
f 674/674 684/684 683/683
f 676/676 677/677 686/686
f 676/676 686/686 685/685
f 677/677 678/678 687/687
f 677/677 687/687 686/686
f 678/678 679/679 688/688
f 678/678 688/688 687/687
f 679/679 680/680 689/689
f 679/679 689/689 688/688
f 680/680 681/681 690/690
f 680/680 690/690 689/689
f 681/681 682/682 691/691
f 681/681 691/691 690/690
f 682/682 683/683 692/692
f 682/682 692/692 691/691
f 683/683 684/684 693/693
f 683/683 693/693 692/692
f 685/685 686/686 695/695
f 685/685 695/695 694/694
f 686/686 687/687 696/696
f 686/686 696/696 695/695
f 687/687 688/688 697/697
f 687/687 697/697 696/696
f 688/688 689/689 698/698
f 688/688 698/698 697/697
f 689/689 690/690 699/699
f 689/689 699/699 698/698
f 690/690 691/691 700/700
f 690/690 700/700 699/699
f 691/691 692/692 701/701
f 691/691 701/701 700/700
f 692/692 693/693 702/702
f 692/692 702/702 701/701
f 694/694 695/695 704/704
f 694/694 704/704 703/703
f 695/695 696/696 705/705
f 695/695 705/705 704/704
f 696/696 697/697 706/706
f 696/696 706/706 705/705
f 697/697 698/698 707/707
f 697/697 707/707 706/706
f 698/698 699/699 708/708
f 698/698 708/708 707/707
f 699/699 700/700 709/709
f 699/699 709/709 708/708
f 700/700 701/701 710/710
f 700/700 710/710 709/709
f 701/701 702/702 711/711
f 701/701 711/711 710/710
f 703/703 704/704 713/713
f 703/703 713/713 712/712
f 704/704 705/705 714/714
f 704/704 714/714 713/713
f 705/705 706/706 715/715
f 705/705 715/715 714/714
f 706/706 707/707 716/716
f 706/706 716/716 715/715
f 707/707 708/708 717/717
f 707/707 717/717 716/716
f 708/708 709/709 718/718
f 708/708 718/718 717/717
f 709/709 710/710 719/719
f 709/709 719/719 718/718
f 710/710 711/711 720/720
f 710/710 720/720 719/719
f 712/712 713/713 722/722
f 712/712 722/722 721/721
f 713/713 714/714 723/723
f 713/713 723/723 722/722
f 714/714 715/715 724/724
f 714/714 724/724 723/723
f 715/715 716/716 725/725
f 715/715 725/725 724/724
f 716/716 717/717 726/726
f 716/716 726/726 725/725
f 717/717 718/718 727/727
f 717/717 727/727 726/726
f 718/718 719/719 728/728
f 718/718 728/728 727/727
f 719/719 720/720 729/729
f 719/719 729/729 728/728
f 721/721 722/722 731/731
f 721/721 731/731 730/730
f 722/722 723/723 732/732
f 722/722 732/732 731/731
f 723/723 724/724 733/733
f 723/723 733/733 732/732
f 724/724 725/725 734/734
f 724/724 734/734 733/733
f 725/725 726/726 735/735
f 725/725 735/735 734/734
f 726/726 727/727 736/736
f 726/726 736/736 735/735
f 727/727 728/728 737/737
f 727/727 737/737 736/736
f 728/728 729/729 738/738
f 728/728 738/738 737/737
f 730/730 731/731 740/740
f 730/730 740/740 739/739
f 731/731 732/732 741/741
f 731/731 741/741 740/740
f 732/732 733/733 742/742
f 732/732 742/742 741/741
f 733/733 734/734 743/743
f 733/733 743/743 742/742
f 734/734 735/735 744/744
f 734/734 744/744 743/743
f 735/735 736/736 745/745
f 735/735 745/745 744/744
f 736/736 737/737 746/746
f 736/736 746/746 745/745
f 737/737 738/738 747/747
f 737/737 747/747 746/746
f 739/739 740/740 749/749
f 739/739 749/749 748/748
f 740/740 741/741 750/750
f 740/740 750/750 749/749
f 741/741 742/742 751/751
f 741/741 751/751 750/750
f 742/742 743/743 752/752
f 742/742 752/752 751/751
f 743/743 744/744 753/753
f 743/743 753/753 752/752
f 744/744 745/745 754/754
f 744/744 754/754 753/753
f 745/745 746/746 755/755
f 745/745 755/755 754/754
f 746/746 747/747 756/756
f 746/746 756/756 755/755
f 748/748 749/749 758/758
f 748/748 758/758 757/757
f 749/749 750/750 759/759
f 749/749 759/759 758/758
f 750/750 751/751 760/760
f 750/750 760/760 759/759
f 751/751 752/752 761/761
f 751/751 761/761 760/760
f 752/752 753/753 762/762
f 752/752 762/762 761/761
f 753/753 754/754 763/763
f 753/753 763/763 762/762
f 754/754 755/755 764/764
f 754/754 764/764 763/763
f 755/755 756/756 765/765
f 755/755 765/765 764/764
f 757/757 758/758 767/767
f 757/757 767/767 766/766
f 758/758 759/759 768/768
f 758/758 768/768 767/767
f 759/759 760/760 769/769
f 759/759 769/769 768/768
f 760/760 761/761 770/770
f 760/760 770/770 769/769
f 761/761 762/762 771/771
f 761/761 771/771 770/770
f 762/762 763/763 772/772
f 762/762 772/772 771/771
f 763/763 764/764 773/773
f 763/763 773/773 772/772
f 764/764 765/765 774/774
f 764/764 774/774 773/773
f 766/766 767/767 776/776
f 766/766 776/776 775/775
f 767/767 768/768 777/777
f 767/767 777/777 776/776
f 768/768 769/769 778/778
f 768/768 778/778 777/777
f 769/769 770/770 779/779
f 769/769 779/779 778/778
f 770/770 771/771 780/780
f 770/770 780/780 779/779
f 771/771 772/772 781/781
f 771/771 781/781 780/780
f 772/772 773/773 782/782
f 772/772 782/782 781/781
f 773/773 774/774 783/783
f 773/773 783/783 782/782
f 775/775 776/776 785/785
f 775/775 785/785 784/784
f 776/776 777/777 786/786
f 776/776 786/786 785/785
f 777/777 778/778 787/787
f 777/777 787/787 786/786
f 778/778 779/779 788/788
f 778/778 788/788 787/787
f 779/779 780/780 789/789
f 779/779 789/789 788/788
f 780/780 781/781 790/790
f 780/780 790/790 789/789
f 781/781 782/782 791/791
f 781/781 791/791 790/790
f 782/782 783/783 792/792
f 782/782 792/792 791/791
f 784/784 785/785 794/794
f 784/784 794/794 793/793
f 785/785 786/786 795/795
f 785/785 795/795 794/794
f 786/786 787/787 796/796
f 786/786 796/796 795/795
f 787/787 788/788 797/797
f 787/787 797/797 796/796
f 788/788 789/789 798/798
f 788/788 798/798 797/797
f 789/789 790/790 799/799
f 789/789 799/799 798/798
f 790/790 791/791 800/800
f 790/790 800/800 799/799
f 791/791 792/792 801/801
f 791/791 801/801 800/800
f 793/793 794/794 803/803
f 793/793 803/803 802/802
f 794/794 795/795 804/804
f 794/794 804/804 803/803
f 795/795 796/796 805/805
f 795/795 805/805 804/804
f 796/796 797/797 806/806
f 796/796 806/806 805/805
f 797/797 798/798 807/807
f 797/797 807/807 806/806
f 798/798 799/799 808/808
f 798/798 808/808 807/807
f 799/799 800/800 809/809
f 799/799 809/809 808/808
f 800/800 801/801 810/810
f 800/800 810/810 809/809
f 802/802 803/803 812/812
f 802/802 812/812 811/811
f 803/803 804/804 813/813
f 803/803 813/813 812/812
f 804/804 805/805 814/814
f 804/804 814/814 813/813
f 805/805 806/806 815/815
f 805/805 815/815 814/814
f 806/806 807/807 816/816
f 806/806 816/816 815/815
f 807/807 808/808 817/817
f 807/807 817/817 816/816
f 808/808 809/809 818/818
f 808/808 818/818 817/817
f 809/809 810/810 819/819
f 809/809 819/819 818/818
f 811/811 812/812 821/821
f 811/811 821/821 820/820
f 812/812 813/813 822/822
f 812/812 822/822 821/821
f 813/813 814/814 823/823
f 813/813 823/823 822/822
f 814/814 815/815 824/824
f 814/814 824/824 823/823
f 815/815 816/816 825/825
f 815/815 825/825 824/824
f 816/816 817/817 826/826
f 816/816 826/826 825/825
f 817/817 818/818 827/827
f 817/817 827/827 826/826
f 818/818 819/819 828/828
f 818/818 828/828 827/827
f 820/820 821/821 830/830
f 820/820 830/830 829/829
f 821/821 822/822 831/831
f 821/821 831/831 830/830
f 822/822 823/823 832/832
f 822/822 832/832 831/831
f 823/823 824/824 833/833
f 823/823 833/833 832/832
f 824/824 825/825 834/834
f 824/824 834/834 833/833
f 825/825 826/826 835/835
f 825/825 835/835 834/834
f 826/826 827/827 836/836
f 826/826 836/836 835/835
f 827/827 828/828 837/837
f 827/827 837/837 836/836
f 829/829 830/830 839/839
f 829/829 839/839 838/838
f 830/830 831/831 840/840
f 830/830 840/840 839/839
f 831/831 832/832 841/841
f 831/831 841/841 840/840
f 832/832 833/833 842/842
f 832/832 842/842 841/841
f 833/833 834/834 843/843
f 833/833 843/843 842/842
f 834/834 835/835 844/844
f 834/834 844/844 843/843
f 835/835 836/836 845/845
f 835/835 845/845 844/844
f 836/836 837/837 846/846
f 836/836 846/846 845/845
f 838/838 839/839 848/848
f 838/838 848/848 847/847
f 839/839 840/840 849/849
f 839/839 849/849 848/848
f 840/840 841/841 850/850
f 840/840 850/850 849/849
f 841/841 842/842 851/851
f 841/841 851/851 850/850
f 842/842 843/843 852/852
f 842/842 852/852 851/851
f 843/843 844/844 853/853
f 843/843 853/853 852/852
f 844/844 845/845 854/854
f 844/844 854/854 853/853
f 845/845 846/846 855/855
f 845/845 855/855 854/854
f 847/847 848/848 857/857
f 847/847 857/857 856/856
f 848/848 849/849 858/858
f 848/848 858/858 857/857
f 849/849 850/850 859/859
f 849/849 859/859 858/858
f 850/850 851/851 860/860
f 850/850 860/860 859/859
f 851/851 852/852 861/861
f 851/851 861/861 860/860
f 852/852 853/853 862/862
f 852/852 862/862 861/861
f 853/853 854/854 863/863
f 853/853 863/863 862/862
f 854/854 855/855 864/864
f 854/854 864/864 863/863
f 856/856 857/857 866/866
f 856/856 866/866 865/865
f 857/857 858/858 867/867
f 857/857 867/867 866/866
f 858/858 859/859 868/868
f 858/858 868/868 867/867
f 859/859 860/860 869/869
f 859/859 869/869 868/868
f 860/860 861/861 870/870
f 860/860 870/870 869/869
f 861/861 862/862 871/871
f 861/861 871/871 870/870
f 862/862 863/863 872/872
f 862/862 872/872 871/871
f 863/863 864/864 873/873
f 863/863 873/873 872/872
f 865/865 866/866 875/875
f 865/865 875/875 874/874
f 866/866 867/867 876/876
f 866/866 876/876 875/875
f 867/867 868/868 877/877
f 867/867 877/877 876/876
f 868/868 869/869 878/878
f 868/868 878/878 877/877
f 869/869 870/870 879/879
f 869/869 879/879 878/878
f 870/870 871/871 880/880
f 870/870 880/880 879/879
f 871/871 872/872 881/881
f 871/871 881/881 880/880
f 872/872 873/873 882/882
f 872/872 882/882 881/881
f 874/874 875/875 884/884
f 874/874 884/884 883/883
f 875/875 876/876 885/885
f 875/875 885/885 884/884
f 876/876 877/877 886/886
f 876/876 886/886 885/885
f 877/877 878/878 887/887
f 877/877 887/887 886/886
f 878/878 879/879 888/888
f 878/878 888/888 887/887
f 879/879 880/880 889/889
f 879/879 889/889 888/888
f 880/880 881/881 890/890
f 880/880 890/890 889/889
f 881/881 882/882 891/891
f 881/881 891/891 890/890
f 883/883 884/884 893/893
f 883/883 893/893 892/892
f 884/884 885/885 894/894
f 884/884 894/894 893/893
f 885/885 886/886 895/895
f 885/885 895/895 894/894
f 886/886 887/887 896/896
f 886/886 896/896 895/895
f 887/887 888/888 897/897
f 887/887 897/897 896/896
f 888/888 889/889 898/898
f 888/888 898/898 897/897
f 889/889 890/890 899/899
f 889/889 899/899 898/898
f 890/890 891/891 900/900
f 890/890 900/900 899/899
f 892/892 893/893 902/902
f 892/892 902/902 901/901
f 893/893 894/894 903/903
f 893/893 903/903 902/902
f 894/894 895/895 904/904
f 894/894 904/904 903/903
f 895/895 896/896 905/905
f 895/895 905/905 904/904
f 896/896 897/897 906/906
f 896/896 906/906 905/905
f 897/897 898/898 907/907
f 897/897 907/907 906/906
f 898/898 899/899 908/908
f 898/898 908/908 907/907
f 899/899 900/900 909/909
f 899/899 909/909 908/908
f 901/901 902/902 911/911
f 901/901 911/911 910/910
f 902/902 903/903 912/912
f 902/902 912/912 911/911
f 903/903 904/904 913/913
f 903/903 913/913 912/912
f 904/904 905/905 914/914
f 904/904 914/914 913/913
f 905/905 906/906 915/915
f 905/905 915/915 914/914
f 906/906 907/907 916/916
f 906/906 916/916 915/915
f 907/907 908/908 917/917
f 907/907 917/917 916/916
f 908/908 909/909 918/918
f 908/908 918/918 917/917
f 910/910 911/911 920/920
f 910/910 920/920 919/919
f 911/911 912/912 921/921
f 911/911 921/921 920/920
f 912/912 913/913 922/922
f 912/912 922/922 921/921
f 913/913 914/914 923/923
f 913/913 923/923 922/922
f 914/914 915/915 924/924
f 914/914 924/924 923/923
f 915/915 916/916 925/925
f 915/915 925/925 924/924
f 916/916 917/917 926/926
f 916/916 926/926 925/925
f 917/917 918/918 927/927
f 917/917 927/927 926/926
f 919/919 920/920 929/929
f 919/919 929/929 928/928
f 920/920 921/921 930/930
f 920/920 930/930 929/929
f 921/921 922/922 931/931
f 921/921 931/931 930/930
f 922/922 923/923 932/932
f 922/922 932/932 931/931
f 923/923 924/924 933/933
f 923/923 933/933 932/932
f 924/924 925/925 934/934
f 924/924 934/934 933/933
f 925/925 926/926 935/935
f 925/925 935/935 934/934
f 926/926 927/927 936/936
f 926/926 936/936 935/935
f 928/928 929/929 938/938
f 928/928 938/938 937/937
f 929/929 930/930 939/939
f 929/929 939/939 938/938
f 930/930 931/931 940/940
f 930/930 940/940 939/939
f 931/931 932/932 941/941
f 931/931 941/941 940/940
f 932/932 933/933 942/942
f 932/932 942/942 941/941
f 933/933 934/934 943/943
f 933/933 943/943 942/942
f 934/934 935/935 944/944
f 934/934 944/944 943/943
f 935/935 936/936 945/945
f 935/935 945/945 944/944
f 937/937 938/938 947/947
f 937/937 947/947 946/946
f 938/938 939/939 948/948
f 938/938 948/948 947/947
f 939/939 940/940 949/949
f 939/939 949/949 948/948
f 940/940 941/941 950/950
f 940/940 950/950 949/949
f 941/941 942/942 951/951
f 941/941 951/951 950/950
f 942/942 943/943 952/952
f 942/942 952/952 951/951
f 943/943 944/944 953/953
f 943/943 953/953 952/952
f 944/944 945/945 954/954
f 944/944 954/954 953/953
f 946/946 947/947 956/956
f 946/946 956/956 955/955
f 947/947 948/948 957/957
f 947/947 957/957 956/956
f 948/948 949/949 958/958
f 948/948 958/958 957/957
f 949/949 950/950 959/959
f 949/949 959/959 958/958
f 950/950 951/951 960/960
f 950/950 960/960 959/959
f 951/951 952/952 961/961
f 951/951 961/961 960/960
f 952/952 953/953 962/962
f 952/952 962/962 961/961
f 953/953 954/954 963/963
f 953/953 963/963 962/962
f 955/955 956/956 965/965
f 955/955 965/965 964/964
f 956/956 957/957 966/966
f 956/956 966/966 965/965
f 957/957 958/958 967/967
f 957/957 967/967 966/966
f 958/958 959/959 968/968
f 958/958 968/968 967/967
f 959/959 960/960 969/969
f 959/959 969/969 968/968
f 960/960 961/961 970/970
f 960/960 970/970 969/969
f 961/961 962/962 971/971
f 961/961 971/971 970/970
f 962/962 963/963 972/972
f 962/962 972/972 971/971
f 964/964 965/965 974/974
f 964/964 974/974 973/973
f 965/965 966/966 975/975
f 965/965 975/975 974/974
f 966/966 967/967 976/976
f 966/966 976/976 975/975
f 967/967 968/968 977/977
f 967/967 977/977 976/976
f 968/968 969/969 978/978
f 968/968 978/978 977/977
f 969/969 970/970 979/979
f 969/969 979/979 978/978
f 970/970 971/971 980/980
f 970/970 980/980 979/979
f 971/971 972/972 981/981
f 971/971 981/981 980/980
f 973/973 974/974 983/983
f 973/973 983/983 982/982
f 974/974 975/975 984/984
f 974/974 984/984 983/983
f 975/975 976/976 985/985
f 975/975 985/985 984/984
f 976/976 977/977 986/986
f 976/976 986/986 985/985
f 977/977 978/978 987/987
f 977/977 987/987 986/986
f 978/978 979/979 988/988
f 978/978 988/988 987/987
f 979/979 980/980 989/989
f 979/979 989/989 988/988
f 980/980 981/981 990/990
f 980/980 990/990 989/989
f 982/982 983/983 992/992
f 982/982 992/992 991/991
f 983/983 984/984 993/993
f 983/983 993/993 992/992
f 984/984 985/985 994/994
f 984/984 994/994 993/993
f 985/985 986/986 995/995
f 985/985 995/995 994/994
f 986/986 987/987 996/996
f 986/986 996/996 995/995
f 987/987 988/988 997/997
f 987/987 997/997 996/996
f 988/988 989/989 998/998
f 988/988 998/998 997/997
f 989/989 990/990 999/999
f 989/989 999/999 998/998
f 991/991 992/992 1001/1001
f 991/991 1001/1001 1000/1000
f 992/992 993/993 1002/1002
f 992/992 1002/1002 1001/1001
f 993/993 994/994 1003/1003
f 993/993 1003/1003 1002/1002
f 994/994 995/995 1004/1004
f 994/994 1004/1004 1003/1003
f 995/995 996/996 1005/1005
f 995/995 1005/1005 1004/1004
f 996/996 997/997 1006/1006
f 996/996 1006/1006 1005/1005
f 997/997 998/998 1007/1007
f 997/997 1007/1007 1006/1006
f 998/998 999/999 1008/1008
f 998/998 1008/1008 1007/1007
f 1000/1000 1001/1001 1010/1010
f 1000/1000 1010/1010 1009/1009
f 1001/1001 1002/1002 1011/1011
f 1001/1001 1011/1011 1010/1010
f 1002/1002 1003/1003 1012/1012
f 1002/1002 1012/1012 1011/1011
f 1003/1003 1004/1004 1013/1013
f 1003/1003 1013/1013 1012/1012
f 1004/1004 1005/1005 1014/1014
f 1004/1004 1014/1014 1013/1013
f 1005/1005 1006/1006 1015/1015
f 1005/1005 1015/1015 1014/1014
f 1006/1006 1007/1007 1016/1016
f 1006/1006 1016/1016 1015/1015
f 1007/1007 1008/1008 1017/1017
f 1007/1007 1017/1017 1016/1016
f 1009/1009 1010/1010 1019/1019
f 1009/1009 1019/1019 1018/1018
f 1010/1010 1011/1011 1020/1020
f 1010/1010 1020/1020 1019/1019
f 1011/1011 1012/1012 1021/1021
f 1011/1011 1021/1021 1020/1020
f 1012/1012 1013/1013 1022/1022
f 1012/1012 1022/1022 1021/1021
f 1013/1013 1014/1014 1023/1023
f 1013/1013 1023/1023 1022/1022
f 1014/1014 1015/1015 1024/1024
f 1014/1014 1024/1024 1023/1023
f 1015/1015 1016/1016 1025/1025
f 1015/1015 1025/1025 1024/1024
f 1016/1016 1017/1017 1026/1026
f 1016/1016 1026/1026 1025/1025
f 1018/1018 1019/1019 1028/1028
f 1018/1018 1028/1028 1027/1027
f 1019/1019 1020/1020 1029/1029
f 1019/1019 1029/1029 1028/1028
f 1020/1020 1021/1021 1030/1030
f 1020/1020 1030/1030 1029/1029
f 1021/1021 1022/1022 1031/1031
f 1021/1021 1031/1031 1030/1030
f 1022/1022 1023/1023 1032/1032
f 1022/1022 1032/1032 1031/1031
f 1023/1023 1024/1024 1033/1033
f 1023/1023 1033/1033 1032/1032
f 1024/1024 1025/1025 1034/1034
f 1024/1024 1034/1034 1033/1033
f 1025/1025 1026/1026 1035/1035
f 1025/1025 1035/1035 1034/1034
f 1027/1027 1028/1028 1037/1037
f 1027/1027 1037/1037 1036/1036
f 1028/1028 1029/1029 1038/1038
f 1028/1028 1038/1038 1037/1037
f 1029/1029 1030/1030 1039/1039
f 1029/1029 1039/1039 1038/1038
f 1030/1030 1031/1031 1040/1040
f 1030/1030 1040/1040 1039/1039
f 1031/1031 1032/1032 1041/1041
f 1031/1031 1041/1041 1040/1040
f 1032/1032 1033/1033 1042/1042
f 1032/1032 1042/1042 1041/1041
f 1033/1033 1034/1034 1043/1043
f 1033/1033 1043/1043 1042/1042
f 1034/1034 1035/1035 1044/1044
f 1034/1034 1044/1044 1043/1043
f 1036/1036 1037/1037 1046/1046
f 1036/1036 1046/1046 1045/1045
f 1037/1037 1038/1038 1047/1047
f 1037/1037 1047/1047 1046/1046
f 1038/1038 1039/1039 1048/1048
f 1038/1038 1048/1048 1047/1047
f 1039/1039 1040/1040 1049/1049
f 1039/1039 1049/1049 1048/1048
f 1040/1040 1041/1041 1050/1050
f 1040/1040 1050/1050 1049/1049
f 1041/1041 1042/1042 1051/1051
f 1041/1041 1051/1051 1050/1050
f 1042/1042 1043/1043 1052/1052
f 1042/1042 1052/1052 1051/1051
f 1043/1043 1044/1044 1053/1053
f 1043/1043 1053/1053 1052/1052
f 1045/1045 1046/1046 1055/1055
f 1045/1045 1055/1055 1054/1054
f 1046/1046 1047/1047 1056/1056
f 1046/1046 1056/1056 1055/1055
f 1047/1047 1048/1048 1057/1057
f 1047/1047 1057/1057 1056/1056
f 1048/1048 1049/1049 1058/1058
f 1048/1048 1058/1058 1057/1057
f 1049/1049 1050/1050 1059/1059
f 1049/1049 1059/1059 1058/1058
f 1050/1050 1051/1051 1060/1060
f 1050/1050 1060/1060 1059/1059
f 1051/1051 1052/1052 1061/1061
f 1051/1051 1061/1061 1060/1060
f 1052/1052 1053/1053 1062/1062
f 1052/1052 1062/1062 1061/1061
f 1054/1054 1055/1055 1064/1064
f 1054/1054 1064/1064 1063/1063
f 1055/1055 1056/1056 1065/1065
f 1055/1055 1065/1065 1064/1064
f 1056/1056 1057/1057 1066/1066
f 1056/1056 1066/1066 1065/1065
f 1057/1057 1058/1058 1067/1067
f 1057/1057 1067/1067 1066/1066
f 1058/1058 1059/1059 1068/1068
f 1058/1058 1068/1068 1067/1067
f 1059/1059 1060/1060 1069/1069
f 1059/1059 1069/1069 1068/1068
f 1060/1060 1061/1061 1070/1070
f 1060/1060 1070/1070 1069/1069
f 1061/1061 1062/1062 1071/1071
f 1061/1061 1071/1071 1070/1070
f 1063/1063 1064/1064 1073/1073
f 1063/1063 1073/1073 1072/1072
f 1064/1064 1065/1065 1074/1074
f 1064/1064 1074/1074 1073/1073
f 1065/1065 1066/1066 1075/1075
f 1065/1065 1075/1075 1074/1074
f 1066/1066 1067/1067 1076/1076
f 1066/1066 1076/1076 1075/1075
f 1067/1067 1068/1068 1077/1077
f 1067/1067 1077/1077 1076/1076
f 1068/1068 1069/1069 1078/1078
f 1068/1068 1078/1078 1077/1077
f 1069/1069 1070/1070 1079/1079
f 1069/1069 1079/1079 1078/1078
f 1070/1070 1071/1071 1080/1080
f 1070/1070 1080/1080 1079/1079
f 1072/1072 1073/1073 1082/1082
f 1072/1072 1082/1082 1081/1081
f 1073/1073 1074/1074 1083/1083
f 1073/1073 1083/1083 1082/1082
f 1074/1074 1075/1075 1084/1084
f 1074/1074 1084/1084 1083/1083
f 1075/1075 1076/1076 1085/1085
f 1075/1075 1085/1085 1084/1084
f 1076/1076 1077/1077 1086/1086
f 1076/1076 1086/1086 1085/1085
f 1077/1077 1078/1078 1087/1087
f 1077/1077 1087/1087 1086/1086
f 1078/1078 1079/1079 1088/1088
f 1078/1078 1088/1088 1087/1087
f 1079/1079 1080/1080 1089/1089
f 1079/1079 1089/1089 1088/1088
f 1081/1081 1082/1082 1091/1091
f 1081/1081 1091/1091 1090/1090
f 1082/1082 1083/1083 1092/1092
f 1082/1082 1092/1092 1091/1091
f 1083/1083 1084/1084 1093/1093
f 1083/1083 1093/1093 1092/1092
f 1084/1084 1085/1085 1094/1094
f 1084/1084 1094/1094 1093/1093
f 1085/1085 1086/1086 1095/1095
f 1085/1085 1095/1095 1094/1094
f 1086/1086 1087/1087 1096/1096
f 1086/1086 1096/1096 1095/1095
f 1087/1087 1088/1088 1097/1097
f 1087/1087 1097/1097 1096/1096
f 1088/1088 1089/1089 1098/1098
f 1088/1088 1098/1098 1097/1097
f 1090/1090 1091/1091 1100/1100
f 1090/1090 1100/1100 1099/1099
f 1091/1091 1092/1092 1101/1101
f 1091/1091 1101/1101 1100/1100
f 1092/1092 1093/1093 1102/1102
f 1092/1092 1102/1102 1101/1101
f 1093/1093 1094/1094 1103/1103
f 1093/1093 1103/1103 1102/1102
f 1094/1094 1095/1095 1104/1104
f 1094/1094 1104/1104 1103/1103
f 1095/1095 1096/1096 1105/1105
f 1095/1095 1105/1105 1104/1104
f 1096/1096 1097/1097 1106/1106
f 1096/1096 1106/1106 1105/1105
f 1097/1097 1098/1098 1107/1107
f 1097/1097 1107/1107 1106/1106
f 1099/1099 1100/1100 1109/1109
f 1099/1099 1109/1109 1108/1108
f 1100/1100 1101/1101 1110/1110
f 1100/1100 1110/1110 1109/1109
f 1101/1101 1102/1102 1111/1111
f 1101/1101 1111/1111 1110/1110
f 1102/1102 1103/1103 1112/1112
f 1102/1102 1112/1112 1111/1111
f 1103/1103 1104/1104 1113/1113
f 1103/1103 1113/1113 1112/1112
f 1104/1104 1105/1105 1114/1114
f 1104/1104 1114/1114 1113/1113
f 1105/1105 1106/1106 1115/1115
f 1105/1105 1115/1115 1114/1114
f 1106/1106 1107/1107 1116/1116
f 1106/1106 1116/1116 1115/1115
f 1108/1108 1109/1109 1118/1118
f 1108/1108 1118/1118 1117/1117
f 1109/1109 1110/1110 1119/1119
f 1109/1109 1119/1119 1118/1118
f 1110/1110 1111/1111 1120/1120
f 1110/1110 1120/1120 1119/1119
f 1111/1111 1112/1112 1121/1121
f 1111/1111 1121/1121 1120/1120
f 1112/1112 1113/1113 1122/1122
f 1112/1112 1122/1122 1121/1121
f 1113/1113 1114/1114 1123/1123
f 1113/1113 1123/1123 1122/1122
f 1114/1114 1115/1115 1124/1124
f 1114/1114 1124/1124 1123/1123
f 1115/1115 1116/1116 1125/1125
f 1115/1115 1125/1125 1124/1124
f 1117/1117 1118/1118 1127/1127
f 1117/1117 1127/1127 1126/1126
f 1118/1118 1119/1119 1128/1128
f 1118/1118 1128/1128 1127/1127
f 1119/1119 1120/1120 1129/1129
f 1119/1119 1129/1129 1128/1128
f 1120/1120 1121/1121 1130/1130
f 1120/1120 1130/1130 1129/1129
f 1121/1121 1122/1122 1131/1131
f 1121/1121 1131/1131 1130/1130
f 1122/1122 1123/1123 1132/1132
f 1122/1122 1132/1132 1131/1131
f 1123/1123 1124/1124 1133/1133
f 1123/1123 1133/1133 1132/1132
f 1124/1124 1125/1125 1134/1134
f 1124/1124 1134/1134 1133/1133
f 1126/1126 1127/1127 1136/1136
f 1126/1126 1136/1136 1135/1135
f 1127/1127 1128/1128 1137/1137
f 1127/1127 1137/1137 1136/1136
f 1128/1128 1129/1129 1138/1138
f 1128/1128 1138/1138 1137/1137
f 1129/1129 1130/1130 1139/1139
f 1129/1129 1139/1139 1138/1138
f 1130/1130 1131/1131 1140/1140
f 1130/1130 1140/1140 1139/1139
f 1131/1131 1132/1132 1141/1141
f 1131/1131 1141/1141 1140/1140
f 1132/1132 1133/1133 1142/1142
f 1132/1132 1142/1142 1141/1141
f 1133/1133 1134/1134 1143/1143
f 1133/1133 1143/1143 1142/1142
f 1135/1135 1136/1136 1145/1145
f 1135/1135 1145/1145 1144/1144
f 1136/1136 1137/1137 1146/1146
f 1136/1136 1146/1146 1145/1145
f 1137/1137 1138/1138 1147/1147
f 1137/1137 1147/1147 1146/1146
f 1138/1138 1139/1139 1148/1148
f 1138/1138 1148/1148 1147/1147
f 1139/1139 1140/1140 1149/1149
f 1139/1139 1149/1149 1148/1148
f 1140/1140 1141/1141 1150/1150
f 1140/1140 1150/1150 1149/1149
f 1141/1141 1142/1142 1151/1151
f 1141/1141 1151/1151 1150/1150
f 1142/1142 1143/1143 1152/1152
f 1142/1142 1152/1152 1151/1151
f 1144/1144 1145/1145 1154/1154
f 1144/1144 1154/1154 1153/1153
f 1145/1145 1146/1146 1155/1155
f 1145/1145 1155/1155 1154/1154
f 1146/1146 1147/1147 1156/1156
f 1146/1146 1156/1156 1155/1155
f 1147/1147 1148/1148 1157/1157
f 1147/1147 1157/1157 1156/1156
f 1148/1148 1149/1149 1158/1158
f 1148/1148 1158/1158 1157/1157
f 1149/1149 1150/1150 1159/1159
f 1149/1149 1159/1159 1158/1158
f 1150/1150 1151/1151 1160/1160
f 1150/1150 1160/1160 1159/1159
f 1151/1151 1152/1152 1161/1161
f 1151/1151 1161/1161 1160/1160
f 1153/1153 1154/1154 1163/1163
f 1153/1153 1163/1163 1162/1162
f 1154/1154 1155/1155 1164/1164
f 1154/1154 1164/1164 1163/1163
f 1155/1155 1156/1156 1165/1165
f 1155/1155 1165/1165 1164/1164
f 1156/1156 1157/1157 1166/1166
f 1156/1156 1166/1166 1165/1165
f 1157/1157 1158/1158 1167/1167
f 1157/1157 1167/1167 1166/1166
f 1158/1158 1159/1159 1168/1168
f 1158/1158 1168/1168 1167/1167
f 1159/1159 1160/1160 1169/1169
f 1159/1159 1169/1169 1168/1168
f 1160/1160 1161/1161 1170/1170
f 1160/1160 1170/1170 1169/1169
f 1162/1162 1163/1163 1172/1172
f 1162/1162 1172/1172 1171/1171
f 1163/1163 1164/1164 1173/1173
f 1163/1163 1173/1173 1172/1172
f 1164/1164 1165/1165 1174/1174
f 1164/1164 1174/1174 1173/1173
f 1165/1165 1166/1166 1175/1175
f 1165/1165 1175/1175 1174/1174
f 1166/1166 1167/1167 1176/1176
f 1166/1166 1176/1176 1175/1175
f 1167/1167 1168/1168 1177/1177
f 1167/1167 1177/1177 1176/1176
f 1168/1168 1169/1169 1178/1178
f 1168/1168 1178/1178 1177/1177
f 1169/1169 1170/1170 1179/1179
f 1169/1169 1179/1179 1178/1178
f 1180/1180 1181/1181 1190/1190
f 1180/1180 1190/1190 1189/1189
f 1181/1181 1182/1182 1191/1191
f 1181/1181 1191/1191 1190/1190
f 1182/1182 1183/1183 1192/1192
f 1182/1182 1192/1192 1191/1191
f 1183/1183 1184/1184 1193/1193
f 1183/1183 1193/1193 1192/1192
f 1184/1184 1185/1185 1194/1194
f 1184/1184 1194/1194 1193/1193
f 1185/1185 1186/1186 1195/1195
f 1185/1185 1195/1195 1194/1194
f 1186/1186 1187/1187 1196/1196
f 1186/1186 1196/1196 1195/1195
f 1187/1187 1188/1188 1197/1197
f 1187/1187 1197/1197 1196/1196
f 1189/1189 1190/1190 1199/1199
f 1189/1189 1199/1199 1198/1198
f 1190/1190 1191/1191 1200/1200
f 1190/1190 1200/1200 1199/1199
f 1191/1191 1192/1192 1201/1201
f 1191/1191 1201/1201 1200/1200
f 1192/1192 1193/1193 1202/1202
f 1192/1192 1202/1202 1201/1201
f 1193/1193 1194/1194 1203/1203
f 1193/1193 1203/1203 1202/1202
f 1194/1194 1195/1195 1204/1204
f 1194/1194 1204/1204 1203/1203
f 1195/1195 1196/1196 1205/1205
f 1195/1195 1205/1205 1204/1204
f 1196/1196 1197/1197 1206/1206
f 1196/1196 1206/1206 1205/1205
f 1198/1198 1199/1199 1208/1208
f 1198/1198 1208/1208 1207/1207
f 1199/1199 1200/1200 1209/1209
f 1199/1199 1209/1209 1208/1208
f 1200/1200 1201/1201 1210/1210
f 1200/1200 1210/1210 1209/1209
f 1201/1201 1202/1202 1211/1211
f 1201/1201 1211/1211 1210/1210
f 1202/1202 1203/1203 1212/1212
f 1202/1202 1212/1212 1211/1211
f 1203/1203 1204/1204 1213/1213
f 1203/1203 1213/1213 1212/1212
f 1204/1204 1205/1205 1214/1214
f 1204/1204 1214/1214 1213/1213
f 1205/1205 1206/1206 1215/1215
f 1205/1205 1215/1215 1214/1214
f 1207/1207 1208/1208 1217/1217
f 1207/1207 1217/1217 1216/1216
f 1208/1208 1209/1209 1218/1218
f 1208/1208 1218/1218 1217/1217
f 1209/1209 1210/1210 1219/1219
f 1209/1209 1219/1219 1218/1218
f 1210/1210 1211/1211 1220/1220
f 1210/1210 1220/1220 1219/1219
f 1211/1211 1212/1212 1221/1221
f 1211/1211 1221/1221 1220/1220
f 1212/1212 1213/1213 1222/1222
f 1212/1212 1222/1222 1221/1221
f 1213/1213 1214/1214 1223/1223
f 1213/1213 1223/1223 1222/1222
f 1214/1214 1215/1215 1224/1224
f 1214/1214 1224/1224 1223/1223
f 1216/1216 1217/1217 1226/1226
f 1216/1216 1226/1226 1225/1225
f 1217/1217 1218/1218 1227/1227
f 1217/1217 1227/1227 1226/1226
f 1218/1218 1219/1219 1228/1228
f 1218/1218 1228/1228 1227/1227
f 1219/1219 1220/1220 1229/1229
f 1219/1219 1229/1229 1228/1228
f 1220/1220 1221/1221 1230/1230
f 1220/1220 1230/1230 1229/1229
f 1221/1221 1222/1222 1231/1231
f 1221/1221 1231/1231 1230/1230
f 1222/1222 1223/1223 1232/1232
f 1222/1222 1232/1232 1231/1231
f 1223/1223 1224/1224 1233/1233
f 1223/1223 1233/1233 1232/1232
f 1225/1225 1226/1226 1235/1235
f 1225/1225 1235/1235 1234/1234
f 1226/1226 1227/1227 1236/1236
f 1226/1226 1236/1236 1235/1235
f 1227/1227 1228/1228 1237/1237
f 1227/1227 1237/1237 1236/1236
f 1228/1228 1229/1229 1238/1238
f 1228/1228 1238/1238 1237/1237
f 1229/1229 1230/1230 1239/1239
f 1229/1229 1239/1239 1238/1238
f 1230/1230 1231/1231 1240/1240
f 1230/1230 1240/1240 1239/1239
f 1231/1231 1232/1232 1241/1241
f 1231/1231 1241/1241 1240/1240
f 1232/1232 1233/1233 1242/1242
f 1232/1232 1242/1242 1241/1241
f 1234/1234 1235/1235 1244/1244
f 1234/1234 1244/1244 1243/1243
f 1235/1235 1236/1236 1245/1245
f 1235/1235 1245/1245 1244/1244
f 1236/1236 1237/1237 1246/1246
f 1236/1236 1246/1246 1245/1245
f 1237/1237 1238/1238 1247/1247
f 1237/1237 1247/1247 1246/1246
f 1238/1238 1239/1239 1248/1248
f 1238/1238 1248/1248 1247/1247
f 1239/1239 1240/1240 1249/1249
f 1239/1239 1249/1249 1248/1248
f 1240/1240 1241/1241 1250/1250
f 1240/1240 1250/1250 1249/1249
f 1241/1241 1242/1242 1251/1251
f 1241/1241 1251/1251 1250/1250
f 1243/1243 1244/1244 1253/1253
f 1243/1243 1253/1253 1252/1252
f 1244/1244 1245/1245 1254/1254
f 1244/1244 1254/1254 1253/1253
f 1245/1245 1246/1246 1255/1255
f 1245/1245 1255/1255 1254/1254
f 1246/1246 1247/1247 1256/1256
f 1246/1246 1256/1256 1255/1255
f 1247/1247 1248/1248 1257/1257
f 1247/1247 1257/1257 1256/1256
f 1248/1248 1249/1249 1258/1258
f 1248/1248 1258/1258 1257/1257
f 1249/1249 1250/1250 1259/1259
f 1249/1249 1259/1259 1258/1258
f 1250/1250 1251/1251 1260/1260
f 1250/1250 1260/1260 1259/1259
f 1252/1252 1253/1253 1262/1262
f 1252/1252 1262/1262 1261/1261
f 1253/1253 1254/1254 1263/1263
f 1253/1253 1263/1263 1262/1262
f 1254/1254 1255/1255 1264/1264
f 1254/1254 1264/1264 1263/1263
f 1255/1255 1256/1256 1265/1265
f 1255/1255 1265/1265 1264/1264
f 1256/1256 1257/1257 1266/1266
f 1256/1256 1266/1266 1265/1265
f 1257/1257 1258/1258 1267/1267
f 1257/1257 1267/1267 1266/1266
f 1258/1258 1259/1259 1268/1268
f 1258/1258 1268/1268 1267/1267
f 1259/1259 1260/1260 1269/1269
f 1259/1259 1269/1269 1268/1268
f 1261/1261 1262/1262 1271/1271
f 1261/1261 1271/1271 1270/1270
f 1262/1262 1263/1263 1272/1272
f 1262/1262 1272/1272 1271/1271
f 1263/1263 1264/1264 1273/1273
f 1263/1263 1273/1273 1272/1272
f 1264/1264 1265/1265 1274/1274
f 1264/1264 1274/1274 1273/1273
f 1265/1265 1266/1266 1275/1275
f 1265/1265 1275/1275 1274/1274
f 1266/1266 1267/1267 1276/1276
f 1266/1266 1276/1276 1275/1275
f 1267/1267 1268/1268 1277/1277
f 1267/1267 1277/1277 1276/1276
f 1268/1268 1269/1269 1278/1278
f 1268/1268 1278/1278 1277/1277
f 1270/1270 1271/1271 1280/1280
f 1270/1270 1280/1280 1279/1279
f 1271/1271 1272/1272 1281/1281
f 1271/1271 1281/1281 1280/1280
f 1272/1272 1273/1273 1282/1282
f 1272/1272 1282/1282 1281/1281
f 1273/1273 1274/1274 1283/1283
f 1273/1273 1283/1283 1282/1282
f 1274/1274 1275/1275 1284/1284
f 1274/1274 1284/1284 1283/1283
f 1275/1275 1276/1276 1285/1285
f 1275/1275 1285/1285 1284/1284
f 1276/1276 1277/1277 1286/1286
f 1276/1276 1286/1286 1285/1285
f 1277/1277 1278/1278 1287/1287
f 1277/1277 1287/1287 1286/1286
f 1279/1279 1280/1280 1289/1289
f 1279/1279 1289/1289 1288/1288
f 1280/1280 1281/1281 1290/1290
f 1280/1280 1290/1290 1289/1289
f 1281/1281 1282/1282 1291/1291
f 1281/1281 1291/1291 1290/1290
f 1282/1282 1283/1283 1292/1292
f 1282/1282 1292/1292 1291/1291
f 1283/1283 1284/1284 1293/1293
f 1283/1283 1293/1293 1292/1292
f 1284/1284 1285/1285 1294/1294
f 1284/1284 1294/1294 1293/1293
f 1285/1285 1286/1286 1295/1295
f 1285/1285 1295/1295 1294/1294
f 1286/1286 1287/1287 1296/1296
f 1286/1286 1296/1296 1295/1295
f 1288/1288 1289/1289 1298/1298
f 1288/1288 1298/1298 1297/1297
f 1289/1289 1290/1290 1299/1299
f 1289/1289 1299/1299 1298/1298
f 1290/1290 1291/1291 1300/1300
f 1290/1290 1300/1300 1299/1299
f 1291/1291 1292/1292 1301/1301
f 1291/1291 1301/1301 1300/1300
f 1292/1292 1293/1293 1302/1302
f 1292/1292 1302/1302 1301/1301
f 1293/1293 1294/1294 1303/1303
f 1293/1293 1303/1303 1302/1302
f 1294/1294 1295/1295 1304/1304
f 1294/1294 1304/1304 1303/1303
f 1295/1295 1296/1296 1305/1305
f 1295/1295 1305/1305 1304/1304
f 1297/1297 1298/1298 1307/1307
f 1297/1297 1307/1307 1306/1306
f 1298/1298 1299/1299 1308/1308
f 1298/1298 1308/1308 1307/1307
f 1299/1299 1300/1300 1309/1309
f 1299/1299 1309/1309 1308/1308
f 1300/1300 1301/1301 1310/1310
f 1300/1300 1310/1310 1309/1309
f 1301/1301 1302/1302 1311/1311
f 1301/1301 1311/1311 1310/1310
f 1302/1302 1303/1303 1312/1312
f 1302/1302 1312/1312 1311/1311
f 1303/1303 1304/1304 1313/1313
f 1303/1303 1313/1313 1312/1312
f 1304/1304 1305/1305 1314/1314
f 1304/1304 1314/1314 1313/1313
f 1306/1306 1307/1307 1316/1316
f 1306/1306 1316/1316 1315/1315
f 1307/1307 1308/1308 1317/1317
f 1307/1307 1317/1317 1316/1316
f 1308/1308 1309/1309 1318/1318
f 1308/1308 1318/1318 1317/1317
f 1309/1309 1310/1310 1319/1319
f 1309/1309 1319/1319 1318/1318
f 1310/1310 1311/1311 1320/1320
f 1310/1310 1320/1320 1319/1319
f 1311/1311 1312/1312 1321/1321
f 1311/1311 1321/1321 1320/1320
f 1312/1312 1313/1313 1322/1322
f 1312/1312 1322/1322 1321/1321
f 1313/1313 1314/1314 1323/1323
f 1313/1313 1323/1323 1322/1322
f 1315/1315 1316/1316 1325/1325
f 1315/1315 1325/1325 1324/1324
f 1316/1316 1317/1317 1326/1326
f 1316/1316 1326/1326 1325/1325
f 1317/1317 1318/1318 1327/1327
f 1317/1317 1327/1327 1326/1326
f 1318/1318 1319/1319 1328/1328
f 1318/1318 1328/1328 1327/1327
f 1319/1319 1320/1320 1329/1329
f 1319/1319 1329/1329 1328/1328
f 1320/1320 1321/1321 1330/1330
f 1320/1320 1330/1330 1329/1329
f 1321/1321 1322/1322 1331/1331
f 1321/1321 1331/1331 1330/1330
f 1322/1322 1323/1323 1332/1332
f 1322/1322 1332/1332 1331/1331
f 1324/1324 1325/1325 1334/1334
f 1324/1324 1334/1334 1333/1333
f 1325/1325 1326/1326 1335/1335
f 1325/1325 1335/1335 1334/1334
f 1326/1326 1327/1327 1336/1336
f 1326/1326 1336/1336 1335/1335
f 1327/1327 1328/1328 1337/1337
f 1327/1327 1337/1337 1336/1336
f 1328/1328 1329/1329 1338/1338
f 1328/1328 1338/1338 1337/1337
f 1329/1329 1330/1330 1339/1339
f 1329/1329 1339/1339 1338/1338
f 1330/1330 1331/1331 1340/1340
f 1330/1330 1340/1340 1339/1339
f 1331/1331 1332/1332 1341/1341
f 1331/1331 1341/1341 1340/1340
f 1333/1333 1334/1334 1343/1343
f 1333/1333 1343/1343 1342/1342
f 1334/1334 1335/1335 1344/1344
f 1334/1334 1344/1344 1343/1343
f 1335/1335 1336/1336 1345/1345
f 1335/1335 1345/1345 1344/1344
f 1336/1336 1337/1337 1346/1346
f 1336/1336 1346/1346 1345/1345
f 1337/1337 1338/1338 1347/1347
f 1337/1337 1347/1347 1346/1346
f 1338/1338 1339/1339 1348/1348
f 1338/1338 1348/1348 1347/1347
f 1339/1339 1340/1340 1349/1349
f 1339/1339 1349/1349 1348/1348
f 1340/1340 1341/1341 1350/1350
f 1340/1340 1350/1350 1349/1349
f 1342/1342 1343/1343 1352/1352
f 1342/1342 1352/1352 1351/1351
f 1343/1343 1344/1344 1353/1353
f 1343/1343 1353/1353 1352/1352
f 1344/1344 1345/1345 1354/1354
f 1344/1344 1354/1354 1353/1353
f 1345/1345 1346/1346 1355/1355
f 1345/1345 1355/1355 1354/1354
f 1346/1346 1347/1347 1356/1356
f 1346/1346 1356/1356 1355/1355
f 1347/1347 1348/1348 1357/1357
f 1347/1347 1357/1357 1356/1356
f 1348/1348 1349/1349 1358/1358
f 1348/1348 1358/1358 1357/1357
f 1349/1349 1350/1350 1359/1359
f 1349/1349 1359/1359 1358/1358
f 1351/1351 1352/1352 1361/1361
f 1351/1351 1361/1361 1360/1360
f 1352/1352 1353/1353 1362/1362
f 1352/1352 1362/1362 1361/1361
f 1353/1353 1354/1354 1363/1363
f 1353/1353 1363/1363 1362/1362
f 1354/1354 1355/1355 1364/1364
f 1354/1354 1364/1364 1363/1363
f 1355/1355 1356/1356 1365/1365
f 1355/1355 1365/1365 1364/1364
f 1356/1356 1357/1357 1366/1366
f 1356/1356 1366/1366 1365/1365
f 1357/1357 1358/1358 1367/1367
f 1357/1357 1367/1367 1366/1366
f 1358/1358 1359/1359 1368/1368
f 1358/1358 1368/1368 1367/1367
f 1360/1360 1361/1361 1370/1370
f 1360/1360 1370/1370 1369/1369
f 1361/1361 1362/1362 1371/1371
f 1361/1361 1371/1371 1370/1370
f 1362/1362 1363/1363 1372/1372
f 1362/1362 1372/1372 1371/1371
f 1363/1363 1364/1364 1373/1373
f 1363/1363 1373/1373 1372/1372
f 1364/1364 1365/1365 1374/1374
f 1364/1364 1374/1374 1373/1373
f 1365/1365 1366/1366 1375/1375
f 1365/1365 1375/1375 1374/1374
f 1366/1366 1367/1367 1376/1376
f 1366/1366 1376/1376 1375/1375
f 1367/1367 1368/1368 1377/1377
f 1367/1367 1377/1377 1376/1376
f 1369/1369 1370/1370 1379/1379
f 1369/1369 1379/1379 1378/1378
f 1370/1370 1371/1371 1380/1380
f 1370/1370 1380/1380 1379/1379
f 1371/1371 1372/1372 1381/1381
f 1371/1371 1381/1381 1380/1380
f 1372/1372 1373/1373 1382/1382
f 1372/1372 1382/1382 1381/1381
f 1373/1373 1374/1374 1383/1383
f 1373/1373 1383/1383 1382/1382
f 1374/1374 1375/1375 1384/1384
f 1374/1374 1384/1384 1383/1383
f 1375/1375 1376/1376 1385/1385
f 1375/1375 1385/1385 1384/1384
f 1376/1376 1377/1377 1386/1386
f 1376/1376 1386/1386 1385/1385
f 1378/1378 1379/1379 1388/1388
f 1378/1378 1388/1388 1387/1387
f 1379/1379 1380/1380 1389/1389
f 1379/1379 1389/1389 1388/1388
f 1380/1380 1381/1381 1390/1390
f 1380/1380 1390/1390 1389/1389
f 1381/1381 1382/1382 1391/1391
f 1381/1381 1391/1391 1390/1390
f 1382/1382 1383/1383 1392/1392
f 1382/1382 1392/1392 1391/1391
f 1383/1383 1384/1384 1393/1393
f 1383/1383 1393/1393 1392/1392
f 1384/1384 1385/1385 1394/1394
f 1384/1384 1394/1394 1393/1393
f 1385/1385 1386/1386 1395/1395
f 1385/1385 1395/1395 1394/1394
f 1387/1387 1388/1388 1397/1397
f 1387/1387 1397/1397 1396/1396
f 1388/1388 1389/1389 1398/1398
f 1388/1388 1398/1398 1397/1397
f 1389/1389 1390/1390 1399/1399
f 1389/1389 1399/1399 1398/1398
f 1390/1390 1391/1391 1400/1400
f 1390/1390 1400/1400 1399/1399
f 1391/1391 1392/1392 1401/1401
f 1391/1391 1401/1401 1400/1400
f 1392/1392 1393/1393 1402/1402
f 1392/1392 1402/1402 1401/1401
f 1393/1393 1394/1394 1403/1403
f 1393/1393 1403/1403 1402/1402
f 1394/1394 1395/1395 1404/1404
f 1394/1394 1404/1404 1403/1403
f 1396/1396 1397/1397 1406/1406
f 1396/1396 1406/1406 1405/1405
f 1397/1397 1398/1398 1407/1407
f 1397/1397 1407/1407 1406/1406
f 1398/1398 1399/1399 1408/1408
f 1398/1398 1408/1408 1407/1407
f 1399/1399 1400/1400 1409/1409
f 1399/1399 1409/1409 1408/1408
f 1400/1400 1401/1401 1410/1410
f 1400/1400 1410/1410 1409/1409
f 1401/1401 1402/1402 1411/1411
f 1401/1401 1411/1411 1410/1410
f 1402/1402 1403/1403 1412/1412
f 1402/1402 1412/1412 1411/1411
f 1403/1403 1404/1404 1413/1413
f 1403/1403 1413/1413 1412/1412
f 1405/1405 1406/1406 1415/1415
f 1405/1405 1415/1415 1414/1414
f 1406/1406 1407/1407 1416/1416
f 1406/1406 1416/1416 1415/1415
f 1407/1407 1408/1408 1417/1417
f 1407/1407 1417/1417 1416/1416
f 1408/1408 1409/1409 1418/1418
f 1408/1408 1418/1418 1417/1417
f 1409/1409 1410/1410 1419/1419
f 1409/1409 1419/1419 1418/1418
f 1410/1410 1411/1411 1420/1420
f 1410/1410 1420/1420 1419/1419
f 1411/1411 1412/1412 1421/1421
f 1411/1411 1421/1421 1420/1420
f 1412/1412 1413/1413 1422/1422
f 1412/1412 1422/1422 1421/1421
f 1414/1414 1415/1415 1424/1424
f 1414/1414 1424/1424 1423/1423
f 1415/1415 1416/1416 1425/1425
f 1415/1415 1425/1425 1424/1424
f 1416/1416 1417/1417 1426/1426
f 1416/1416 1426/1426 1425/1425
f 1417/1417 1418/1418 1427/1427
f 1417/1417 1427/1427 1426/1426
f 1418/1418 1419/1419 1428/1428
f 1418/1418 1428/1428 1427/1427
f 1419/1419 1420/1420 1429/1429
f 1419/1419 1429/1429 1428/1428
f 1420/1420 1421/1421 1430/1430
f 1420/1420 1430/1430 1429/1429
f 1421/1421 1422/1422 1431/1431
f 1421/1421 1431/1431 1430/1430
f 1423/1423 1424/1424 1433/1433
f 1423/1423 1433/1433 1432/1432
f 1424/1424 1425/1425 1434/1434
f 1424/1424 1434/1434 1433/1433
f 1425/1425 1426/1426 1435/1435
f 1425/1425 1435/1435 1434/1434
f 1426/1426 1427/1427 1436/1436
f 1426/1426 1436/1436 1435/1435
f 1427/1427 1428/1428 1437/1437
f 1427/1427 1437/1437 1436/1436
f 1428/1428 1429/1429 1438/1438
f 1428/1428 1438/1438 1437/1437
f 1429/1429 1430/1430 1439/1439
f 1429/1429 1439/1439 1438/1438
f 1430/1430 1431/1431 1440/1440
f 1430/1430 1440/1440 1439/1439
f 1432/1432 1433/1433 1442/1442
f 1432/1432 1442/1442 1441/1441
f 1433/1433 1434/1434 1443/1443
f 1433/1433 1443/1443 1442/1442
f 1434/1434 1435/1435 1444/1444
f 1434/1434 1444/1444 1443/1443
f 1435/1435 1436/1436 1445/1445
f 1435/1435 1445/1445 1444/1444
f 1436/1436 1437/1437 1446/1446
f 1436/1436 1446/1446 1445/1445
f 1437/1437 1438/1438 1447/1447
f 1437/1437 1447/1447 1446/1446
f 1438/1438 1439/1439 1448/1448
f 1438/1438 1448/1448 1447/1447
f 1439/1439 1440/1440 1449/1449
f 1439/1439 1449/1449 1448/1448
f 1441/1441 1442/1442 1451/1451
f 1441/1441 1451/1451 1450/1450
f 1442/1442 1443/1443 1452/1452
f 1442/1442 1452/1452 1451/1451
f 1443/1443 1444/1444 1453/1453
f 1443/1443 1453/1453 1452/1452
f 1444/1444 1445/1445 1454/1454
f 1444/1444 1454/1454 1453/1453
f 1445/1445 1446/1446 1455/1455
f 1445/1445 1455/1455 1454/1454
f 1446/1446 1447/1447 1456/1456
f 1446/1446 1456/1456 1455/1455
f 1447/1447 1448/1448 1457/1457
f 1447/1447 1457/1457 1456/1456
f 1448/1448 1449/1449 1458/1458
f 1448/1448 1458/1458 1457/1457
f 1450/1450 1451/1451 1460/1460
f 1450/1450 1460/1460 1459/1459
f 1451/1451 1452/1452 1461/1461
f 1451/1451 1461/1461 1460/1460
f 1452/1452 1453/1453 1462/1462
f 1452/1452 1462/1462 1461/1461
f 1453/1453 1454/1454 1463/1463
f 1453/1453 1463/1463 1462/1462
f 1454/1454 1455/1455 1464/1464
f 1454/1454 1464/1464 1463/1463
f 1455/1455 1456/1456 1465/1465
f 1455/1455 1465/1465 1464/1464
f 1456/1456 1457/1457 1466/1466
f 1456/1456 1466/1466 1465/1465
f 1457/1457 1458/1458 1467/1467
f 1457/1457 1467/1467 1466/1466
f 1459/1459 1460/1460 1469/1469
f 1459/1459 1469/1469 1468/1468
f 1460/1460 1461/1461 1470/1470
f 1460/1460 1470/1470 1469/1469
f 1461/1461 1462/1462 1471/1471
f 1461/1461 1471/1471 1470/1470
f 1462/1462 1463/1463 1472/1472
f 1462/1462 1472/1472 1471/1471
f 1463/1463 1464/1464 1473/1473
f 1463/1463 1473/1473 1472/1472
f 1464/1464 1465/1465 1474/1474
f 1464/1464 1474/1474 1473/1473
f 1465/1465 1466/1466 1475/1475
f 1465/1465 1475/1475 1474/1474
f 1466/1466 1467/1467 1476/1476
f 1466/1466 1476/1476 1475/1475
f 1468/1468 1469/1469 1478/1478
f 1468/1468 1478/1478 1477/1477
f 1469/1469 1470/1470 1479/1479
f 1469/1469 1479/1479 1478/1478
f 1470/1470 1471/1471 1480/1480
f 1470/1470 1480/1480 1479/1479
f 1471/1471 1472/1472 1481/1481
f 1471/1471 1481/1481 1480/1480
f 1472/1472 1473/1473 1482/1482
f 1472/1472 1482/1482 1481/1481
f 1473/1473 1474/1474 1483/1483
f 1473/1473 1483/1483 1482/1482
f 1474/1474 1475/1475 1484/1484
f 1474/1474 1484/1484 1483/1483
f 1475/1475 1476/1476 1485/1485
f 1475/1475 1485/1485 1484/1484
f 1477/1477 1478/1478 1487/1487
f 1477/1477 1487/1487 1486/1486
f 1478/1478 1479/1479 1488/1488
f 1478/1478 1488/1488 1487/1487
f 1479/1479 1480/1480 1489/1489
f 1479/1479 1489/1489 1488/1488
f 1480/1480 1481/1481 1490/1490
f 1480/1480 1490/1490 1489/1489
f 1481/1481 1482/1482 1491/1491
f 1481/1481 1491/1491 1490/1490
f 1482/1482 1483/1483 1492/1492
f 1482/1482 1492/1492 1491/1491
f 1483/1483 1484/1484 1493/1493
f 1483/1483 1493/1493 1492/1492
f 1484/1484 1485/1485 1494/1494
f 1484/1484 1494/1494 1493/1493
f 1486/1486 1487/1487 1496/1496
f 1486/1486 1496/1496 1495/1495
f 1487/1487 1488/1488 1497/1497
f 1487/1487 1497/1497 1496/1496
f 1488/1488 1489/1489 1498/1498
f 1488/1488 1498/1498 1497/1497
f 1489/1489 1490/1490 1499/1499
f 1489/1489 1499/1499 1498/1498
f 1490/1490 1491/1491 1500/1500
f 1490/1490 1500/1500 1499/1499
f 1491/1491 1492/1492 1501/1501
f 1491/1491 1501/1501 1500/1500
f 1492/1492 1493/1493 1502/1502
f 1492/1492 1502/1502 1501/1501
f 1493/1493 1494/1494 1503/1503
f 1493/1493 1503/1503 1502/1502
f 1495/1495 1496/1496 1505/1505
f 1495/1495 1505/1505 1504/1504
f 1496/1496 1497/1497 1506/1506
f 1496/1496 1506/1506 1505/1505
f 1497/1497 1498/1498 1507/1507
f 1497/1497 1507/1507 1506/1506
f 1498/1498 1499/1499 1508/1508
f 1498/1498 1508/1508 1507/1507
f 1499/1499 1500/1500 1509/1509
f 1499/1499 1509/1509 1508/1508
f 1500/1500 1501/1501 1510/1510
f 1500/1500 1510/1510 1509/1509
f 1501/1501 1502/1502 1511/1511
f 1501/1501 1511/1511 1510/1510
f 1502/1502 1503/1503 1512/1512
f 1502/1502 1512/1512 1511/1511
f 1504/1504 1505/1505 1514/1514
f 1504/1504 1514/1514 1513/1513
f 1505/1505 1506/1506 1515/1515
f 1505/1505 1515/1515 1514/1514
f 1506/1506 1507/1507 1516/1516
f 1506/1506 1516/1516 1515/1515
f 1507/1507 1508/1508 1517/1517
f 1507/1507 1517/1517 1516/1516
f 1508/1508 1509/1509 1518/1518
f 1508/1508 1518/1518 1517/1517
f 1509/1509 1510/1510 1519/1519
f 1509/1509 1519/1519 1518/1518
f 1510/1510 1511/1511 1520/1520
f 1510/1510 1520/1520 1519/1519
f 1511/1511 1512/1512 1521/1521
f 1511/1511 1521/1521 1520/1520
f 1513/1513 1514/1514 1523/1523
f 1513/1513 1523/1523 1522/1522
f 1514/1514 1515/1515 1524/1524
f 1514/1514 1524/1524 1523/1523
f 1515/1515 1516/1516 1525/1525
f 1515/1515 1525/1525 1524/1524
f 1516/1516 1517/1517 1526/1526
f 1516/1516 1526/1526 1525/1525
f 1517/1517 1518/1518 1527/1527
f 1517/1517 1527/1527 1526/1526
f 1518/1518 1519/1519 1528/1528
f 1518/1518 1528/1528 1527/1527
f 1519/1519 1520/1520 1529/1529
f 1519/1519 1529/1529 1528/1528
f 1520/1520 1521/1521 1530/1530
f 1520/1520 1530/1530 1529/1529
f 1522/1522 1523/1523 1532/1532
f 1522/1522 1532/1532 1531/1531
f 1523/1523 1524/1524 1533/1533
f 1523/1523 1533/1533 1532/1532
f 1524/1524 1525/1525 1534/1534
f 1524/1524 1534/1534 1533/1533
f 1525/1525 1526/1526 1535/1535
f 1525/1525 1535/1535 1534/1534
f 1526/1526 1527/1527 1536/1536
f 1526/1526 1536/1536 1535/1535
f 1527/1527 1528/1528 1537/1537
f 1527/1527 1537/1537 1536/1536
f 1528/1528 1529/1529 1538/1538
f 1528/1528 1538/1538 1537/1537
f 1529/1529 1530/1530 1539/1539
f 1529/1529 1539/1539 1538/1538
f 1531/1531 1532/1532 1541/1541
f 1531/1531 1541/1541 1540/1540
f 1532/1532 1533/1533 1542/1542
f 1532/1532 1542/1542 1541/1541
f 1533/1533 1534/1534 1543/1543
f 1533/1533 1543/1543 1542/1542
f 1534/1534 1535/1535 1544/1544
f 1534/1534 1544/1544 1543/1543
f 1535/1535 1536/1536 1545/1545
f 1535/1535 1545/1545 1544/1544
f 1536/1536 1537/1537 1546/1546
f 1536/1536 1546/1546 1545/1545
f 1537/1537 1538/1538 1547/1547
f 1537/1537 1547/1547 1546/1546
f 1538/1538 1539/1539 1548/1548
f 1538/1538 1548/1548 1547/1547
f 1540/1540 1541/1541 1550/1550
f 1540/1540 1550/1550 1549/1549
f 1541/1541 1542/1542 1551/1551
f 1541/1541 1551/1551 1550/1550
f 1542/1542 1543/1543 1552/1552
f 1542/1542 1552/1552 1551/1551
f 1543/1543 1544/1544 1553/1553
f 1543/1543 1553/1553 1552/1552
f 1544/1544 1545/1545 1554/1554
f 1544/1544 1554/1554 1553/1553
f 1545/1545 1546/1546 1555/1555
f 1545/1545 1555/1555 1554/1554
f 1546/1546 1547/1547 1556/1556
f 1546/1546 1556/1556 1555/1555
f 1547/1547 1548/1548 1557/1557
f 1547/1547 1557/1557 1556/1556
f 1549/1549 1550/1550 1559/1559
f 1549/1549 1559/1559 1558/1558
f 1550/1550 1551/1551 1560/1560
f 1550/1550 1560/1560 1559/1559
f 1551/1551 1552/1552 1561/1561
f 1551/1551 1561/1561 1560/1560
f 1552/1552 1553/1553 1562/1562
f 1552/1552 1562/1562 1561/1561
f 1553/1553 1554/1554 1563/1563
f 1553/1553 1563/1563 1562/1562
f 1554/1554 1555/1555 1564/1564
f 1554/1554 1564/1564 1563/1563
f 1555/1555 1556/1556 1565/1565
f 1555/1555 1565/1565 1564/1564
f 1556/1556 1557/1557 1566/1566
f 1556/1556 1566/1566 1565/1565
f 1558/1558 1559/1559 1568/1568
f 1558/1558 1568/1568 1567/1567
f 1559/1559 1560/1560 1569/1569
f 1559/1559 1569/1569 1568/1568
f 1560/1560 1561/1561 1570/1570
f 1560/1560 1570/1570 1569/1569
f 1561/1561 1562/1562 1571/1571
f 1561/1561 1571/1571 1570/1570
f 1562/1562 1563/1563 1572/1572
f 1562/1562 1572/1572 1571/1571
f 1563/1563 1564/1564 1573/1573
f 1563/1563 1573/1573 1572/1572
f 1564/1564 1565/1565 1574/1574
f 1564/1564 1574/1574 1573/1573
f 1565/1565 1566/1566 1575/1575
f 1565/1565 1575/1575 1574/1574
f 1567/1567 1568/1568 1577/1577
f 1567/1567 1577/1577 1576/1576
f 1568/1568 1569/1569 1578/1578
f 1568/1568 1578/1578 1577/1577
f 1569/1569 1570/1570 1579/1579
f 1569/1569 1579/1579 1578/1578
f 1570/1570 1571/1571 1580/1580
f 1570/1570 1580/1580 1579/1579
f 1571/1571 1572/1572 1581/1581
f 1571/1571 1581/1581 1580/1580
f 1572/1572 1573/1573 1582/1582
f 1572/1572 1582/1582 1581/1581
f 1573/1573 1574/1574 1583/1583
f 1573/1573 1583/1583 1582/1582
f 1574/1574 1575/1575 1584/1584
f 1574/1574 1584/1584 1583/1583
f 1576/1576 1577/1577 1586/1586
f 1576/1576 1586/1586 1585/1585
f 1577/1577 1578/1578 1587/1587
f 1577/1577 1587/1587 1586/1586
f 1578/1578 1579/1579 1588/1588
f 1578/1578 1588/1588 1587/1587
f 1579/1579 1580/1580 1589/1589
f 1579/1579 1589/1589 1588/1588
f 1580/1580 1581/1581 1590/1590
f 1580/1580 1590/1590 1589/1589
f 1581/1581 1582/1582 1591/1591
f 1581/1581 1591/1591 1590/1590
f 1582/1582 1583/1583 1592/1592
f 1582/1582 1592/1592 1591/1591
f 1583/1583 1584/1584 1593/1593
f 1583/1583 1593/1593 1592/1592
f 1585/1585 1586/1586 1595/1595
f 1585/1585 1595/1595 1594/1594
f 1586/1586 1587/1587 1596/1596
f 1586/1586 1596/1596 1595/1595
f 1587/1587 1588/1588 1597/1597
f 1587/1587 1597/1597 1596/1596
f 1588/1588 1589/1589 1598/1598
f 1588/1588 1598/1598 1597/1597
f 1589/1589 1590/1590 1599/1599
f 1589/1589 1599/1599 1598/1598
f 1590/1590 1591/1591 1600/1600
f 1590/1590 1600/1600 1599/1599
f 1591/1591 1592/1592 1601/1601
f 1591/1591 1601/1601 1600/1600
f 1592/1592 1593/1593 1602/1602
f 1592/1592 1602/1602 1601/1601
f 1594/1594 1595/1595 1604/1604
f 1594/1594 1604/1604 1603/1603
f 1595/1595 1596/1596 1605/1605
f 1595/1595 1605/1605 1604/1604
f 1596/1596 1597/1597 1606/1606
f 1596/1596 1606/1606 1605/1605
f 1597/1597 1598/1598 1607/1607
f 1597/1597 1607/1607 1606/1606
f 1598/1598 1599/1599 1608/1608
f 1598/1598 1608/1608 1607/1607
f 1599/1599 1600/1600 1609/1609
f 1599/1599 1609/1609 1608/1608
f 1600/1600 1601/1601 1610/1610
f 1600/1600 1610/1610 1609/1609
f 1601/1601 1602/1602 1611/1611
f 1601/1601 1611/1611 1610/1610
f 1603/1603 1604/1604 1613/1613
f 1603/1603 1613/1613 1612/1612
f 1604/1604 1605/1605 1614/1614
f 1604/1604 1614/1614 1613/1613
f 1605/1605 1606/1606 1615/1615
f 1605/1605 1615/1615 1614/1614
f 1606/1606 1607/1607 1616/1616
f 1606/1606 1616/1616 1615/1615
f 1607/1607 1608/1608 1617/1617
f 1607/1607 1617/1617 1616/1616
f 1608/1608 1609/1609 1618/1618
f 1608/1608 1618/1618 1617/1617
f 1609/1609 1610/1610 1619/1619
f 1609/1609 1619/1619 1618/1618
f 1610/1610 1611/1611 1620/1620
f 1610/1610 1620/1620 1619/1619
f 1612/1612 1613/1613 1622/1622
f 1612/1612 1622/1622 1621/1621
f 1613/1613 1614/1614 1623/1623
f 1613/1613 1623/1623 1622/1622
f 1614/1614 1615/1615 1624/1624
f 1614/1614 1624/1624 1623/1623
f 1615/1615 1616/1616 1625/1625
f 1615/1615 1625/1625 1624/1624
f 1616/1616 1617/1617 1626/1626
f 1616/1616 1626/1626 1625/1625
f 1617/1617 1618/1618 1627/1627
f 1617/1617 1627/1627 1626/1626
f 1618/1618 1619/1619 1628/1628
f 1618/1618 1628/1628 1627/1627
f 1619/1619 1620/1620 1629/1629
f 1619/1619 1629/1629 1628/1628
f 1621/1621 1622/1622 1631/1631
f 1621/1621 1631/1631 1630/1630
f 1622/1622 1623/1623 1632/1632
f 1622/1622 1632/1632 1631/1631
f 1623/1623 1624/1624 1633/1633
f 1623/1623 1633/1633 1632/1632
f 1624/1624 1625/1625 1634/1634
f 1624/1624 1634/1634 1633/1633
f 1625/1625 1626/1626 1635/1635
f 1625/1625 1635/1635 1634/1634
f 1626/1626 1627/1627 1636/1636
f 1626/1626 1636/1636 1635/1635
f 1627/1627 1628/1628 1637/1637
f 1627/1627 1637/1637 1636/1636
f 1628/1628 1629/1629 1638/1638
f 1628/1628 1638/1638 1637/1637
f 1630/1630 1631/1631 1640/1640
f 1630/1630 1640/1640 1639/1639
f 1631/1631 1632/1632 1641/1641
f 1631/1631 1641/1641 1640/1640
f 1632/1632 1633/1633 1642/1642
f 1632/1632 1642/1642 1641/1641
f 1633/1633 1634/1634 1643/1643
f 1633/1633 1643/1643 1642/1642
f 1634/1634 1635/1635 1644/1644
f 1634/1634 1644/1644 1643/1643
f 1635/1635 1636/1636 1645/1645
f 1635/1635 1645/1645 1644/1644
f 1636/1636 1637/1637 1646/1646
f 1636/1636 1646/1646 1645/1645
f 1637/1637 1638/1638 1647/1647
f 1637/1637 1647/1647 1646/1646
f 1639/1639 1640/1640 1649/1649
f 1639/1639 1649/1649 1648/1648
f 1640/1640 1641/1641 1650/1650
f 1640/1640 1650/1650 1649/1649
f 1641/1641 1642/1642 1651/1651
f 1641/1641 1651/1651 1650/1650
f 1642/1642 1643/1643 1652/1652
f 1642/1642 1652/1652 1651/1651
f 1643/1643 1644/1644 1653/1653
f 1643/1643 1653/1653 1652/1652
f 1644/1644 1645/1645 1654/1654
f 1644/1644 1654/1654 1653/1653
f 1645/1645 1646/1646 1655/1655
f 1645/1645 1655/1655 1654/1654
f 1646/1646 1647/1647 1656/1656
f 1646/1646 1656/1656 1655/1655
f 1648/1648 1649/1649 1658/1658
f 1648/1648 1658/1658 1657/1657
f 1649/1649 1650/1650 1659/1659
f 1649/1649 1659/1659 1658/1658
f 1650/1650 1651/1651 1660/1660
f 1650/1650 1660/1660 1659/1659
f 1651/1651 1652/1652 1661/1661
f 1651/1651 1661/1661 1660/1660
f 1652/1652 1653/1653 1662/1662
f 1652/1652 1662/1662 1661/1661
f 1653/1653 1654/1654 1663/1663
f 1653/1653 1663/1663 1662/1662
f 1654/1654 1655/1655 1664/1664
f 1654/1654 1664/1664 1663/1663
f 1655/1655 1656/1656 1665/1665
f 1655/1655 1665/1665 1664/1664
f 1657/1657 1658/1658 1667/1667
f 1657/1657 1667/1667 1666/1666
f 1658/1658 1659/1659 1668/1668
f 1658/1658 1668/1668 1667/1667
f 1659/1659 1660/1660 1669/1669
f 1659/1659 1669/1669 1668/1668
f 1660/1660 1661/1661 1670/1670
f 1660/1660 1670/1670 1669/1669
f 1661/1661 1662/1662 1671/1671
f 1661/1661 1671/1671 1670/1670
f 1662/1662 1663/1663 1672/1672
f 1662/1662 1672/1672 1671/1671
f 1663/1663 1664/1664 1673/1673
f 1663/1663 1673/1673 1672/1672
f 1664/1664 1665/1665 1674/1674
f 1664/1664 1674/1674 1673/1673
f 1666/1666 1667/1667 1676/1676
f 1666/1666 1676/1676 1675/1675
f 1667/1667 1668/1668 1677/1677
f 1667/1667 1677/1677 1676/1676
f 1668/1668 1669/1669 1678/1678
f 1668/1668 1678/1678 1677/1677
f 1669/1669 1670/1670 1679/1679
f 1669/1669 1679/1679 1678/1678
f 1670/1670 1671/1671 1680/1680
f 1670/1670 1680/1680 1679/1679
f 1671/1671 1672/1672 1681/1681
f 1671/1671 1681/1681 1680/1680
f 1672/1672 1673/1673 1682/1682
f 1672/1672 1682/1682 1681/1681
f 1673/1673 1674/1674 1683/1683
f 1673/1673 1683/1683 1682/1682
f 1675/1675 1676/1676 1685/1685
f 1675/1675 1685/1685 1684/1684
f 1676/1676 1677/1677 1686/1686
f 1676/1676 1686/1686 1685/1685
f 1677/1677 1678/1678 1687/1687
f 1677/1677 1687/1687 1686/1686
f 1678/1678 1679/1679 1688/1688
f 1678/1678 1688/1688 1687/1687
f 1679/1679 1680/1680 1689/1689
f 1679/1679 1689/1689 1688/1688
f 1680/1680 1681/1681 1690/1690
f 1680/1680 1690/1690 1689/1689
f 1681/1681 1682/1682 1691/1691
f 1681/1681 1691/1691 1690/1690
f 1682/1682 1683/1683 1692/1692
f 1682/1682 1692/1692 1691/1691
f 1684/1684 1685/1685 1694/1694
f 1684/1684 1694/1694 1693/1693
f 1685/1685 1686/1686 1695/1695
f 1685/1685 1695/1695 1694/1694
f 1686/1686 1687/1687 1696/1696
f 1686/1686 1696/1696 1695/1695
f 1687/1687 1688/1688 1697/1697
f 1687/1687 1697/1697 1696/1696
f 1688/1688 1689/1689 1698/1698
f 1688/1688 1698/1698 1697/1697
f 1689/1689 1690/1690 1699/1699
f 1689/1689 1699/1699 1698/1698
f 1690/1690 1691/1691 1700/1700
f 1690/1690 1700/1700 1699/1699
f 1691/1691 1692/1692 1701/1701
f 1691/1691 1701/1701 1700/1700
f 1693/1693 1694/1694 1703/1703
f 1693/1693 1703/1703 1702/1702
f 1694/1694 1695/1695 1704/1704
f 1694/1694 1704/1704 1703/1703
f 1695/1695 1696/1696 1705/1705
f 1695/1695 1705/1705 1704/1704
f 1696/1696 1697/1697 1706/1706
f 1696/1696 1706/1706 1705/1705
f 1697/1697 1698/1698 1707/1707
f 1697/1697 1707/1707 1706/1706
f 1698/1698 1699/1699 1708/1708
f 1698/1698 1708/1708 1707/1707
f 1699/1699 1700/1700 1709/1709
f 1699/1699 1709/1709 1708/1708
f 1700/1700 1701/1701 1710/1710
f 1700/1700 1710/1710 1709/1709
f 1702/1702 1703/1703 1712/1712
f 1702/1702 1712/1712 1711/1711
f 1703/1703 1704/1704 1713/1713
f 1703/1703 1713/1713 1712/1712
f 1704/1704 1705/1705 1714/1714
f 1704/1704 1714/1714 1713/1713
f 1705/1705 1706/1706 1715/1715
f 1705/1705 1715/1715 1714/1714
f 1706/1706 1707/1707 1716/1716
f 1706/1706 1716/1716 1715/1715
f 1707/1707 1708/1708 1717/1717
f 1707/1707 1717/1717 1716/1716
f 1708/1708 1709/1709 1718/1718
f 1708/1708 1718/1718 1717/1717
f 1709/1709 1710/1710 1719/1719
f 1709/1709 1719/1719 1718/1718
f 1711/1711 1712/1712 1721/1721
f 1711/1711 1721/1721 1720/1720
f 1712/1712 1713/1713 1722/1722
f 1712/1712 1722/1722 1721/1721
f 1713/1713 1714/1714 1723/1723
f 1713/1713 1723/1723 1722/1722
f 1714/1714 1715/1715 1724/1724
f 1714/1714 1724/1724 1723/1723
f 1715/1715 1716/1716 1725/1725
f 1715/1715 1725/1725 1724/1724
f 1716/1716 1717/1717 1726/1726
f 1716/1716 1726/1726 1725/1725
f 1717/1717 1718/1718 1727/1727
f 1717/1717 1727/1727 1726/1726
f 1718/1718 1719/1719 1728/1728
f 1718/1718 1728/1728 1727/1727
f 1720/1720 1721/1721 1730/1730
f 1720/1720 1730/1730 1729/1729
f 1721/1721 1722/1722 1731/1731
f 1721/1721 1731/1731 1730/1730
f 1722/1722 1723/1723 1732/1732
f 1722/1722 1732/1732 1731/1731
f 1723/1723 1724/1724 1733/1733
f 1723/1723 1733/1733 1732/1732
f 1724/1724 1725/1725 1734/1734
f 1724/1724 1734/1734 1733/1733
f 1725/1725 1726/1726 1735/1735
f 1725/1725 1735/1735 1734/1734
f 1726/1726 1727/1727 1736/1736
f 1726/1726 1736/1736 1735/1735
f 1727/1727 1728/1728 1737/1737
f 1727/1727 1737/1737 1736/1736
f 1729/1729 1730/1730 1739/1739
f 1729/1729 1739/1739 1738/1738
f 1730/1730 1731/1731 1740/1740
f 1730/1730 1740/1740 1739/1739
f 1731/1731 1732/1732 1741/1741
f 1731/1731 1741/1741 1740/1740
f 1732/1732 1733/1733 1742/1742
f 1732/1732 1742/1742 1741/1741
f 1733/1733 1734/1734 1743/1743
f 1733/1733 1743/1743 1742/1742
f 1734/1734 1735/1735 1744/1744
f 1734/1734 1744/1744 1743/1743
f 1735/1735 1736/1736 1745/1745
f 1735/1735 1745/1745 1744/1744
f 1736/1736 1737/1737 1746/1746
f 1736/1736 1746/1746 1745/1745
f 1738/1738 1739/1739 1748/1748
f 1738/1738 1748/1748 1747/1747
f 1739/1739 1740/1740 1749/1749
f 1739/1739 1749/1749 1748/1748
f 1740/1740 1741/1741 1750/1750
f 1740/1740 1750/1750 1749/1749
f 1741/1741 1742/1742 1751/1751
f 1741/1741 1751/1751 1750/1750
f 1742/1742 1743/1743 1752/1752
f 1742/1742 1752/1752 1751/1751
f 1743/1743 1744/1744 1753/1753
f 1743/1743 1753/1753 1752/1752
f 1744/1744 1745/1745 1754/1754
f 1744/1744 1754/1754 1753/1753
f 1745/1745 1746/1746 1755/1755
f 1745/1745 1755/1755 1754/1754
f 1747/1747 1748/1748 1757/1757
f 1747/1747 1757/1757 1756/1756
f 1748/1748 1749/1749 1758/1758
f 1748/1748 1758/1758 1757/1757
f 1749/1749 1750/1750 1759/1759
f 1749/1749 1759/1759 1758/1758
f 1750/1750 1751/1751 1760/1760
f 1750/1750 1760/1760 1759/1759
f 1751/1751 1752/1752 1761/1761
f 1751/1751 1761/1761 1760/1760
f 1752/1752 1753/1753 1762/1762
f 1752/1752 1762/1762 1761/1761
f 1753/1753 1754/1754 1763/1763
f 1753/1753 1763/1763 1762/1762
f 1754/1754 1755/1755 1764/1764
f 1754/1754 1764/1764 1763/1763
f 1756/1756 1757/1757 1766/1766
f 1756/1756 1766/1766 1765/1765
f 1757/1757 1758/1758 1767/1767
f 1757/1757 1767/1767 1766/1766
f 1758/1758 1759/1759 1768/1768
f 1758/1758 1768/1768 1767/1767
f 1759/1759 1760/1760 1769/1769
f 1759/1759 1769/1769 1768/1768
f 1760/1760 1761/1761 1770/1770
f 1760/1760 1770/1770 1769/1769
f 1761/1761 1762/1762 1771/1771
f 1761/1761 1771/1771 1770/1770
f 1762/1762 1763/1763 1772/1772
f 1762/1762 1772/1772 1771/1771
f 1763/1763 1764/1764 1773/1773
f 1763/1763 1773/1773 1772/1772
f 1765/1765 1766/1766 1775/1775
f 1765/1765 1775/1775 1774/1774
f 1766/1766 1767/1767 1776/1776
f 1766/1766 1776/1776 1775/1775
f 1767/1767 1768/1768 1777/1777
f 1767/1767 1777/1777 1776/1776
f 1768/1768 1769/1769 1778/1778
f 1768/1768 1778/1778 1777/1777
f 1769/1769 1770/1770 1779/1779
f 1769/1769 1779/1779 1778/1778
f 1770/1770 1771/1771 1780/1780
f 1770/1770 1780/1780 1779/1779
f 1771/1771 1772/1772 1781/1781
f 1771/1771 1781/1781 1780/1780
f 1772/1772 1773/1773 1782/1782
f 1772/1772 1782/1782 1781/1781
f 1774/1774 1775/1775 1784/1784
f 1774/1774 1784/1784 1783/1783
f 1775/1775 1776/1776 1785/1785
f 1775/1775 1785/1785 1784/1784
f 1776/1776 1777/1777 1786/1786
f 1776/1776 1786/1786 1785/1785
f 1777/1777 1778/1778 1787/1787
f 1777/1777 1787/1787 1786/1786
f 1778/1778 1779/1779 1788/1788
f 1778/1778 1788/1788 1787/1787
f 1779/1779 1780/1780 1789/1789
f 1779/1779 1789/1789 1788/1788
f 1780/1780 1781/1781 1790/1790
f 1780/1780 1790/1790 1789/1789
f 1781/1781 1782/1782 1791/1791
f 1781/1781 1791/1791 1790/1790
f 1783/1783 1784/1784 1793/1793
f 1783/1783 1793/1793 1792/1792
f 1784/1784 1785/1785 1794/1794
f 1784/1784 1794/1794 1793/1793
f 1785/1785 1786/1786 1795/1795
f 1785/1785 1795/1795 1794/1794
f 1786/1786 1787/1787 1796/1796
f 1786/1786 1796/1796 1795/1795
f 1787/1787 1788/1788 1797/1797
f 1787/1787 1797/1797 1796/1796
f 1788/1788 1789/1789 1798/1798
f 1788/1788 1798/1798 1797/1797
f 1789/1789 1790/1790 1799/1799
f 1789/1789 1799/1799 1798/1798
f 1790/1790 1791/1791 1800/1800
f 1790/1790 1800/1800 1799/1799
f 1792/1792 1793/1793 1802/1802
f 1792/1792 1802/1802 1801/1801
f 1793/1793 1794/1794 1803/1803
f 1793/1793 1803/1803 1802/1802
f 1794/1794 1795/1795 1804/1804
f 1794/1794 1804/1804 1803/1803
f 1795/1795 1796/1796 1805/1805
f 1795/1795 1805/1805 1804/1804
f 1796/1796 1797/1797 1806/1806
f 1796/1796 1806/1806 1805/1805
f 1797/1797 1798/1798 1807/1807
f 1797/1797 1807/1807 1806/1806
f 1798/1798 1799/1799 1808/1808
f 1798/1798 1808/1808 1807/1807
f 1799/1799 1800/1800 1809/1809
f 1799/1799 1809/1809 1808/1808
f 1801/1801 1802/1802 1811/1811
f 1801/1801 1811/1811 1810/1810
f 1802/1802 1803/1803 1812/1812
f 1802/1802 1812/1812 1811/1811
f 1803/1803 1804/1804 1813/1813
f 1803/1803 1813/1813 1812/1812
f 1804/1804 1805/1805 1814/1814
f 1804/1804 1814/1814 1813/1813
f 1805/1805 1806/1806 1815/1815
f 1805/1805 1815/1815 1814/1814
f 1806/1806 1807/1807 1816/1816
f 1806/1806 1816/1816 1815/1815
f 1807/1807 1808/1808 1817/1817
f 1807/1807 1817/1817 1816/1816
f 1808/1808 1809/1809 1818/1818
f 1808/1808 1818/1818 1817/1817
f 1810/1810 1811/1811 1820/1820
f 1810/1810 1820/1820 1819/1819
f 1811/1811 1812/1812 1821/1821
f 1811/1811 1821/1821 1820/1820
f 1812/1812 1813/1813 1822/1822
f 1812/1812 1822/1822 1821/1821
f 1813/1813 1814/1814 1823/1823
f 1813/1813 1823/1823 1822/1822
f 1814/1814 1815/1815 1824/1824
f 1814/1814 1824/1824 1823/1823
f 1815/1815 1816/1816 1825/1825
f 1815/1815 1825/1825 1824/1824
f 1816/1816 1817/1817 1826/1826
f 1816/1816 1826/1826 1825/1825
f 1817/1817 1818/1818 1827/1827
f 1817/1817 1827/1827 1826/1826
f 1819/1819 1820/1820 1829/1829
f 1819/1819 1829/1829 1828/1828
f 1820/1820 1821/1821 1830/1830
f 1820/1820 1830/1830 1829/1829
f 1821/1821 1822/1822 1831/1831
f 1821/1821 1831/1831 1830/1830
f 1822/1822 1823/1823 1832/1832
f 1822/1822 1832/1832 1831/1831
f 1823/1823 1824/1824 1833/1833
f 1823/1823 1833/1833 1832/1832
f 1824/1824 1825/1825 1834/1834
f 1824/1824 1834/1834 1833/1833
f 1825/1825 1826/1826 1835/1835
f 1825/1825 1835/1835 1834/1834
f 1826/1826 1827/1827 1836/1836
f 1826/1826 1836/1836 1835/1835
f 1828/1828 1829/1829 1838/1838
f 1828/1828 1838/1838 1837/1837
f 1829/1829 1830/1830 1839/1839
f 1829/1829 1839/1839 1838/1838
f 1830/1830 1831/1831 1840/1840
f 1830/1830 1840/1840 1839/1839
f 1831/1831 1832/1832 1841/1841
f 1831/1831 1841/1841 1840/1840
f 1832/1832 1833/1833 1842/1842
f 1832/1832 1842/1842 1841/1841
f 1833/1833 1834/1834 1843/1843
f 1833/1833 1843/1843 1842/1842
f 1834/1834 1835/1835 1844/1844
f 1834/1834 1844/1844 1843/1843
f 1835/1835 1836/1836 1845/1845
f 1835/1835 1845/1845 1844/1844
f 1837/1837 1838/1838 1847/1847
f 1837/1837 1847/1847 1846/1846
f 1838/1838 1839/1839 1848/1848
f 1838/1838 1848/1848 1847/1847
f 1839/1839 1840/1840 1849/1849
f 1839/1839 1849/1849 1848/1848
f 1840/1840 1841/1841 1850/1850
f 1840/1840 1850/1850 1849/1849
f 1841/1841 1842/1842 1851/1851
f 1841/1841 1851/1851 1850/1850
f 1842/1842 1843/1843 1852/1852
f 1842/1842 1852/1852 1851/1851
f 1843/1843 1844/1844 1853/1853
f 1843/1843 1853/1853 1852/1852
f 1844/1844 1845/1845 1854/1854
f 1844/1844 1854/1854 1853/1853
f 1846/1846 1847/1847 1856/1856
f 1846/1846 1856/1856 1855/1855
f 1847/1847 1848/1848 1857/1857
f 1847/1847 1857/1857 1856/1856
f 1848/1848 1849/1849 1858/1858
f 1848/1848 1858/1858 1857/1857
f 1849/1849 1850/1850 1859/1859
f 1849/1849 1859/1859 1858/1858
f 1850/1850 1851/1851 1860/1860
f 1850/1850 1860/1860 1859/1859
f 1851/1851 1852/1852 1861/1861
f 1851/1851 1861/1861 1860/1860
f 1852/1852 1853/1853 1862/1862
f 1852/1852 1862/1862 1861/1861
f 1853/1853 1854/1854 1863/1863
f 1853/1853 1863/1863 1862/1862
f 1855/1855 1856/1856 1865/1865
f 1855/1855 1865/1865 1864/1864
f 1856/1856 1857/1857 1866/1866
f 1856/1856 1866/1866 1865/1865
f 1857/1857 1858/1858 1867/1867
f 1857/1857 1867/1867 1866/1866
f 1858/1858 1859/1859 1868/1868
f 1858/1858 1868/1868 1867/1867
f 1859/1859 1860/1860 1869/1869
f 1859/1859 1869/1869 1868/1868
f 1860/1860 1861/1861 1870/1870
f 1860/1860 1870/1870 1869/1869
f 1861/1861 1862/1862 1871/1871
f 1861/1861 1871/1871 1870/1870
f 1862/1862 1863/1863 1872/1872
f 1862/1862 1872/1872 1871/1871
f 1864/1864 1865/1865 1874/1874
f 1864/1864 1874/1874 1873/1873
f 1865/1865 1866/1866 1875/1875
f 1865/1865 1875/1875 1874/1874
f 1866/1866 1867/1867 1876/1876
f 1866/1866 1876/1876 1875/1875
f 1867/1867 1868/1868 1877/1877
f 1867/1867 1877/1877 1876/1876
f 1868/1868 1869/1869 1878/1878
f 1868/1868 1878/1878 1877/1877
f 1869/1869 1870/1870 1879/1879
f 1869/1869 1879/1879 1878/1878
f 1870/1870 1871/1871 1880/1880
f 1870/1870 1880/1880 1879/1879
f 1871/1871 1872/1872 1881/1881
f 1871/1871 1881/1881 1880/1880
f 1873/1873 1874/1874 1883/1883
f 1873/1873 1883/1883 1882/1882
f 1874/1874 1875/1875 1884/1884
f 1874/1874 1884/1884 1883/1883
f 1875/1875 1876/1876 1885/1885
f 1875/1875 1885/1885 1884/1884
f 1876/1876 1877/1877 1886/1886
f 1876/1876 1886/1886 1885/1885
f 1877/1877 1878/1878 1887/1887
f 1877/1877 1887/1887 1886/1886
f 1878/1878 1879/1879 1888/1888
f 1878/1878 1888/1888 1887/1887
f 1879/1879 1880/1880 1889/1889
f 1879/1879 1889/1889 1888/1888
f 1880/1880 1881/1881 1890/1890
f 1880/1880 1890/1890 1889/1889
f 1882/1882 1883/1883 1892/1892
f 1882/1882 1892/1892 1891/1891
f 1883/1883 1884/1884 1893/1893
f 1883/1883 1893/1893 1892/1892
f 1884/1884 1885/1885 1894/1894
f 1884/1884 1894/1894 1893/1893
f 1885/1885 1886/1886 1895/1895
f 1885/1885 1895/1895 1894/1894
f 1886/1886 1887/1887 1896/1896
f 1886/1886 1896/1896 1895/1895
f 1887/1887 1888/1888 1897/1897
f 1887/1887 1897/1897 1896/1896
f 1888/1888 1889/1889 1898/1898
f 1888/1888 1898/1898 1897/1897
f 1889/1889 1890/1890 1899/1899
f 1889/1889 1899/1899 1898/1898
f 1891/1891 1892/1892 1901/1901
f 1891/1891 1901/1901 1900/1900
f 1892/1892 1893/1893 1902/1902
f 1892/1892 1902/1902 1901/1901
f 1893/1893 1894/1894 1903/1903
f 1893/1893 1903/1903 1902/1902
f 1894/1894 1895/1895 1904/1904
f 1894/1894 1904/1904 1903/1903
f 1895/1895 1896/1896 1905/1905
f 1895/1895 1905/1905 1904/1904
f 1896/1896 1897/1897 1906/1906
f 1896/1896 1906/1906 1905/1905
f 1897/1897 1898/1898 1907/1907
f 1897/1897 1907/1907 1906/1906
f 1898/1898 1899/1899 1908/1908
f 1898/1898 1908/1908 1907/1907
f 1900/1900 1901/1901 1910/1910
f 1900/1900 1910/1910 1909/1909
f 1901/1901 1902/1902 1911/1911
f 1901/1901 1911/1911 1910/1910
f 1902/1902 1903/1903 1912/1912
f 1902/1902 1912/1912 1911/1911
f 1903/1903 1904/1904 1913/1913
f 1903/1903 1913/1913 1912/1912
f 1904/1904 1905/1905 1914/1914
f 1904/1904 1914/1914 1913/1913
f 1905/1905 1906/1906 1915/1915
f 1905/1905 1915/1915 1914/1914
f 1906/1906 1907/1907 1916/1916
f 1906/1906 1916/1916 1915/1915
f 1907/1907 1908/1908 1917/1917
f 1907/1907 1917/1917 1916/1916
f 1909/1909 1910/1910 1919/1919
f 1909/1909 1919/1919 1918/1918
f 1910/1910 1911/1911 1920/1920
f 1910/1910 1920/1920 1919/1919
f 1911/1911 1912/1912 1921/1921
f 1911/1911 1921/1921 1920/1920
f 1912/1912 1913/1913 1922/1922
f 1912/1912 1922/1922 1921/1921
f 1913/1913 1914/1914 1923/1923
f 1913/1913 1923/1923 1922/1922
f 1914/1914 1915/1915 1924/1924
f 1914/1914 1924/1924 1923/1923
f 1915/1915 1916/1916 1925/1925
f 1915/1915 1925/1925 1924/1924
f 1916/1916 1917/1917 1926/1926
f 1916/1916 1926/1926 1925/1925
f 1918/1918 1919/1919 1928/1928
f 1918/1918 1928/1928 1927/1927
f 1919/1919 1920/1920 1929/1929
f 1919/1919 1929/1929 1928/1928
f 1920/1920 1921/1921 1930/1930
f 1920/1920 1930/1930 1929/1929
f 1921/1921 1922/1922 1931/1931
f 1921/1921 1931/1931 1930/1930
f 1922/1922 1923/1923 1932/1932
f 1922/1922 1932/1932 1931/1931
f 1923/1923 1924/1924 1933/1933
f 1923/1923 1933/1933 1932/1932
f 1924/1924 1925/1925 1934/1934
f 1924/1924 1934/1934 1933/1933
f 1925/1925 1926/1926 1935/1935
f 1925/1925 1935/1935 1934/1934
f 1927/1927 1928/1928 1937/1937
f 1927/1927 1937/1937 1936/1936
f 1928/1928 1929/1929 1938/1938
f 1928/1928 1938/1938 1937/1937
f 1929/1929 1930/1930 1939/1939
f 1929/1929 1939/1939 1938/1938
f 1930/1930 1931/1931 1940/1940
f 1930/1930 1940/1940 1939/1939
f 1931/1931 1932/1932 1941/1941
f 1931/1931 1941/1941 1940/1940
f 1932/1932 1933/1933 1942/1942
f 1932/1932 1942/1942 1941/1941
f 1933/1933 1934/1934 1943/1943
f 1933/1933 1943/1943 1942/1942
f 1934/1934 1935/1935 1944/1944
f 1934/1934 1944/1944 1943/1943
f 1936/1936 1937/1937 1946/1946
f 1936/1936 1946/1946 1945/1945
f 1937/1937 1938/1938 1947/1947
f 1937/1937 1947/1947 1946/1946
f 1938/1938 1939/1939 1948/1948
f 1938/1938 1948/1948 1947/1947
f 1939/1939 1940/1940 1949/1949
f 1939/1939 1949/1949 1948/1948
f 1940/1940 1941/1941 1950/1950
f 1940/1940 1950/1950 1949/1949
f 1941/1941 1942/1942 1951/1951
f 1941/1941 1951/1951 1950/1950
f 1942/1942 1943/1943 1952/1952
f 1942/1942 1952/1952 1951/1951
f 1943/1943 1944/1944 1953/1953
f 1943/1943 1953/1953 1952/1952
f 1945/1945 1946/1946 1955/1955
f 1945/1945 1955/1955 1954/1954
f 1946/1946 1947/1947 1956/1956
f 1946/1946 1956/1956 1955/1955
f 1947/1947 1948/1948 1957/1957
f 1947/1947 1957/1957 1956/1956
f 1948/1948 1949/1949 1958/1958
f 1948/1948 1958/1958 1957/1957
f 1949/1949 1950/1950 1959/1959
f 1949/1949 1959/1959 1958/1958
f 1950/1950 1951/1951 1960/1960
f 1950/1950 1960/1960 1959/1959
f 1951/1951 1952/1952 1961/1961
f 1951/1951 1961/1961 1960/1960
f 1952/1952 1953/1953 1962/1962
f 1952/1952 1962/1962 1961/1961
f 1954/1954 1955/1955 1964/1964
f 1954/1954 1964/1964 1963/1963
f 1955/1955 1956/1956 1965/1965
f 1955/1955 1965/1965 1964/1964
f 1956/1956 1957/1957 1966/1966
f 1956/1956 1966/1966 1965/1965
f 1957/1957 1958/1958 1967/1967
f 1957/1957 1967/1967 1966/1966
f 1958/1958 1959/1959 1968/1968
f 1958/1958 1968/1968 1967/1967
f 1959/1959 1960/1960 1969/1969
f 1959/1959 1969/1969 1968/1968
f 1960/1960 1961/1961 1970/1970
f 1960/1960 1970/1970 1969/1969
f 1961/1961 1962/1962 1971/1971
f 1961/1961 1971/1971 1970/1970
f 1963/1963 1964/1964 1973/1973
f 1963/1963 1973/1973 1972/1972
f 1964/1964 1965/1965 1974/1974
f 1964/1964 1974/1974 1973/1973
f 1965/1965 1966/1966 1975/1975
f 1965/1965 1975/1975 1974/1974
f 1966/1966 1967/1967 1976/1976
f 1966/1966 1976/1976 1975/1975
f 1967/1967 1968/1968 1977/1977
f 1967/1967 1977/1977 1976/1976
f 1968/1968 1969/1969 1978/1978
f 1968/1968 1978/1978 1977/1977
f 1969/1969 1970/1970 1979/1979
f 1969/1969 1979/1979 1978/1978
f 1970/1970 1971/1971 1980/1980
f 1970/1970 1980/1980 1979/1979
f 1972/1972 1973/1973 1982/1982
f 1972/1972 1982/1982 1981/1981
f 1973/1973 1974/1974 1983/1983
f 1973/1973 1983/1983 1982/1982
f 1974/1974 1975/1975 1984/1984
f 1974/1974 1984/1984 1983/1983
f 1975/1975 1976/1976 1985/1985
f 1975/1975 1985/1985 1984/1984
f 1976/1976 1977/1977 1986/1986
f 1976/1976 1986/1986 1985/1985
f 1977/1977 1978/1978 1987/1987
f 1977/1977 1987/1987 1986/1986
f 1978/1978 1979/1979 1988/1988
f 1978/1978 1988/1988 1987/1987
f 1979/1979 1980/1980 1989/1989
f 1979/1979 1989/1989 1988/1988
f 1981/1981 1982/1982 1991/1991
f 1981/1981 1991/1991 1990/1990
f 1982/1982 1983/1983 1992/1992
f 1982/1982 1992/1992 1991/1991
f 1983/1983 1984/1984 1993/1993
f 1983/1983 1993/1993 1992/1992
f 1984/1984 1985/1985 1994/1994
f 1984/1984 1994/1994 1993/1993
f 1985/1985 1986/1986 1995/1995
f 1985/1985 1995/1995 1994/1994
f 1986/1986 1987/1987 1996/1996
f 1986/1986 1996/1996 1995/1995
f 1987/1987 1988/1988 1997/1997
f 1987/1987 1997/1997 1996/1996
f 1988/1988 1989/1989 1998/1998
f 1988/1988 1998/1998 1997/1997
f 1990/1990 1991/1991 2000/2000
f 1990/1990 2000/2000 1999/1999
f 1991/1991 1992/1992 2001/2001
f 1991/1991 2001/2001 2000/2000
f 1992/1992 1993/1993 2002/2002
f 1992/1992 2002/2002 2001/2001
f 1993/1993 1994/1994 2003/2003
f 1993/1993 2003/2003 2002/2002
f 1994/1994 1995/1995 2004/2004
f 1994/1994 2004/2004 2003/2003
f 1995/1995 1996/1996 2005/2005
f 1995/1995 2005/2005 2004/2004
f 1996/1996 1997/1997 2006/2006
f 1996/1996 2006/2006 2005/2005
f 1997/1997 1998/1998 2007/2007
f 1997/1997 2007/2007 2006/2006
f 1999/1999 2000/2000 2009/2009
f 1999/1999 2009/2009 2008/2008
f 2000/2000 2001/2001 2010/2010
f 2000/2000 2010/2010 2009/2009
f 2001/2001 2002/2002 2011/2011
f 2001/2001 2011/2011 2010/2010
f 2002/2002 2003/2003 2012/2012
f 2002/2002 2012/2012 2011/2011
f 2003/2003 2004/2004 2013/2013
f 2003/2003 2013/2013 2012/2012
f 2004/2004 2005/2005 2014/2014
f 2004/2004 2014/2014 2013/2013
f 2005/2005 2006/2006 2015/2015
f 2005/2005 2015/2015 2014/2014
f 2006/2006 2007/2007 2016/2016
f 2006/2006 2016/2016 2015/2015
f 2008/2008 2009/2009 2018/2018
f 2008/2008 2018/2018 2017/2017
f 2009/2009 2010/2010 2019/2019
f 2009/2009 2019/2019 2018/2018
f 2010/2010 2011/2011 2020/2020
f 2010/2010 2020/2020 2019/2019
f 2011/2011 2012/2012 2021/2021
f 2011/2011 2021/2021 2020/2020
f 2012/2012 2013/2013 2022/2022
f 2012/2012 2022/2022 2021/2021
f 2013/2013 2014/2014 2023/2023
f 2013/2013 2023/2023 2022/2022
f 2014/2014 2015/2015 2024/2024
f 2014/2014 2024/2024 2023/2023
f 2015/2015 2016/2016 2025/2025
f 2015/2015 2025/2025 2024/2024
f 2017/2017 2018/2018 2027/2027
f 2017/2017 2027/2027 2026/2026
f 2018/2018 2019/2019 2028/2028
f 2018/2018 2028/2028 2027/2027
f 2019/2019 2020/2020 2029/2029
f 2019/2019 2029/2029 2028/2028
f 2020/2020 2021/2021 2030/2030
f 2020/2020 2030/2030 2029/2029
f 2021/2021 2022/2022 2031/2031
f 2021/2021 2031/2031 2030/2030
f 2022/2022 2023/2023 2032/2032
f 2022/2022 2032/2032 2031/2031
f 2023/2023 2024/2024 2033/2033
f 2023/2023 2033/2033 2032/2032
f 2024/2024 2025/2025 2034/2034
f 2024/2024 2034/2034 2033/2033
f 2026/2026 2027/2027 2036/2036
f 2026/2026 2036/2036 2035/2035
f 2027/2027 2028/2028 2037/2037
f 2027/2027 2037/2037 2036/2036
f 2028/2028 2029/2029 2038/2038
f 2028/2028 2038/2038 2037/2037
f 2029/2029 2030/2030 2039/2039
f 2029/2029 2039/2039 2038/2038
f 2030/2030 2031/2031 2040/2040
f 2030/2030 2040/2040 2039/2039
f 2031/2031 2032/2032 2041/2041
f 2031/2031 2041/2041 2040/2040
f 2032/2032 2033/2033 2042/2042
f 2032/2032 2042/2042 2041/2041
f 2033/2033 2034/2034 2043/2043
f 2033/2033 2043/2043 2042/2042
f 2035/2035 2036/2036 2045/2045
f 2035/2035 2045/2045 2044/2044
f 2036/2036 2037/2037 2046/2046
f 2036/2036 2046/2046 2045/2045
f 2037/2037 2038/2038 2047/2047
f 2037/2037 2047/2047 2046/2046
f 2038/2038 2039/2039 2048/2048
f 2038/2038 2048/2048 2047/2047
f 2039/2039 2040/2040 2049/2049
f 2039/2039 2049/2049 2048/2048
f 2040/2040 2041/2041 2050/2050
f 2040/2040 2050/2050 2049/2049
f 2041/2041 2042/2042 2051/2051
f 2041/2041 2051/2051 2050/2050
f 2042/2042 2043/2043 2052/2052
f 2042/2042 2052/2052 2051/2051
f 2044/2044 2045/2045 2054/2054
f 2044/2044 2054/2054 2053/2053
f 2045/2045 2046/2046 2055/2055
f 2045/2045 2055/2055 2054/2054
f 2046/2046 2047/2047 2056/2056
f 2046/2046 2056/2056 2055/2055
f 2047/2047 2048/2048 2057/2057
f 2047/2047 2057/2057 2056/2056
f 2048/2048 2049/2049 2058/2058
f 2048/2048 2058/2058 2057/2057
f 2049/2049 2050/2050 2059/2059
f 2049/2049 2059/2059 2058/2058
f 2050/2050 2051/2051 2060/2060
f 2050/2050 2060/2060 2059/2059
f 2051/2051 2052/2052 2061/2061
f 2051/2051 2061/2061 2060/2060
f 2053/2053 2054/2054 2063/2063
f 2053/2053 2063/2063 2062/2062
f 2054/2054 2055/2055 2064/2064
f 2054/2054 2064/2064 2063/2063
f 2055/2055 2056/2056 2065/2065
f 2055/2055 2065/2065 2064/2064
f 2056/2056 2057/2057 2066/2066
f 2056/2056 2066/2066 2065/2065
f 2057/2057 2058/2058 2067/2067
f 2057/2057 2067/2067 2066/2066
f 2058/2058 2059/2059 2068/2068
f 2058/2058 2068/2068 2067/2067
f 2059/2059 2060/2060 2069/2069
f 2059/2059 2069/2069 2068/2068
f 2060/2060 2061/2061 2070/2070
f 2060/2060 2070/2070 2069/2069
f 2062/2062 2063/2063 2072/2072
f 2062/2062 2072/2072 2071/2071
f 2063/2063 2064/2064 2073/2073
f 2063/2063 2073/2073 2072/2072
f 2064/2064 2065/2065 2074/2074
f 2064/2064 2074/2074 2073/2073
f 2065/2065 2066/2066 2075/2075
f 2065/2065 2075/2075 2074/2074
f 2066/2066 2067/2067 2076/2076
f 2066/2066 2076/2076 2075/2075
f 2067/2067 2068/2068 2077/2077
f 2067/2067 2077/2077 2076/2076
f 2068/2068 2069/2069 2078/2078
f 2068/2068 2078/2078 2077/2077
f 2069/2069 2070/2070 2079/2079
f 2069/2069 2079/2079 2078/2078
f 2071/2071 2072/2072 2081/2081
f 2071/2071 2081/2081 2080/2080
f 2072/2072 2073/2073 2082/2082
f 2072/2072 2082/2082 2081/2081
f 2073/2073 2074/2074 2083/2083
f 2073/2073 2083/2083 2082/2082
f 2074/2074 2075/2075 2084/2084
f 2074/2074 2084/2084 2083/2083
f 2075/2075 2076/2076 2085/2085
f 2075/2075 2085/2085 2084/2084
f 2076/2076 2077/2077 2086/2086
f 2076/2076 2086/2086 2085/2085
f 2077/2077 2078/2078 2087/2087
f 2077/2077 2087/2087 2086/2086
f 2078/2078 2079/2079 2088/2088
f 2078/2078 2088/2088 2087/2087
f 2080/2080 2081/2081 2090/2090
f 2080/2080 2090/2090 2089/2089
f 2081/2081 2082/2082 2091/2091
f 2081/2081 2091/2091 2090/2090
f 2082/2082 2083/2083 2092/2092
f 2082/2082 2092/2092 2091/2091
f 2083/2083 2084/2084 2093/2093
f 2083/2083 2093/2093 2092/2092
f 2084/2084 2085/2085 2094/2094
f 2084/2084 2094/2094 2093/2093
f 2085/2085 2086/2086 2095/2095
f 2085/2085 2095/2095 2094/2094
f 2086/2086 2087/2087 2096/2096
f 2086/2086 2096/2096 2095/2095
f 2087/2087 2088/2088 2097/2097
f 2087/2087 2097/2097 2096/2096
f 2089/2089 2090/2090 2099/2099
f 2089/2089 2099/2099 2098/2098
f 2090/2090 2091/2091 2100/2100
f 2090/2090 2100/2100 2099/2099
f 2091/2091 2092/2092 2101/2101
f 2091/2091 2101/2101 2100/2100
f 2092/2092 2093/2093 2102/2102
f 2092/2092 2102/2102 2101/2101
f 2093/2093 2094/2094 2103/2103
f 2093/2093 2103/2103 2102/2102
f 2094/2094 2095/2095 2104/2104
f 2094/2094 2104/2104 2103/2103
f 2095/2095 2096/2096 2105/2105
f 2095/2095 2105/2105 2104/2104
f 2096/2096 2097/2097 2106/2106
f 2096/2096 2106/2106 2105/2105
f 2098/2098 2099/2099 2108/2108
f 2098/2098 2108/2108 2107/2107
f 2099/2099 2100/2100 2109/2109
f 2099/2099 2109/2109 2108/2108
f 2100/2100 2101/2101 2110/2110
f 2100/2100 2110/2110 2109/2109
f 2101/2101 2102/2102 2111/2111
f 2101/2101 2111/2111 2110/2110
f 2102/2102 2103/2103 2112/2112
f 2102/2102 2112/2112 2111/2111
f 2103/2103 2104/2104 2113/2113
f 2103/2103 2113/2113 2112/2112
f 2104/2104 2105/2105 2114/2114
f 2104/2104 2114/2114 2113/2113
f 2105/2105 2106/2106 2115/2115
f 2105/2105 2115/2115 2114/2114
f 2107/2107 2108/2108 2117/2117
f 2107/2107 2117/2117 2116/2116
f 2108/2108 2109/2109 2118/2118
f 2108/2108 2118/2118 2117/2117
f 2109/2109 2110/2110 2119/2119
f 2109/2109 2119/2119 2118/2118
f 2110/2110 2111/2111 2120/2120
f 2110/2110 2120/2120 2119/2119
f 2111/2111 2112/2112 2121/2121
f 2111/2111 2121/2121 2120/2120
f 2112/2112 2113/2113 2122/2122
f 2112/2112 2122/2122 2121/2121
f 2113/2113 2114/2114 2123/2123
f 2113/2113 2123/2123 2122/2122
f 2114/2114 2115/2115 2124/2124
f 2114/2114 2124/2124 2123/2123
f 2116/2116 2117/2117 2126/2126
f 2116/2116 2126/2126 2125/2125
f 2117/2117 2118/2118 2127/2127
f 2117/2117 2127/2127 2126/2126
f 2118/2118 2119/2119 2128/2128
f 2118/2118 2128/2128 2127/2127
f 2119/2119 2120/2120 2129/2129
f 2119/2119 2129/2129 2128/2128
f 2120/2120 2121/2121 2130/2130
f 2120/2120 2130/2130 2129/2129
f 2121/2121 2122/2122 2131/2131
f 2121/2121 2131/2131 2130/2130
f 2122/2122 2123/2123 2132/2132
f 2122/2122 2132/2132 2131/2131
f 2123/2123 2124/2124 2133/2133
f 2123/2123 2133/2133 2132/2132
f 2125/2125 2126/2126 2135/2135
f 2125/2125 2135/2135 2134/2134
f 2126/2126 2127/2127 2136/2136
f 2126/2126 2136/2136 2135/2135
f 2127/2127 2128/2128 2137/2137
f 2127/2127 2137/2137 2136/2136
f 2128/2128 2129/2129 2138/2138
f 2128/2128 2138/2138 2137/2137
f 2129/2129 2130/2130 2139/2139
f 2129/2129 2139/2139 2138/2138
f 2130/2130 2131/2131 2140/2140
f 2130/2130 2140/2140 2139/2139
f 2131/2131 2132/2132 2141/2141
f 2131/2131 2141/2141 2140/2140
f 2132/2132 2133/2133 2142/2142
f 2132/2132 2142/2142 2141/2141
f 2134/2134 2135/2135 2144/2144
f 2134/2134 2144/2144 2143/2143
f 2135/2135 2136/2136 2145/2145
f 2135/2135 2145/2145 2144/2144
f 2136/2136 2137/2137 2146/2146
f 2136/2136 2146/2146 2145/2145
f 2137/2137 2138/2138 2147/2147
f 2137/2137 2147/2147 2146/2146
f 2138/2138 2139/2139 2148/2148
f 2138/2138 2148/2148 2147/2147
f 2139/2139 2140/2140 2149/2149
f 2139/2139 2149/2149 2148/2148
f 2140/2140 2141/2141 2150/2150
f 2140/2140 2150/2150 2149/2149
f 2141/2141 2142/2142 2151/2151
f 2141/2141 2151/2151 2150/2150
f 2143/2143 2144/2144 2153/2153
f 2143/2143 2153/2153 2152/2152
f 2144/2144 2145/2145 2154/2154
f 2144/2144 2154/2154 2153/2153
f 2145/2145 2146/2146 2155/2155
f 2145/2145 2155/2155 2154/2154
f 2146/2146 2147/2147 2156/2156
f 2146/2146 2156/2156 2155/2155
f 2147/2147 2148/2148 2157/2157
f 2147/2147 2157/2157 2156/2156
f 2148/2148 2149/2149 2158/2158
f 2148/2148 2158/2158 2157/2157
f 2149/2149 2150/2150 2159/2159
f 2149/2149 2159/2159 2158/2158
f 2150/2150 2151/2151 2160/2160
f 2150/2150 2160/2160 2159/2159
f 2152/2152 2153/2153 2162/2162
f 2152/2152 2162/2162 2161/2161
f 2153/2153 2154/2154 2163/2163
f 2153/2153 2163/2163 2162/2162
f 2154/2154 2155/2155 2164/2164
f 2154/2154 2164/2164 2163/2163
f 2155/2155 2156/2156 2165/2165
f 2155/2155 2165/2165 2164/2164
f 2156/2156 2157/2157 2166/2166
f 2156/2156 2166/2166 2165/2165
f 2157/2157 2158/2158 2167/2167
f 2157/2157 2167/2167 2166/2166
f 2158/2158 2159/2159 2168/2168
f 2158/2158 2168/2168 2167/2167
f 2159/2159 2160/2160 2169/2169
f 2159/2159 2169/2169 2168/2168
f 2161/2161 2162/2162 2171/2171
f 2161/2161 2171/2171 2170/2170
f 2162/2162 2163/2163 2172/2172
f 2162/2162 2172/2172 2171/2171
f 2163/2163 2164/2164 2173/2173
f 2163/2163 2173/2173 2172/2172
f 2164/2164 2165/2165 2174/2174
f 2164/2164 2174/2174 2173/2173
f 2165/2165 2166/2166 2175/2175
f 2165/2165 2175/2175 2174/2174
f 2166/2166 2167/2167 2176/2176
f 2166/2166 2176/2176 2175/2175
f 2167/2167 2168/2168 2177/2177
f 2167/2167 2177/2177 2176/2176
f 2168/2168 2169/2169 2178/2178
f 2168/2168 2178/2178 2177/2177
f 2170/2170 2171/2171 2180/2180
f 2170/2170 2180/2180 2179/2179
f 2171/2171 2172/2172 2181/2181
f 2171/2171 2181/2181 2180/2180
f 2172/2172 2173/2173 2182/2182
f 2172/2172 2182/2182 2181/2181
f 2173/2173 2174/2174 2183/2183
f 2173/2173 2183/2183 2182/2182
f 2174/2174 2175/2175 2184/2184
f 2174/2174 2184/2184 2183/2183
f 2175/2175 2176/2176 2185/2185
f 2175/2175 2185/2185 2184/2184
f 2176/2176 2177/2177 2186/2186
f 2176/2176 2186/2186 2185/2185
f 2177/2177 2178/2178 2187/2187
f 2177/2177 2187/2187 2186/2186
f 2179/2179 2180/2180 2189/2189
f 2179/2179 2189/2189 2188/2188
f 2180/2180 2181/2181 2190/2190
f 2180/2180 2190/2190 2189/2189
f 2181/2181 2182/2182 2191/2191
f 2181/2181 2191/2191 2190/2190
f 2182/2182 2183/2183 2192/2192
f 2182/2182 2192/2192 2191/2191
f 2183/2183 2184/2184 2193/2193
f 2183/2183 2193/2193 2192/2192
f 2184/2184 2185/2185 2194/2194
f 2184/2184 2194/2194 2193/2193
f 2185/2185 2186/2186 2195/2195
f 2185/2185 2195/2195 2194/2194
f 2186/2186 2187/2187 2196/2196
f 2186/2186 2196/2196 2195/2195
f 2188/2188 2189/2189 2198/2198
f 2188/2188 2198/2198 2197/2197
f 2189/2189 2190/2190 2199/2199
f 2189/2189 2199/2199 2198/2198
f 2190/2190 2191/2191 2200/2200
f 2190/2190 2200/2200 2199/2199
f 2191/2191 2192/2192 2201/2201
f 2191/2191 2201/2201 2200/2200
f 2192/2192 2193/2193 2202/2202
f 2192/2192 2202/2202 2201/2201
f 2193/2193 2194/2194 2203/2203
f 2193/2193 2203/2203 2202/2202
f 2194/2194 2195/2195 2204/2204
f 2194/2194 2204/2204 2203/2203
f 2195/2195 2196/2196 2205/2205
f 2195/2195 2205/2205 2204/2204
f 2197/2197 2198/2198 2207/2207
f 2197/2197 2207/2207 2206/2206
f 2198/2198 2199/2199 2208/2208
f 2198/2198 2208/2208 2207/2207
f 2199/2199 2200/2200 2209/2209
f 2199/2199 2209/2209 2208/2208
f 2200/2200 2201/2201 2210/2210
f 2200/2200 2210/2210 2209/2209
f 2201/2201 2202/2202 2211/2211
f 2201/2201 2211/2211 2210/2210
f 2202/2202 2203/2203 2212/2212
f 2202/2202 2212/2212 2211/2211
f 2203/2203 2204/2204 2213/2213
f 2203/2203 2213/2213 2212/2212
f 2204/2204 2205/2205 2214/2214
f 2204/2204 2214/2214 2213/2213
f 2206/2206 2207/2207 2216/2216
f 2206/2206 2216/2216 2215/2215
f 2207/2207 2208/2208 2217/2217
f 2207/2207 2217/2217 2216/2216
f 2208/2208 2209/2209 2218/2218
f 2208/2208 2218/2218 2217/2217
f 2209/2209 2210/2210 2219/2219
f 2209/2209 2219/2219 2218/2218
f 2210/2210 2211/2211 2220/2220
f 2210/2210 2220/2220 2219/2219
f 2211/2211 2212/2212 2221/2221
f 2211/2211 2221/2221 2220/2220
f 2212/2212 2213/2213 2222/2222
f 2212/2212 2222/2222 2221/2221
f 2213/2213 2214/2214 2223/2223
f 2213/2213 2223/2223 2222/2222
f 2215/2215 2216/2216 2225/2225
f 2215/2215 2225/2225 2224/2224
f 2216/2216 2217/2217 2226/2226
f 2216/2216 2226/2226 2225/2225
f 2217/2217 2218/2218 2227/2227
f 2217/2217 2227/2227 2226/2226
f 2218/2218 2219/2219 2228/2228
f 2218/2218 2228/2228 2227/2227
f 2219/2219 2220/2220 2229/2229
f 2219/2219 2229/2229 2228/2228
f 2220/2220 2221/2221 2230/2230
f 2220/2220 2230/2230 2229/2229
f 2221/2221 2222/2222 2231/2231
f 2221/2221 2231/2231 2230/2230
f 2222/2222 2223/2223 2232/2232
f 2222/2222 2232/2232 2231/2231
f 2224/2224 2225/2225 2234/2234
f 2224/2224 2234/2234 2233/2233
f 2225/2225 2226/2226 2235/2235
f 2225/2225 2235/2235 2234/2234
f 2226/2226 2227/2227 2236/2236
f 2226/2226 2236/2236 2235/2235
f 2227/2227 2228/2228 2237/2237
f 2227/2227 2237/2237 2236/2236
f 2228/2228 2229/2229 2238/2238
f 2228/2228 2238/2238 2237/2237
f 2229/2229 2230/2230 2239/2239
f 2229/2229 2239/2239 2238/2238
f 2230/2230 2231/2231 2240/2240
f 2230/2230 2240/2240 2239/2239
f 2231/2231 2232/2232 2241/2241
f 2231/2231 2241/2241 2240/2240
f 2233/2233 2234/2234 2243/2243
f 2233/2233 2243/2243 2242/2242
f 2234/2234 2235/2235 2244/2244
f 2234/2234 2244/2244 2243/2243
f 2235/2235 2236/2236 2245/2245
f 2235/2235 2245/2245 2244/2244
f 2236/2236 2237/2237 2246/2246
f 2236/2236 2246/2246 2245/2245
f 2237/2237 2238/2238 2247/2247
f 2237/2237 2247/2247 2246/2246
f 2238/2238 2239/2239 2248/2248
f 2238/2238 2248/2248 2247/2247
f 2239/2239 2240/2240 2249/2249
f 2239/2239 2249/2249 2248/2248
f 2240/2240 2241/2241 2250/2250
f 2240/2240 2250/2250 2249/2249
f 2242/2242 2243/2243 2252/2252
f 2242/2242 2252/2252 2251/2251
f 2243/2243 2244/2244 2253/2253
f 2243/2243 2253/2253 2252/2252
f 2244/2244 2245/2245 2254/2254
f 2244/2244 2254/2254 2253/2253
f 2245/2245 2246/2246 2255/2255
f 2245/2245 2255/2255 2254/2254
f 2246/2246 2247/2247 2256/2256
f 2246/2246 2256/2256 2255/2255
f 2247/2247 2248/2248 2257/2257
f 2247/2247 2257/2257 2256/2256
f 2248/2248 2249/2249 2258/2258
f 2248/2248 2258/2258 2257/2257
f 2249/2249 2250/2250 2259/2259
f 2249/2249 2259/2259 2258/2258
f 2251/2251 2252/2252 2261/2261
f 2251/2251 2261/2261 2260/2260
f 2252/2252 2253/2253 2262/2262
f 2252/2252 2262/2262 2261/2261
f 2253/2253 2254/2254 2263/2263
f 2253/2253 2263/2263 2262/2262
f 2254/2254 2255/2255 2264/2264
f 2254/2254 2264/2264 2263/2263
f 2255/2255 2256/2256 2265/2265
f 2255/2255 2265/2265 2264/2264
f 2256/2256 2257/2257 2266/2266
f 2256/2256 2266/2266 2265/2265
f 2257/2257 2258/2258 2267/2267
f 2257/2257 2267/2267 2266/2266
f 2258/2258 2259/2259 2268/2268
f 2258/2258 2268/2268 2267/2267
f 2260/2260 2261/2261 2270/2270
f 2260/2260 2270/2270 2269/2269
f 2261/2261 2262/2262 2271/2271
f 2261/2261 2271/2271 2270/2270
f 2262/2262 2263/2263 2272/2272
f 2262/2262 2272/2272 2271/2271
f 2263/2263 2264/2264 2273/2273
f 2263/2263 2273/2273 2272/2272
f 2264/2264 2265/2265 2274/2274
f 2264/2264 2274/2274 2273/2273
f 2265/2265 2266/2266 2275/2275
f 2265/2265 2275/2275 2274/2274
f 2266/2266 2267/2267 2276/2276
f 2266/2266 2276/2276 2275/2275
f 2267/2267 2268/2268 2277/2277
f 2267/2267 2277/2277 2276/2276
f 2269/2269 2270/2270 2279/2279
f 2269/2269 2279/2279 2278/2278
f 2270/2270 2271/2271 2280/2280
f 2270/2270 2280/2280 2279/2279
f 2271/2271 2272/2272 2281/2281
f 2271/2271 2281/2281 2280/2280
f 2272/2272 2273/2273 2282/2282
f 2272/2272 2282/2282 2281/2281
f 2273/2273 2274/2274 2283/2283
f 2273/2273 2283/2283 2282/2282
f 2274/2274 2275/2275 2284/2284
f 2274/2274 2284/2284 2283/2283
f 2275/2275 2276/2276 2285/2285
f 2275/2275 2285/2285 2284/2284
f 2276/2276 2277/2277 2286/2286
f 2276/2276 2286/2286 2285/2285
f 2278/2278 2279/2279 2288/2288
f 2278/2278 2288/2288 2287/2287
f 2279/2279 2280/2280 2289/2289
f 2279/2279 2289/2289 2288/2288
f 2280/2280 2281/2281 2290/2290
f 2280/2280 2290/2290 2289/2289
f 2281/2281 2282/2282 2291/2291
f 2281/2281 2291/2291 2290/2290
f 2282/2282 2283/2283 2292/2292
f 2282/2282 2292/2292 2291/2291
f 2283/2283 2284/2284 2293/2293
f 2283/2283 2293/2293 2292/2292
f 2284/2284 2285/2285 2294/2294
f 2284/2284 2294/2294 2293/2293
f 2285/2285 2286/2286 2295/2295
f 2285/2285 2295/2295 2294/2294
f 2287/2287 2288/2288 2297/2297
f 2287/2287 2297/2297 2296/2296
f 2288/2288 2289/2289 2298/2298
f 2288/2288 2298/2298 2297/2297
f 2289/2289 2290/2290 2299/2299
f 2289/2289 2299/2299 2298/2298
f 2290/2290 2291/2291 2300/2300
f 2290/2290 2300/2300 2299/2299
f 2291/2291 2292/2292 2301/2301
f 2291/2291 2301/2301 2300/2300
f 2292/2292 2293/2293 2302/2302
f 2292/2292 2302/2302 2301/2301
f 2293/2293 2294/2294 2303/2303
f 2293/2293 2303/2303 2302/2302
f 2294/2294 2295/2295 2304/2304
f 2294/2294 2304/2304 2303/2303
f 2296/2296 2297/2297 2306/2306
f 2296/2296 2306/2306 2305/2305
f 2297/2297 2298/2298 2307/2307
f 2297/2297 2307/2307 2306/2306
f 2298/2298 2299/2299 2308/2308
f 2298/2298 2308/2308 2307/2307
f 2299/2299 2300/2300 2309/2309
f 2299/2299 2309/2309 2308/2308
f 2300/2300 2301/2301 2310/2310
f 2300/2300 2310/2310 2309/2309
f 2301/2301 2302/2302 2311/2311
f 2301/2301 2311/2311 2310/2310
f 2302/2302 2303/2303 2312/2312
f 2302/2302 2312/2312 2311/2311
f 2303/2303 2304/2304 2313/2313
f 2303/2303 2313/2313 2312/2312
f 2305/2305 2306/2306 2315/2315
f 2305/2305 2315/2315 2314/2314
f 2306/2306 2307/2307 2316/2316
f 2306/2306 2316/2316 2315/2315
f 2307/2307 2308/2308 2317/2317
f 2307/2307 2317/2317 2316/2316
f 2308/2308 2309/2309 2318/2318
f 2308/2308 2318/2318 2317/2317
f 2309/2309 2310/2310 2319/2319
f 2309/2309 2319/2319 2318/2318
f 2310/2310 2311/2311 2320/2320
f 2310/2310 2320/2320 2319/2319
f 2311/2311 2312/2312 2321/2321
f 2311/2311 2321/2321 2320/2320
f 2312/2312 2313/2313 2322/2322
f 2312/2312 2322/2322 2321/2321
f 2314/2314 2315/2315 2324/2324
f 2314/2314 2324/2324 2323/2323
f 2315/2315 2316/2316 2325/2325
f 2315/2315 2325/2325 2324/2324
f 2316/2316 2317/2317 2326/2326
f 2316/2316 2326/2326 2325/2325
f 2317/2317 2318/2318 2327/2327
f 2317/2317 2327/2327 2326/2326
f 2318/2318 2319/2319 2328/2328
f 2318/2318 2328/2328 2327/2327
f 2319/2319 2320/2320 2329/2329
f 2319/2319 2329/2329 2328/2328
f 2320/2320 2321/2321 2330/2330
f 2320/2320 2330/2330 2329/2329
f 2321/2321 2322/2322 2331/2331
f 2321/2321 2331/2331 2330/2330
f 2323/2323 2324/2324 2333/2333
f 2323/2323 2333/2333 2332/2332
f 2324/2324 2325/2325 2334/2334
f 2324/2324 2334/2334 2333/2333
f 2325/2325 2326/2326 2335/2335
f 2325/2325 2335/2335 2334/2334
f 2326/2326 2327/2327 2336/2336
f 2326/2326 2336/2336 2335/2335
f 2327/2327 2328/2328 2337/2337
f 2327/2327 2337/2337 2336/2336
f 2328/2328 2329/2329 2338/2338
f 2328/2328 2338/2338 2337/2337
f 2329/2329 2330/2330 2339/2339
f 2329/2329 2339/2339 2338/2338
f 2330/2330 2331/2331 2340/2340
f 2330/2330 2340/2340 2339/2339
f 2332/2332 2333/2333 2342/2342
f 2332/2332 2342/2342 2341/2341
f 2333/2333 2334/2334 2343/2343
f 2333/2333 2343/2343 2342/2342
f 2334/2334 2335/2335 2344/2344
f 2334/2334 2344/2344 2343/2343
f 2335/2335 2336/2336 2345/2345
f 2335/2335 2345/2345 2344/2344
f 2336/2336 2337/2337 2346/2346
f 2336/2336 2346/2346 2345/2345
f 2337/2337 2338/2338 2347/2347
f 2337/2337 2347/2347 2346/2346
f 2338/2338 2339/2339 2348/2348
f 2338/2338 2348/2348 2347/2347
f 2339/2339 2340/2340 2349/2349
f 2339/2339 2349/2349 2348/2348
f 2341/2341 2342/2342 2351/2351
f 2341/2341 2351/2351 2350/2350
f 2342/2342 2343/2343 2352/2352
f 2342/2342 2352/2352 2351/2351
f 2343/2343 2344/2344 2353/2353
f 2343/2343 2353/2353 2352/2352
f 2344/2344 2345/2345 2354/2354
f 2344/2344 2354/2354 2353/2353
f 2345/2345 2346/2346 2355/2355
f 2345/2345 2355/2355 2354/2354
f 2346/2346 2347/2347 2356/2356
f 2346/2346 2356/2356 2355/2355
f 2347/2347 2348/2348 2357/2357
f 2347/2347 2357/2357 2356/2356
f 2348/2348 2349/2349 2358/2358
f 2348/2348 2358/2358 2357/2357
