mtllib causality_orbits.mtl
o causality_orbits
v 11.580000 0.000000 0.000000
v 11.524721 0.067179 0.035720
v 11.435279 0.041519 0.022076
v 11.435279 -0.041519 -0.022076
v 11.524721 -0.067179 -0.035720
v 11.580000 -0.000000 -0.000000
v 11.568340 -0.243907 0.458722
v 11.513117 -0.175564 0.492252
v 11.423764 -0.199340 0.475065
v 11.423764 -0.282377 0.430913
v 11.513117 -0.309921 0.420813
v 11.568340 -0.243907 0.458722
v 11.533382 -0.487322 0.916520
v 11.478326 -0.417817 0.947864
v 11.389244 -0.439713 0.927142
v 11.389244 -0.522751 0.882990
v 11.478326 -0.552175 0.876425
v 11.533382 -0.487322 0.916520
v 11.475198 -0.729757 1.372472
v 11.420420 -0.659094 1.401640
v 11.331787 -0.679118 1.377396
v 11.331787 -0.762155 1.333244
v 11.420420 -0.793452 1.330201
v 11.475198 -0.729757 1.372472
v 11.393905 -0.970721 1.825661
v 11.339514 -0.898909 1.852665
v 11.251509 -0.917071 1.824921
v 11.251509 -1.000108 1.780769
v 11.339514 -1.033266 1.781226
v 11.393905 -0.970721 1.825661
v 11.289665 -1.209731 2.275173
v 11.235773 -1.136777 2.300031
v 11.148572 -1.153093 2.268815
v 11.148572 -1.236131 2.224663
v 11.235773 -1.271135 2.228592
v 11.289665 -1.209731 2.275173
v 11.162690 -1.446304 2.720103
v 11.109403 -1.372221 2.742837
v 11.023184 -1.386710 2.708184
v 11.023184 -1.469748 2.664032
v 11.109403 -1.506579 2.671398
v 11.162690 -1.446304 2.720103
v 11.013234 -1.679965 3.159554
v 10.960661 -1.604767 3.180191
v 10.875596 -1.617451 3.142144
v 10.875596 -1.700488 3.097992
v 10.960661 -1.739124 3.108752
v 11.013234 -1.679965 3.159554
v 10.841600 -1.910242 3.592644
v 10.789846 -1.833945 3.611213
v 10.706107 -1.844850 3.569820
v 10.706107 -1.927888 3.525668
v 10.789846 -1.968302 3.539774
v 10.841600 -1.910242 3.592644
v 10.648132 -2.136673 4.018497
v 10.597301 -2.059295 4.035034
v 10.515056 -2.068451 3.990352
v 10.515056 -2.151489 3.946200
v 10.597301 -2.193652 3.963595
v 10.648132 -2.136673 4.018497
v 10.433219 -2.358801 4.436259
v 10.383415 -2.280362 4.450801
v 10.302830 -2.287803 4.402892
v 10.302830 -2.370840 4.358741
v 10.383415 -2.414719 4.379362
v 10.433219 -2.358801 4.436259
v 10.197296 -2.576178 4.845086
v 10.148618 -2.496701 4.857677
v 10.069855 -2.502463 4.806610
v 10.069855 -2.585501 4.762458
v 10.148618 -2.631059 4.786238
v 10.197296 -2.576178 4.845086
v 9.940837 -2.788367 5.244156
v 9.893383 -2.707878 5.254842
v 9.816601 -2.712001 5.200693
v 9.816601 -2.795038 5.156541
v 9.893383 -2.842235 5.183402
v 9.940837 -2.788367 5.244156
v 9.664358 -2.994941 5.632664
v 9.618224 -2.913465 5.641496
v 9.543578 -2.915993 5.584346
v 9.543578 -2.999030 5.540194
v 9.618224 -3.047823 5.570057
v 9.664358 -2.994941 5.632664
v 9.368417 -3.195483 6.009830
v 9.323695 -3.113050 6.016861
v 9.251335 -3.114029 5.956798
v 9.251335 -3.197066 5.912646
v 9.323695 -3.247408 5.945422
v 9.368417 -3.195483 6.009830
v 9.053609 -3.389590 6.374892
v 9.010390 -3.306231 6.380180
v 8.940461 -3.305710 6.317298
v 8.940461 -3.388747 6.273146
v 9.010390 -3.440588 6.308741
v 9.053609 -3.389590 6.374892
v 8.720568 -3.576871 6.727116
v 8.678939 -3.492618 6.730723
v 8.611582 -3.490650 6.665120
v 8.611582 -3.573688 6.620968
v 8.678939 -3.626975 6.659284
v 8.720568 -3.576871 6.727116
v 8.369965 -3.756949 7.065793
v 8.330009 -3.671836 7.067783
v 8.265361 -3.668477 6.999564
v 8.265361 -3.751515 6.955412
v 8.330009 -3.806193 6.996344
v 8.369965 -3.756949 7.065793
v 8.002505 -3.929460 7.390240
v 7.964304 -3.843524 7.390681
v 7.902494 -3.838833 7.319956
v 7.902494 -3.921870 7.275804
v 7.964304 -3.977881 7.319242
v 8.002505 -3.929460 7.390240
v 7.618930 -4.094058 7.699804
v 7.582560 -4.007336 7.698768
v 7.523713 -4.001374 7.625652
v 7.523713 -4.084412 7.581500
v 7.582560 -4.141694 7.627329
v 7.618930 -4.094058 7.699804
v 7.220012 -4.250412 7.993862
v 7.185546 -4.162943 7.991422
v 7.129780 -4.155773 7.916034
v 7.129780 -4.238811 7.871883
v 7.185546 -4.297301 7.919983
v 7.220012 -4.250412 7.993862
v 6.806553 -4.398205 8.271821
v 6.774061 -4.310031 8.268054
v 6.721488 -4.301720 8.190520
v 6.721488 -4.384757 8.146368
v 6.774061 -4.444389 8.196615
v 6.806553 -4.398205 8.271821
v 6.379387 -4.537141 8.533122
v 6.348934 -4.448304 8.528107
v 6.299660 -4.438920 8.448555
v 6.299660 -4.521957 8.404403
v 6.348934 -4.582661 8.456668
v 6.379387 -4.537141 8.533122
v 5.939374 -4.666940 8.777238
v 5.911021 -4.577483 8.771058
v 5.865146 -4.567096 8.689620
v 5.865146 -4.650134 8.645468
v 5.911021 -4.711841 8.699619
v 5.939374 -4.666940 8.777238
v 5.487399 -4.787341 9.003678
v 5.461204 -4.697309 8.996417
v 5.418820 -4.685992 8.913230
v 5.418820 -4.769029 8.869079
v 5.461204 -4.831666 8.924978
v 5.487399 -4.787341 9.003678
v 5.024374 -4.898100 9.211986
v 5.000389 -4.807539 9.203731
v 4.961581 -4.795367 9.118935
v 4.961581 -4.878404 9.074783
v 5.000389 -4.941897 9.132292
v 5.024374 -4.898100 9.211986
v 4.551230 -4.998995 9.401742
v 4.529504 -4.907953 9.392581
v 4.494351 -4.895001 9.306320
v 4.494351 -4.978039 9.262168
v 4.529504 -5.042310 9.321142
v 4.551230 -4.998995 9.401742
v 4.068920 -5.089823 9.572564
v 4.049497 -4.998347 9.562588
v 4.018069 -4.984694 9.475007
v 4.018069 -5.067731 9.430855
v 4.049497 -5.132705 9.491149
v 4.068920 -5.089823 9.572564
v 3.578417 -5.170400 9.724109
v 3.561335 -5.078540 9.713409
v 3.533695 -5.064264 9.624657
v 3.533695 -5.147302 9.580506
v 3.561335 -5.212897 9.641970
v 3.578417 -5.170400 9.724109
v 3.080707 -5.240565 9.856070
v 3.066001 -5.148370 9.844740
v 3.042205 -5.133553 9.754970
v 3.042205 -5.216590 9.710818
v 3.066001 -5.282728 9.773301
v 3.080707 -5.240565 9.856070
v 2.576792 -5.300177 9.968183
v 2.564492 -5.207697 9.956318
v 2.544589 -5.192419 9.865681
v 2.544589 -5.275456 9.821529
v 2.564492 -5.342054 9.884879
v 2.576792 -5.300177 9.968183
v 2.067689 -5.349114 10.060221
v 2.057818 -5.256401 10.047916
v 2.041848 -5.240745 9.956569
v 2.041848 -5.323782 9.912417
v 2.057818 -5.390758 9.976477
v 2.067689 -5.349114 10.060221
v 1.554421 -5.387279 10.131999
v 1.547001 -5.294384 10.119352
v 1.534995 -5.278433 10.027450
v 1.534995 -5.361470 9.983298
v 1.547001 -5.428741 10.047913
v 1.554421 -5.387279 10.131999
v 1.038023 -5.414595 10.183372
v 1.033068 -5.321569 10.170480
v 1.025050 -5.305407 10.078181
v 1.025050 -5.388445 10.034029
v 1.033068 -5.455926 10.099041
v 1.038023 -5.414595 10.183372
v 0.519535 -5.431007 10.214238
v 0.517055 -5.337902 10.201198
v 0.513042 -5.321614 10.108661
v 0.513042 -5.404651 10.064509
v 0.517055 -5.472260 10.129759
v 0.519535 -5.431007 10.214238
v 0.000000 -5.436481 10.224533
v 0.000000 -5.343350 10.211445
v 0.000000 -5.327019 10.118828
v 0.000000 -5.410057 10.074676
v 0.000000 -5.477708 10.140005
v 0.000000 -5.436481 10.224533
v -0.519535 -5.431007 10.214238
v -0.517055 -5.337902 10.201198
v -0.513042 -5.321614 10.108661
v -0.513042 -5.404651 10.064509
v -0.517055 -5.472260 10.129759
v -0.519535 -5.431007 10.214238
v -1.038023 -5.414595 10.183372
v -1.033068 -5.321569 10.170480
v -1.025050 -5.305407 10.078181
v -1.025050 -5.388445 10.034029
v -1.033068 -5.455926 10.099041
v -1.038023 -5.414595 10.183372
v -1.554421 -5.387279 10.131999
v -1.547001 -5.294384 10.119352
v -1.534995 -5.278433 10.027450
v -1.534995 -5.361470 9.983298
v -1.547001 -5.428741 10.047913
v -1.554421 -5.387279 10.131999
v -2.067689 -5.349114 10.060221
v -2.057818 -5.256401 10.047916
v -2.041848 -5.240745 9.956569
v -2.041848 -5.323782 9.912417
v -2.057818 -5.390758 9.976477
v -2.067689 -5.349114 10.060221
v -2.576792 -5.300177 9.968183
v -2.564492 -5.207697 9.956318
v -2.544589 -5.192419 9.865681
v -2.544589 -5.275456 9.821529
v -2.564492 -5.342054 9.884879
v -2.576792 -5.300177 9.968183
v -3.080707 -5.240565 9.856070
v -3.066001 -5.148370 9.844740
v -3.042205 -5.133553 9.754970
v -3.042205 -5.216590 9.710818
v -3.066001 -5.282728 9.773301
v -3.080707 -5.240565 9.856070
v -3.578417 -5.170400 9.724109
v -3.561335 -5.078540 9.713409
v -3.533695 -5.064264 9.624657
v -3.533695 -5.147302 9.580506
v -3.561335 -5.212897 9.641970
v -3.578417 -5.170400 9.724109
v -4.068920 -5.089823 9.572564
v -4.049497 -4.998347 9.562588
v -4.018069 -4.984694 9.475007
v -4.018069 -5.067731 9.430855
v -4.049497 -5.132705 9.491149
v -4.068920 -5.089823 9.572564
v -4.551230 -4.998995 9.401742
v -4.529504 -4.907953 9.392581
v -4.494351 -4.895001 9.306320
v -4.494351 -4.978039 9.262168
v -4.529504 -5.042310 9.321142
v -4.551230 -4.998995 9.401742
v -5.024374 -4.898100 9.211986
v -5.000389 -4.807539 9.203731
v -4.961581 -4.795367 9.118935
v -4.961581 -4.878404 9.074783
v -5.000389 -4.941897 9.132292
v -5.024374 -4.898100 9.211986
v -5.487399 -4.787341 9.003678
v -5.461204 -4.697309 8.996417
v -5.418820 -4.685992 8.913230
v -5.418820 -4.769029 8.869079
v -5.461204 -4.831666 8.924978
v -5.487399 -4.787341 9.003678
v -5.939374 -4.666940 8.777238
v -5.911021 -4.577483 8.771058
v -5.865146 -4.567096 8.689620
v -5.865146 -4.650134 8.645468
v -5.911021 -4.711841 8.699619
v -5.939374 -4.666940 8.777238
v -6.379387 -4.537141 8.533122
v -6.348934 -4.448304 8.528107
v -6.299660 -4.438920 8.448555
v -6.299660 -4.521957 8.404403
v -6.348934 -4.582661 8.456668
v -6.379387 -4.537141 8.533122
v -6.806553 -4.398205 8.271821
v -6.774061 -4.310031 8.268054
v -6.721488 -4.301720 8.190520
v -6.721488 -4.384757 8.146368
v -6.774061 -4.444389 8.196615
v -6.806553 -4.398205 8.271821
v -7.220012 -4.250412 7.993862
v -7.185546 -4.162943 7.991422
v -7.129780 -4.155773 7.916034
v -7.129780 -4.238811 7.871883
v -7.185546 -4.297301 7.919983
v -7.220012 -4.250412 7.993862
v -7.618930 -4.094058 7.699804
v -7.582560 -4.007336 7.698768
v -7.523713 -4.001374 7.625652
v -7.523713 -4.084412 7.581500
v -7.582560 -4.141694 7.627329
v -7.618930 -4.094058 7.699804
v -8.002505 -3.929460 7.390240
v -7.964304 -3.843524 7.390681
v -7.902494 -3.838833 7.319956
v -7.902494 -3.921870 7.275804
v -7.964304 -3.977881 7.319242
v -8.002505 -3.929460 7.390240
v -8.369965 -3.756949 7.065793
v -8.330009 -3.671836 7.067783
v -8.265361 -3.668477 6.999564
v -8.265361 -3.751515 6.955412
v -8.330009 -3.806193 6.996344
v -8.369965 -3.756949 7.065793
v -8.720568 -3.576871 6.727116
v -8.678939 -3.492618 6.730723
v -8.611582 -3.490650 6.665120
v -8.611582 -3.573688 6.620968
v -8.678939 -3.626975 6.659284
v -8.720568 -3.576871 6.727116
v -9.053609 -3.389590 6.374892
v -9.010390 -3.306231 6.380180
v -8.940461 -3.305710 6.317298
v -8.940461 -3.388747 6.273146
v -9.010390 -3.440588 6.308741
v -9.053609 -3.389590 6.374892
v -9.368417 -3.195483 6.009830
v -9.323695 -3.113050 6.016861
v -9.251335 -3.114029 5.956798
v -9.251335 -3.197066 5.912646
v -9.323695 -3.247408 5.945422
v -9.368417 -3.195483 6.009830
v -9.664358 -2.994941 5.632664
v -9.618224 -2.913465 5.641496
v -9.543578 -2.915993 5.584346
v -9.543578 -2.999030 5.540194
v -9.618224 -3.047823 5.570057
v -9.664358 -2.994941 5.632664
v -9.940837 -2.788367 5.244156
v -9.893383 -2.707878 5.254842
v -9.816601 -2.712001 5.200693
v -9.816601 -2.795038 5.156541
v -9.893383 -2.842235 5.183402
v -9.940837 -2.788367 5.244156
v -10.197296 -2.576178 4.845086
v -10.148618 -2.496701 4.857677
v -10.069855 -2.502463 4.806610
v -10.069855 -2.585501 4.762458
v -10.148618 -2.631059 4.786238
v -10.197296 -2.576178 4.845086
v -10.433219 -2.358801 4.436259
v -10.383415 -2.280362 4.450801
v -10.302830 -2.287803 4.402892
v -10.302830 -2.370840 4.358741
v -10.383415 -2.414719 4.379362
v -10.433219 -2.358801 4.436259
v -10.648132 -2.136673 4.018497
v -10.597301 -2.059295 4.035034
v -10.515056 -2.068451 3.990352
v -10.515056 -2.151489 3.946200
v -10.597301 -2.193652 3.963595
v -10.648132 -2.136673 4.018497
v -10.841600 -1.910242 3.592644
v -10.789846 -1.833945 3.611213
v -10.706107 -1.844850 3.569820
v -10.706107 -1.927888 3.525668
v -10.789846 -1.968302 3.539774
v -10.841600 -1.910242 3.592644
v -11.013234 -1.679965 3.159554
v -10.960661 -1.604767 3.180191
v -10.875596 -1.617451 3.142144
v -10.875596 -1.700488 3.097992
v -10.960661 -1.739124 3.108752
v -11.013234 -1.679965 3.159554
v -11.162690 -1.446304 2.720103
v -11.109403 -1.372221 2.742837
v -11.023184 -1.386710 2.708184
v -11.023184 -1.469748 2.664032
v -11.109403 -1.506579 2.671398
v -11.162690 -1.446304 2.720103
v -11.289665 -1.209731 2.275173
v -11.235773 -1.136777 2.300031
v -11.148572 -1.153093 2.268815
v -11.148572 -1.236131 2.224663
v -11.235773 -1.271135 2.228592
v -11.289665 -1.209731 2.275173
v -11.393905 -0.970721 1.825661
v -11.339514 -0.898909 1.852665
v -11.251509 -0.917071 1.824921
v -11.251509 -1.000108 1.780769
v -11.339514 -1.033266 1.781226
v -11.393905 -0.970721 1.825661
v -11.475198 -0.729757 1.372472
v -11.420420 -0.659094 1.401640
v -11.331787 -0.679118 1.377396
v -11.331787 -0.762155 1.333244
v -11.420420 -0.793452 1.330201
v -11.475198 -0.729757 1.372472
v -11.533382 -0.487322 0.916520
v -11.478326 -0.417817 0.947864
v -11.389244 -0.439713 0.927142
v -11.389244 -0.522751 0.882990
v -11.478326 -0.552175 0.876425
v -11.533382 -0.487322 0.916520
v -11.568340 -0.243907 0.458722
v -11.513117 -0.175564 0.492252
v -11.423764 -0.199340 0.475065
v -11.423764 -0.282377 0.430913
v -11.513117 -0.309921 0.420813
v -11.568340 -0.243907 0.458722
v -11.580000 -0.000000 0.000000
v -11.524721 0.067179 0.035720
v -11.435279 0.041519 0.022076
v -11.435279 -0.041519 -0.022076
v -11.524721 -0.067179 -0.035720
v -11.580000 -0.000000 0.000000
v -11.568340 0.243907 -0.458722
v -11.513117 0.309921 -0.420813
v -11.423764 0.282377 -0.430913
v -11.423764 0.199340 -0.475065
v -11.513117 0.175564 -0.492252
v -11.568340 0.243907 -0.458722
v -11.533382 0.487322 -0.916520
v -11.478326 0.552175 -0.876425
v -11.389244 0.522751 -0.882990
v -11.389244 0.439713 -0.927142
v -11.478326 0.417817 -0.947864
v -11.533382 0.487322 -0.916520
v -11.475198 0.729757 -1.372472
v -11.420420 0.793452 -1.330201
v -11.331787 0.762155 -1.333244
v -11.331787 0.679118 -1.377396
v -11.420420 0.659094 -1.401640
v -11.475198 0.729757 -1.372472
v -11.393905 0.970721 -1.825661
v -11.339514 1.033266 -1.781226
v -11.251509 1.000108 -1.780769
v -11.251509 0.917071 -1.824921
v -11.339514 0.898909 -1.852665
v -11.393905 0.970721 -1.825661
v -11.289665 1.209731 -2.275173
v -11.235773 1.271135 -2.228592
v -11.148572 1.236131 -2.224663
v -11.148572 1.153093 -2.268815
v -11.235773 1.136777 -2.300031
v -11.289665 1.209731 -2.275173
v -11.162690 1.446304 -2.720103
v -11.109403 1.506579 -2.671398
v -11.023184 1.469748 -2.664032
v -11.023184 1.386710 -2.708184
v -11.109403 1.372221 -2.742837
v -11.162690 1.446304 -2.720103
v -11.013234 1.679965 -3.159554
v -10.960661 1.739124 -3.108752
v -10.875596 1.700488 -3.097992
v -10.875596 1.617451 -3.142144
v -10.960661 1.604767 -3.180191
v -11.013234 1.679965 -3.159554
v -10.841600 1.910242 -3.592644
v -10.789846 1.968302 -3.539774
v -10.706107 1.927888 -3.525668
v -10.706107 1.844850 -3.569820
v -10.789846 1.833945 -3.611213
v -10.841600 1.910242 -3.592644
v -10.648132 2.136673 -4.018497
v -10.597301 2.193652 -3.963595
v -10.515056 2.151489 -3.946200
v -10.515056 2.068451 -3.990352
v -10.597301 2.059295 -4.035034
v -10.648132 2.136673 -4.018497
v -10.433219 2.358801 -4.436259
v -10.383415 2.414719 -4.379362
v -10.302830 2.370840 -4.358741
v -10.302830 2.287803 -4.402892
v -10.383415 2.280362 -4.450801
v -10.433219 2.358801 -4.436259
v -10.197296 2.576178 -4.845086
v -10.148618 2.631059 -4.786238
v -10.069855 2.585501 -4.762458
v -10.069855 2.502463 -4.806610
v -10.148618 2.496701 -4.857677
v -10.197296 2.576178 -4.845086
v -9.940837 2.788367 -5.244156
v -9.893383 2.842235 -5.183402
v -9.816601 2.795038 -5.156541
v -9.816601 2.712001 -5.200693
v -9.893383 2.707878 -5.254842
v -9.940837 2.788367 -5.244156
v -9.664358 2.994941 -5.632664
v -9.618224 3.047823 -5.570057
v -9.543578 2.999030 -5.540194
v -9.543578 2.915993 -5.584346
v -9.618224 2.913465 -5.641496
v -9.664358 2.994941 -5.632664
v -9.368417 3.195483 -6.009830
v -9.323695 3.247408 -5.945422
v -9.251335 3.197066 -5.912646
v -9.251335 3.114029 -5.956798
v -9.323695 3.113050 -6.016861
v -9.368417 3.195483 -6.009830
v -9.053609 3.389590 -6.374892
v -9.010390 3.440588 -6.308741
v -8.940461 3.388747 -6.273146
v -8.940461 3.305710 -6.317298
v -9.010390 3.306231 -6.380180
v -9.053609 3.389590 -6.374892
v -8.720568 3.576871 -6.727116
v -8.678939 3.626975 -6.659284
v -8.611582 3.573688 -6.620968
v -8.611582 3.490650 -6.665120
v -8.678939 3.492618 -6.730723
v -8.720568 3.576871 -6.727116
v -8.369965 3.756949 -7.065793
v -8.330009 3.806193 -6.996344
v -8.265361 3.751515 -6.955412
v -8.265361 3.668477 -6.999564
v -8.330009 3.671836 -7.067783
v -8.369965 3.756949 -7.065793
v -8.002505 3.929460 -7.390240
v -7.964304 3.977881 -7.319242
v -7.902494 3.921870 -7.275804
v -7.902494 3.838833 -7.319956
v -7.964304 3.843524 -7.390681
v -8.002505 3.929460 -7.390240
v -7.618930 4.094058 -7.699804
v -7.582560 4.141694 -7.627329
v -7.523713 4.084412 -7.581500
v -7.523713 4.001374 -7.625652
v -7.582560 4.007336 -7.698768
v -7.618930 4.094058 -7.699804
v -7.220012 4.250412 -7.993862
v -7.185546 4.297301 -7.919983
v -7.129780 4.238811 -7.871883
v -7.129780 4.155773 -7.916034
v -7.185546 4.162943 -7.991422
v -7.220012 4.250412 -7.993862
v -6.806553 4.398205 -8.271821
v -6.774061 4.444389 -8.196615
v -6.721488 4.384757 -8.146368
v -6.721488 4.301720 -8.190520
v -6.774061 4.310031 -8.268054
v -6.806553 4.398205 -8.271821
v -6.379387 4.537141 -8.533122
v -6.348934 4.582661 -8.456668
v -6.299660 4.521957 -8.404403
v -6.299660 4.438920 -8.448555
v -6.348934 4.448304 -8.528107
v -6.379387 4.537141 -8.533122
v -5.939374 4.666940 -8.777238
v -5.911021 4.711841 -8.699619
v -5.865146 4.650134 -8.645468
v -5.865146 4.567096 -8.689620
v -5.911021 4.577483 -8.771058
v -5.939374 4.666940 -8.777238
v -5.487399 4.787341 -9.003678
v -5.461204 4.831666 -8.924978
v -5.418820 4.769029 -8.869079
v -5.418820 4.685992 -8.913230
v -5.461204 4.697309 -8.996417
v -5.487399 4.787341 -9.003678
v -5.024374 4.898100 -9.211986
v -5.000389 4.941897 -9.132292
v -4.961581 4.878404 -9.074783
v -4.961581 4.795367 -9.118935
v -5.000389 4.807539 -9.203731
v -5.024374 4.898100 -9.211986
v -4.551230 4.998995 -9.401742
v -4.529504 5.042310 -9.321142
v -4.494351 4.978039 -9.262168
v -4.494351 4.895001 -9.306320
v -4.529504 4.907953 -9.392581
v -4.551230 4.998995 -9.401742
v -4.068920 5.089823 -9.572564
v -4.049497 5.132705 -9.491149
v -4.018069 5.067731 -9.430855
v -4.018069 4.984694 -9.475007
v -4.049497 4.998347 -9.562588
v -4.068920 5.089823 -9.572564
v -3.578417 5.170400 -9.724109
v -3.561335 5.212897 -9.641970
v -3.533695 5.147302 -9.580506
v -3.533695 5.064264 -9.624657
v -3.561335 5.078540 -9.713409
v -3.578417 5.170400 -9.724109
v -3.080707 5.240565 -9.856070
v -3.066001 5.282728 -9.773301
v -3.042205 5.216590 -9.710818
v -3.042205 5.133553 -9.754970
v -3.066001 5.148370 -9.844740
v -3.080707 5.240565 -9.856070
v -2.576792 5.300177 -9.968183
v -2.564492 5.342054 -9.884879
v -2.544589 5.275456 -9.821529
v -2.544589 5.192419 -9.865681
v -2.564492 5.207697 -9.956318
v -2.576792 5.300177 -9.968183
v -2.067689 5.349114 -10.060221
v -2.057818 5.390758 -9.976477
v -2.041848 5.323782 -9.912417
v -2.041848 5.240745 -9.956569
v -2.057818 5.256401 -10.047916
v -2.067689 5.349114 -10.060221
v -1.554421 5.387279 -10.131999
v -1.547001 5.428741 -10.047913
v -1.534995 5.361470 -9.983298
v -1.534995 5.278433 -10.027450
v -1.547001 5.294384 -10.119352
v -1.554421 5.387279 -10.131999
v -1.038023 5.414595 -10.183372
v -1.033068 5.455926 -10.099041
v -1.025050 5.388445 -10.034029
v -1.025050 5.305407 -10.078181
v -1.033068 5.321569 -10.170480
v -1.038023 5.414595 -10.183372
v -0.519535 5.431007 -10.214238
v -0.517055 5.472260 -10.129759
v -0.513042 5.404651 -10.064509
v -0.513042 5.321614 -10.108661
v -0.517055 5.337902 -10.201198
v -0.519535 5.431007 -10.214238
v -0.000000 5.436481 -10.224533
v -0.000000 5.477708 -10.140005
v -0.000000 5.410057 -10.074676
v -0.000000 5.327019 -10.118828
v -0.000000 5.343350 -10.211445
v -0.000000 5.436481 -10.224533
v 0.519535 5.431007 -10.214238
v 0.517055 5.472260 -10.129759
v 0.513042 5.404651 -10.064509
v 0.513042 5.321614 -10.108661
v 0.517055 5.337902 -10.201198
v 0.519535 5.431007 -10.214238
v 1.038023 5.414595 -10.183372
v 1.033068 5.455926 -10.099041
v 1.025050 5.388445 -10.034029
v 1.025050 5.305407 -10.078181
v 1.033068 5.321569 -10.170480
v 1.038023 5.414595 -10.183372
v 1.554421 5.387279 -10.131999
v 1.547001 5.428741 -10.047913
v 1.534995 5.361470 -9.983298
v 1.534995 5.278433 -10.027450
v 1.547001 5.294384 -10.119352
v 1.554421 5.387279 -10.131999
v 2.067689 5.349114 -10.060221
v 2.057818 5.390758 -9.976477
v 2.041848 5.323782 -9.912417
v 2.041848 5.240745 -9.956569
v 2.057818 5.256401 -10.047916
v 2.067689 5.349114 -10.060221
v 2.576792 5.300177 -9.968183
v 2.564492 5.342054 -9.884879
v 2.544589 5.275456 -9.821529
v 2.544589 5.192419 -9.865681
v 2.564492 5.207697 -9.956318
v 2.576792 5.300177 -9.968183
v 3.080707 5.240565 -9.856070
v 3.066001 5.282728 -9.773301
v 3.042205 5.216590 -9.710818
v 3.042205 5.133553 -9.754970
v 3.066001 5.148370 -9.844740
v 3.080707 5.240565 -9.856070
v 3.578417 5.170400 -9.724109
v 3.561335 5.212897 -9.641970
v 3.533695 5.147302 -9.580506
v 3.533695 5.064264 -9.624657
v 3.561335 5.078540 -9.713409
v 3.578417 5.170400 -9.724109
v 4.068920 5.089823 -9.572564
v 4.049497 5.132705 -9.491149
v 4.018069 5.067731 -9.430855
v 4.018069 4.984694 -9.475007
v 4.049497 4.998347 -9.562588
v 4.068920 5.089823 -9.572564
v 4.551230 4.998995 -9.401742
v 4.529504 5.042310 -9.321142
v 4.494351 4.978039 -9.262168
v 4.494351 4.895001 -9.306320
v 4.529504 4.907953 -9.392581
v 4.551230 4.998995 -9.401742
v 5.024374 4.898100 -9.211986
v 5.000389 4.941897 -9.132292
v 4.961581 4.878404 -9.074783
v 4.961581 4.795367 -9.118935
v 5.000389 4.807539 -9.203731
v 5.024374 4.898100 -9.211986
v 5.487399 4.787341 -9.003678
v 5.461204 4.831666 -8.924978
v 5.418820 4.769029 -8.869079
v 5.418820 4.685992 -8.913230
v 5.461204 4.697309 -8.996417
v 5.487399 4.787341 -9.003678
v 5.939374 4.666940 -8.777238
v 5.911021 4.711841 -8.699619
v 5.865146 4.650134 -8.645468
v 5.865146 4.567096 -8.689620
v 5.911021 4.577483 -8.771058
v 5.939374 4.666940 -8.777238
v 6.379387 4.537141 -8.533122
v 6.348934 4.582661 -8.456668
v 6.299660 4.521957 -8.404403
v 6.299660 4.438920 -8.448555
v 6.348934 4.448304 -8.528107
v 6.379387 4.537141 -8.533122
v 6.806553 4.398205 -8.271821
v 6.774061 4.444389 -8.196615
v 6.721488 4.384757 -8.146368
v 6.721488 4.301720 -8.190520
v 6.774061 4.310031 -8.268054
v 6.806553 4.398205 -8.271821
v 7.220012 4.250412 -7.993862
v 7.185546 4.297301 -7.919983
v 7.129780 4.238811 -7.871883
v 7.129780 4.155773 -7.916034
v 7.185546 4.162943 -7.991422
v 7.220012 4.250412 -7.993862
v 7.618930 4.094058 -7.699804
v 7.582560 4.141694 -7.627329
v 7.523713 4.084412 -7.581500
v 7.523713 4.001374 -7.625652
v 7.582560 4.007336 -7.698768
v 7.618930 4.094058 -7.699804
v 8.002505 3.929460 -7.390240
v 7.964304 3.977881 -7.319242
v 7.902494 3.921870 -7.275804
v 7.902494 3.838833 -7.319956
v 7.964304 3.843524 -7.390681
v 8.002505 3.929460 -7.390240
v 8.369965 3.756949 -7.065793
v 8.330009 3.806193 -6.996344
v 8.265361 3.751515 -6.955412
v 8.265361 3.668477 -6.999564
v 8.330009 3.671836 -7.067783
v 8.369965 3.756949 -7.065793
v 8.720568 3.576871 -6.727116
v 8.678939 3.626975 -6.659284
v 8.611582 3.573688 -6.620968
v 8.611582 3.490650 -6.665120
v 8.678939 3.492618 -6.730723
v 8.720568 3.576871 -6.727116
v 9.053609 3.389590 -6.374892
v 9.010390 3.440588 -6.308741
v 8.940461 3.388747 -6.273146
v 8.940461 3.305710 -6.317298
v 9.010390 3.306231 -6.380180
v 9.053609 3.389590 -6.374892
v 9.368417 3.195483 -6.009830
v 9.323695 3.247408 -5.945422
v 9.251335 3.197066 -5.912646
v 9.251335 3.114029 -5.956798
v 9.323695 3.113050 -6.016861
v 9.368417 3.195483 -6.009830
v 9.664358 2.994941 -5.632664
v 9.618224 3.047823 -5.570057
v 9.543578 2.999030 -5.540194
v 9.543578 2.915993 -5.584346
v 9.618224 2.913465 -5.641496
v 9.664358 2.994941 -5.632664
v 9.940837 2.788367 -5.244156
v 9.893383 2.842235 -5.183402
v 9.816601 2.795038 -5.156541
v 9.816601 2.712001 -5.200693
v 9.893383 2.707878 -5.254842
v 9.940837 2.788367 -5.244156
v 10.197296 2.576178 -4.845086
v 10.148618 2.631059 -4.786238
v 10.069855 2.585501 -4.762458
v 10.069855 2.502463 -4.806610
v 10.148618 2.496701 -4.857677
v 10.197296 2.576178 -4.845086
v 10.433219 2.358801 -4.436259
v 10.383415 2.414719 -4.379362
v 10.302830 2.370840 -4.358741
v 10.302830 2.287803 -4.402892
v 10.383415 2.280362 -4.450801
v 10.433219 2.358801 -4.436259
v 10.648132 2.136673 -4.018497
v 10.597301 2.193652 -3.963595
v 10.515056 2.151489 -3.946200
v 10.515056 2.068451 -3.990352
v 10.597301 2.059295 -4.035034
v 10.648132 2.136673 -4.018497
v 10.841600 1.910242 -3.592644
v 10.789846 1.968302 -3.539774
v 10.706107 1.927888 -3.525668
v 10.706107 1.844850 -3.569820
v 10.789846 1.833945 -3.611213
v 10.841600 1.910242 -3.592644
v 11.013234 1.679965 -3.159554
v 10.960661 1.739124 -3.108752
v 10.875596 1.700488 -3.097992
v 10.875596 1.617451 -3.142144
v 10.960661 1.604767 -3.180191
v 11.013234 1.679965 -3.159554
v 11.162690 1.446304 -2.720103
v 11.109403 1.506579 -2.671398
v 11.023184 1.469748 -2.664032
v 11.023184 1.386710 -2.708184
v 11.109403 1.372221 -2.742837
v 11.162690 1.446304 -2.720103
v 11.289665 1.209731 -2.275173
v 11.235773 1.271135 -2.228592
v 11.148572 1.236131 -2.224663
v 11.148572 1.153093 -2.268815
v 11.235773 1.136777 -2.300031
v 11.289665 1.209731 -2.275173
v 11.393905 0.970721 -1.825661
v 11.339514 1.033266 -1.781226
v 11.251509 1.000108 -1.780769
v 11.251509 0.917071 -1.824921
v 11.339514 0.898909 -1.852665
v 11.393905 0.970721 -1.825661
v 11.475198 0.729757 -1.372472
v 11.420420 0.793452 -1.330201
v 11.331787 0.762155 -1.333244
v 11.331787 0.679118 -1.377396
v 11.420420 0.659094 -1.401640
v 11.475198 0.729757 -1.372472
v 11.533382 0.487322 -0.916520
v 11.478326 0.552175 -0.876425
v 11.389244 0.522751 -0.882990
v 11.389244 0.439713 -0.927142
v 11.478326 0.417817 -0.947864
v 11.533382 0.487322 -0.916520
v 11.568340 0.243907 -0.458722
v 11.513117 0.309921 -0.420813
v 11.423764 0.282377 -0.430913
v 11.423764 0.199340 -0.475065
v 11.513117 0.175564 -0.492252
v 11.568340 0.243907 -0.458722
v 11.580000 0.000000 -0.000000
v 11.524721 0.067179 0.035720
v 11.435279 0.041519 0.022076
v 11.435279 -0.041519 -0.022076
v 11.524721 -0.067179 -0.035720
v 11.580000 0.000000 -0.000000
v 13.080000 0.000000 0.000000
v 13.024721 0.070544 -0.028502
v 12.935279 0.043599 -0.017615
v 12.935279 -0.043599 0.017615
v 13.024721 -0.070544 0.028502
v 13.080000 -0.000000 0.000000
v 13.066829 0.219831 0.544101
v 13.011606 0.289446 0.513300
v 12.922254 0.260998 0.520466
v 12.922254 0.173800 0.555696
v 13.011606 0.148358 0.570303
v 13.066829 0.219831 0.544101
v 13.027344 0.439220 1.087107
v 12.972288 0.507908 1.054010
v 12.883205 0.477959 1.057463
v 12.883205 0.390761 1.092693
v 12.972288 0.366819 1.111014
v 13.027344 0.439220 1.087107
v 12.961623 0.657723 1.627923
v 12.906845 0.725488 1.592541
v 12.818211 0.694045 1.592296
v 12.818211 0.606847 1.627526
v 12.906845 0.584399 1.649544
v 12.961623 0.657723 1.627923
v 12.869799 0.874903 2.165460
v 12.815409 0.941750 2.127807
v 12.727403 0.908821 2.123886
v 12.727403 0.821624 2.159116
v 12.815409 0.800661 2.184810
v 12.869799 0.874903 2.165460
v 12.752057 1.090320 2.698637
v 12.698164 1.156257 2.658730
v 12.610964 1.121855 2.651163
v 12.610964 1.034658 2.686394
v 12.698164 1.015168 2.715734
v 12.752057 1.090320 2.698637
v 12.608634 1.303542 3.226379
v 12.555348 1.368577 3.184242
v 12.469128 1.332718 3.173066
v 12.469128 1.245520 3.208296
v 12.555348 1.227488 3.241246
v 12.608634 1.303542 3.226379
v 12.439819 1.514138 3.747624
v 12.387246 1.578284 3.703284
v 12.302181 1.540984 3.688544
v 12.302181 1.453787 3.723774
v 12.387246 1.437195 3.760287
v 12.439819 1.514138 3.747624
v 12.245952 1.721685 4.261321
v 12.194198 1.784954 4.214810
v 12.110459 1.746235 4.196557
v 12.110459 1.659037 4.231787
v 12.194198 1.643865 4.271814
v 12.245952 1.721685 4.261321
v 12.027423 1.925765 4.766437
v 11.976593 1.988171 4.717791
v 11.894348 1.948057 4.696084
v 11.894348 1.860859 4.731314
v 11.976593 1.847082 4.774794
v 12.027423 1.925765 4.766437
v 11.784673 2.125967 5.261953
v 11.734868 2.187527 5.211213
v 11.654283 2.146043 5.186118
v 11.654283 2.058846 5.221348
v 11.734868 2.046438 5.268217
v 11.784673 2.125967 5.261953
v 11.518190 2.321887 5.746873
v 11.469511 2.382619 5.694084
v 11.390749 2.339796 5.665673
v 11.390749 2.252598 5.700903
v 11.469511 2.241530 5.751087
v 11.518190 2.321887 5.746873
v 11.228510 2.513132 6.220219
v 11.181056 2.573055 6.165430
v 11.104274 2.528924 6.133782
v 11.104274 2.441727 6.169012
v 11.181056 2.431966 6.222433
v 11.228510 2.513132 6.220219
v 10.916218 2.699315 6.681039
v 10.870084 2.758451 6.624302
v 10.795438 2.713048 6.589503
v 10.795438 2.625850 6.624733
v 10.870084 2.617363 6.681305
v 10.916218 2.699315 6.681039
v 10.581942 2.880062 7.128404
v 10.537221 2.938435 7.069776
v 10.464860 2.891795 7.031918
v 10.464860 2.804597 7.067148
v 10.537221 2.797346 7.126779
v 10.581942 2.880062 7.128404
v 10.226356 3.055009 7.561413
v 10.183137 3.112642 7.500955
v 10.113208 3.064806 7.460136
v 10.113208 2.977609 7.495366
v 10.183137 2.971554 7.557959
v 10.226356 3.055009 7.561413
v 9.850175 3.223804 7.979195
v 9.808546 3.280724 7.916971
v 9.741189 3.231733 7.873295
v 9.741189 3.144536 7.908525
v 9.808546 3.139635 7.973975
v 9.850175 3.223804 7.979195
v 9.454157 3.386106 8.380907
v 9.414202 3.442340 8.316986
v 9.349553 3.392240 8.270563
v 9.349553 3.305042 8.305793
v 9.414202 3.301252 8.373989
v 9.454157 3.386106 8.380907
v 9.039099 3.541589 8.765742
v 9.000898 3.597166 8.700194
v 8.939088 3.546003 8.651139
v 8.939088 3.458805 8.686370
v 9.000898 3.456078 8.757198
v 9.039099 3.541589 8.765742
v 8.605839 3.689940 9.132923
v 8.569469 3.744890 9.065824
v 8.510621 3.692713 9.014258
v 8.510621 3.605515 9.049488
v 8.569469 3.603802 9.122827
v 8.605839 3.689940 9.132923
v 8.155247 3.830860 9.481712
v 8.120781 3.885215 9.413139
v 8.065014 3.832073 9.359188
v 8.065014 3.744876 9.394418
v 8.120781 3.744126 9.470142
v 8.155247 3.830860 9.481712
v 7.688231 3.964065 9.811406
v 7.655739 4.017857 9.741439
v 7.603166 3.963804 9.685234
v 7.603166 3.876607 9.720465
v 7.655739 3.876768 9.798443
v 7.688231 3.964065 9.811406
v 7.205733 4.089287 10.121341
v 7.175280 4.142550 10.050065
v 7.126006 4.087641 9.991740
v 7.126006 4.000443 10.026970
v 7.175280 4.001461 10.107068
v 7.205733 4.089287 10.121341
v 6.708723 4.206274 10.410893
v 6.680370 4.259042 10.338393
v 6.634495 4.203333 10.278089
v 6.634495 4.116136 10.313319
v 6.680370 4.117953 10.395397
v 6.708723 4.206274 10.410893
v 6.198202 4.314790 10.679479
v 6.172007 4.367099 10.605844
v 6.129623 4.310648 10.543703
v 6.129623 4.223451 10.578933
v 6.172007 4.226010 10.662848
v 6.198202 4.314790 10.679479
v 5.675199 4.414616 10.926558
v 5.651215 4.466503 10.851879
v 5.612407 4.409370 10.788048
v 5.612407 4.322173 10.823278
v 5.651215 4.325415 10.908882
v 5.675199 4.414616 10.926558
v 5.140767 4.505552 11.151633
v 5.119042 4.557055 11.076002
v 5.083888 4.499300 11.010632
v 5.083888 4.412102 11.045862
v 5.119042 4.415966 11.133005
v 5.140767 4.505552 11.151633
v 4.595983 4.587414 11.354249
v 4.576559 4.638571 11.277762
v 4.545131 4.580257 11.211007
v 4.545131 4.493059 11.246237
v 4.576559 4.497483 11.334766
v 4.595983 4.587414 11.354249
v 4.041942 4.660038 11.534000
v 4.024860 4.710888 11.456753
v 3.997221 4.652077 11.388769
v 3.997221 4.564879 11.423999
v 4.024860 4.569800 11.513756
v 4.041942 4.660038 11.534000
v 3.479762 4.723278 11.690522
v 3.465056 4.773860 11.612614
v 3.441261 4.714616 11.543559
v 3.441261 4.627419 11.578789
v 3.465056 4.632772 11.669617
v 3.479762 4.723278 11.690522
v 2.910574 4.777005 11.823501
v 2.898273 4.827360 11.745031
v 2.878370 4.767749 11.675067
v 2.878370 4.680552 11.710297
v 2.898273 4.686272 11.802035
v 2.910574 4.777005 11.823501
v 2.335524 4.821112 11.932670
v 2.325654 4.871281 11.853738
v 2.309683 4.811368 11.783028
v 2.309683 4.724170 11.818258
v 2.325654 4.730192 11.910742
v 2.335524 4.821112 11.932670
v 1.755771 4.855509 12.017807
v 1.748351 4.905533 11.938516
v 1.736345 4.845385 11.867223
v 1.736345 4.758188 11.902454
v 1.748351 4.764445 11.995520
v 1.755771 4.855509 12.017807
v 1.172482 4.880129 12.078743
v 1.167527 4.930049 11.999194
v 1.159509 4.869732 11.927485
v 1.159509 4.782535 11.962715
v 1.167527 4.788960 12.056197
v 1.172482 4.880129 12.078743
v 0.586832 4.894920 12.115353
v 0.584352 4.944778 12.035650
v 0.580339 4.884360 11.963690
v 0.580339 4.797163 11.998920
v 0.584352 4.803689 12.092653
v 0.586832 4.894920 12.115353
v 0.000000 4.899854 12.127565
v 0.000000 4.949691 12.047810
v 0.000000 4.889239 11.975766
v 0.000000 4.802042 12.010997
v 0.000000 4.808602 12.104813
v 0.000000 4.899854 12.127565
v -0.586832 4.894920 12.115353
v -0.584352 4.944778 12.035650
v -0.580339 4.884360 11.963690
v -0.580339 4.797163 11.998920
v -0.584352 4.803689 12.092653
v -0.586832 4.894920 12.115353
v -1.172482 4.880129 12.078743
v -1.167527 4.930049 11.999194
v -1.159509 4.869732 11.927485
v -1.159509 4.782535 11.962715
v -1.167527 4.788960 12.056197
v -1.172482 4.880129 12.078743
v -1.755771 4.855509 12.017807
v -1.748351 4.905533 11.938516
v -1.736345 4.845385 11.867223
v -1.736345 4.758188 11.902454
v -1.748351 4.764445 11.995520
v -1.755771 4.855509 12.017807
v -2.335524 4.821112 11.932670
v -2.325654 4.871281 11.853738
v -2.309683 4.811368 11.783028
v -2.309683 4.724170 11.818258
v -2.325654 4.730192 11.910742
v -2.335524 4.821112 11.932670
v -2.910574 4.777005 11.823501
v -2.898273 4.827360 11.745031
v -2.878370 4.767749 11.675067
v -2.878370 4.680552 11.710297
v -2.898273 4.686272 11.802035
v -2.910574 4.777005 11.823501
v -3.479762 4.723278 11.690522
v -3.465056 4.773860 11.612614
v -3.441261 4.714616 11.543559
v -3.441261 4.627419 11.578789
v -3.465056 4.632772 11.669617
v -3.479762 4.723278 11.690522
v -4.041942 4.660038 11.534000
v -4.024860 4.710888 11.456753
v -3.997221 4.652077 11.388769
v -3.997221 4.564879 11.423999
v -4.024860 4.569800 11.513756
v -4.041942 4.660038 11.534000
v -4.595983 4.587414 11.354249
v -4.576559 4.638571 11.277762
v -4.545131 4.580257 11.211007
v -4.545131 4.493059 11.246237
v -4.576559 4.497483 11.334766
v -4.595983 4.587414 11.354249
v -5.140767 4.505552 11.151633
v -5.119042 4.557055 11.076002
v -5.083888 4.499300 11.010632
v -5.083888 4.412102 11.045862
v -5.119042 4.415966 11.133005
v -5.140767 4.505552 11.151633
v -5.675199 4.414616 10.926558
v -5.651215 4.466503 10.851879
v -5.612407 4.409370 10.788048
v -5.612407 4.322173 10.823278
v -5.651215 4.325415 10.908882
v -5.675199 4.414616 10.926558
v -6.198202 4.314790 10.679479
v -6.172007 4.367099 10.605844
v -6.129623 4.310648 10.543703
v -6.129623 4.223451 10.578933
v -6.172007 4.226010 10.662848
v -6.198202 4.314790 10.679479
v -6.708723 4.206274 10.410893
v -6.680370 4.259042 10.338393
v -6.634495 4.203333 10.278089
v -6.634495 4.116136 10.313319
v -6.680370 4.117953 10.395397
v -6.708723 4.206274 10.410893
v -7.205733 4.089287 10.121341
v -7.175280 4.142550 10.050065
v -7.126006 4.087641 9.991740
v -7.126006 4.000443 10.026970
v -7.175280 4.001461 10.107068
v -7.205733 4.089287 10.121341
v -7.688231 3.964065 9.811406
v -7.655739 4.017857 9.741439
v -7.603166 3.963804 9.685234
v -7.603166 3.876607 9.720465
v -7.655739 3.876768 9.798443
v -7.688231 3.964065 9.811406
v -8.155247 3.830860 9.481712
v -8.120781 3.885215 9.413139
v -8.065014 3.832073 9.359188
v -8.065014 3.744876 9.394418
v -8.120781 3.744126 9.470142
v -8.155247 3.830860 9.481712
v -8.605839 3.689940 9.132923
v -8.569469 3.744890 9.065824
v -8.510621 3.692713 9.014258
v -8.510621 3.605515 9.049488
v -8.569469 3.603802 9.122827
v -8.605839 3.689940 9.132923
v -9.039099 3.541589 8.765742
v -9.000898 3.597166 8.700194
v -8.939088 3.546003 8.651139
v -8.939088 3.458805 8.686370
v -9.000898 3.456078 8.757198
v -9.039099 3.541589 8.765742
v -9.454157 3.386106 8.380907
v -9.414202 3.442340 8.316986
v -9.349553 3.392240 8.270563
v -9.349553 3.305042 8.305793
v -9.414202 3.301252 8.373989
v -9.454157 3.386106 8.380907
v -9.850175 3.223804 7.979195
v -9.808546 3.280724 7.916971
v -9.741189 3.231733 7.873295
v -9.741189 3.144536 7.908525
v -9.808546 3.139635 7.973975
v -9.850175 3.223804 7.979195
v -10.226356 3.055009 7.561413
v -10.183137 3.112642 7.500955
v -10.113208 3.064806 7.460136
v -10.113208 2.977609 7.495366
v -10.183137 2.971554 7.557959
v -10.226356 3.055009 7.561413
v -10.581942 2.880062 7.128404
v -10.537221 2.938435 7.069776
v -10.464860 2.891795 7.031918
v -10.464860 2.804597 7.067148
v -10.537221 2.797346 7.126779
v -10.581942 2.880062 7.128404
v -10.916218 2.699315 6.681039
v -10.870084 2.758451 6.624302
v -10.795438 2.713048 6.589503
v -10.795438 2.625850 6.624733
v -10.870084 2.617363 6.681305
v -10.916218 2.699315 6.681039
v -11.228510 2.513132 6.220219
v -11.181056 2.573055 6.165430
v -11.104274 2.528924 6.133782
v -11.104274 2.441727 6.169012
v -11.181056 2.431966 6.222433
v -11.228510 2.513132 6.220219
v -11.518190 2.321887 5.746873
v -11.469511 2.382619 5.694084
v -11.390749 2.339796 5.665673
v -11.390749 2.252598 5.700903
v -11.469511 2.241530 5.751087
v -11.518190 2.321887 5.746873
v -11.784673 2.125967 5.261953
v -11.734868 2.187527 5.211213
v -11.654283 2.146043 5.186118
v -11.654283 2.058846 5.221348
v -11.734868 2.046438 5.268217
v -11.784673 2.125967 5.261953
v -12.027423 1.925765 4.766437
v -11.976593 1.988171 4.717791
v -11.894348 1.948057 4.696084
v -11.894348 1.860859 4.731314
v -11.976593 1.847082 4.774794
v -12.027423 1.925765 4.766437
v -12.245952 1.721685 4.261321
v -12.194198 1.784954 4.214810
v -12.110459 1.746235 4.196557
v -12.110459 1.659037 4.231787
v -12.194198 1.643865 4.271814
v -12.245952 1.721685 4.261321
v -12.439819 1.514138 3.747624
v -12.387246 1.578284 3.703284
v -12.302181 1.540984 3.688544
v -12.302181 1.453787 3.723774
v -12.387246 1.437195 3.760287
v -12.439819 1.514138 3.747624
v -12.608634 1.303542 3.226379
v -12.555348 1.368577 3.184242
v -12.469128 1.332718 3.173066
v -12.469128 1.245520 3.208296
v -12.555348 1.227488 3.241246
v -12.608634 1.303542 3.226379
v -12.752057 1.090320 2.698637
v -12.698164 1.156257 2.658730
v -12.610964 1.121855 2.651163
v -12.610964 1.034658 2.686394
v -12.698164 1.015168 2.715734
v -12.752057 1.090320 2.698637
v -12.869799 0.874903 2.165460
v -12.815409 0.941750 2.127807
v -12.727403 0.908821 2.123886
v -12.727403 0.821624 2.159116
v -12.815409 0.800661 2.184810
v -12.869799 0.874903 2.165460
v -12.961623 0.657723 1.627923
v -12.906845 0.725488 1.592541
v -12.818211 0.694045 1.592296
v -12.818211 0.606847 1.627526
v -12.906845 0.584399 1.649544
v -12.961623 0.657723 1.627923
v -13.027344 0.439220 1.087107
v -12.972288 0.507908 1.054010
v -12.883205 0.477959 1.057463
v -12.883205 0.390761 1.092693
v -12.972288 0.366819 1.111014
v -13.027344 0.439220 1.087107
v -13.066829 0.219831 0.544101
v -13.011606 0.289446 0.513300
v -12.922254 0.260998 0.520466
v -12.922254 0.173800 0.555696
v -13.011606 0.148358 0.570303
v -13.066829 0.219831 0.544101
v -13.080000 0.000000 0.000000
v -13.024721 0.070544 -0.028502
v -12.935279 0.043599 -0.017615
v -12.935279 -0.043599 0.017615
v -13.024721 -0.070544 0.028502
v -13.080000 0.000000 0.000000
v -13.066829 -0.219831 -0.544101
v -13.011606 -0.148358 -0.570303
v -12.922254 -0.173800 -0.555696
v -12.922254 -0.260998 -0.520466
v -13.011606 -0.289446 -0.513300
v -13.066829 -0.219831 -0.544101
v -13.027344 -0.439220 -1.087107
v -12.972288 -0.366819 -1.111014
v -12.883205 -0.390761 -1.092693
v -12.883205 -0.477959 -1.057463
v -12.972288 -0.507908 -1.054010
v -13.027344 -0.439220 -1.087107
v -12.961623 -0.657723 -1.627923
v -12.906845 -0.584399 -1.649544
v -12.818211 -0.606847 -1.627526
v -12.818211 -0.694045 -1.592296
v -12.906845 -0.725488 -1.592541
v -12.961623 -0.657723 -1.627923
v -12.869799 -0.874903 -2.165460
v -12.815409 -0.800661 -2.184810
v -12.727403 -0.821624 -2.159116
v -12.727403 -0.908821 -2.123886
v -12.815409 -0.941750 -2.127807
v -12.869799 -0.874903 -2.165460
v -12.752057 -1.090320 -2.698637
v -12.698164 -1.015168 -2.715734
v -12.610964 -1.034658 -2.686394
v -12.610964 -1.121855 -2.651163
v -12.698164 -1.156257 -2.658730
v -12.752057 -1.090320 -2.698637
v -12.608634 -1.303542 -3.226379
v -12.555348 -1.227488 -3.241246
v -12.469128 -1.245520 -3.208296
v -12.469128 -1.332718 -3.173066
v -12.555348 -1.368577 -3.184242
v -12.608634 -1.303542 -3.226379
v -12.439819 -1.514138 -3.747624
v -12.387246 -1.437195 -3.760287
v -12.302181 -1.453787 -3.723774
v -12.302181 -1.540984 -3.688544
v -12.387246 -1.578284 -3.703284
v -12.439819 -1.514138 -3.747624
v -12.245952 -1.721685 -4.261321
v -12.194198 -1.643865 -4.271814
v -12.110459 -1.659037 -4.231787
v -12.110459 -1.746235 -4.196557
v -12.194198 -1.784954 -4.214810
v -12.245952 -1.721685 -4.261321
v -12.027423 -1.925765 -4.766437
v -11.976593 -1.847082 -4.774794
v -11.894348 -1.860859 -4.731314
v -11.894348 -1.948057 -4.696084
v -11.976593 -1.988171 -4.717791
v -12.027423 -1.925765 -4.766437
v -11.784673 -2.125967 -5.261953
v -11.734868 -2.046438 -5.268217
v -11.654283 -2.058846 -5.221348
v -11.654283 -2.146043 -5.186118
v -11.734868 -2.187527 -5.211213
v -11.784673 -2.125967 -5.261953
v -11.518190 -2.321887 -5.746873
v -11.469511 -2.241530 -5.751087
v -11.390749 -2.252598 -5.700903
v -11.390749 -2.339796 -5.665673
v -11.469511 -2.382619 -5.694084
v -11.518190 -2.321887 -5.746873
v -11.228510 -2.513132 -6.220219
v -11.181056 -2.431966 -6.222433
v -11.104274 -2.441727 -6.169012
v -11.104274 -2.528924 -6.133782
v -11.181056 -2.573055 -6.165430
v -11.228510 -2.513132 -6.220219
v -10.916218 -2.699315 -6.681039
v -10.870084 -2.617363 -6.681305
v -10.795438 -2.625850 -6.624733
v -10.795438 -2.713048 -6.589503
v -10.870084 -2.758451 -6.624302
v -10.916218 -2.699315 -6.681039
v -10.581942 -2.880062 -7.128404
v -10.537221 -2.797346 -7.126779
v -10.464860 -2.804597 -7.067148
v -10.464860 -2.891795 -7.031918
v -10.537221 -2.938435 -7.069776
v -10.581942 -2.880062 -7.128404
v -10.226356 -3.055009 -7.561413
v -10.183137 -2.971554 -7.557959
v -10.113208 -2.977609 -7.495366
v -10.113208 -3.064806 -7.460136
v -10.183137 -3.112642 -7.500955
v -10.226356 -3.055009 -7.561413
v -9.850175 -3.223804 -7.979195
v -9.808546 -3.139635 -7.973975
v -9.741189 -3.144536 -7.908525
v -9.741189 -3.231733 -7.873295
v -9.808546 -3.280724 -7.916971
v -9.850175 -3.223804 -7.979195
v -9.454157 -3.386106 -8.380907
v -9.414202 -3.301252 -8.373989
v -9.349553 -3.305042 -8.305793
v -9.349553 -3.392240 -8.270563
v -9.414202 -3.442340 -8.316986
v -9.454157 -3.386106 -8.380907
v -9.039099 -3.541589 -8.765742
v -9.000898 -3.456078 -8.757198
v -8.939088 -3.458805 -8.686370
v -8.939088 -3.546003 -8.651139
v -9.000898 -3.597166 -8.700194
v -9.039099 -3.541589 -8.765742
v -8.605839 -3.689940 -9.132923
v -8.569469 -3.603802 -9.122827
v -8.510621 -3.605515 -9.049488
v -8.510621 -3.692713 -9.014258
v -8.569469 -3.744890 -9.065824
v -8.605839 -3.689940 -9.132923
v -8.155247 -3.830860 -9.481712
v -8.120781 -3.744126 -9.470142
v -8.065014 -3.744876 -9.394418
v -8.065014 -3.832073 -9.359188
v -8.120781 -3.885215 -9.413139
v -8.155247 -3.830860 -9.481712
v -7.688231 -3.964065 -9.811406
v -7.655739 -3.876768 -9.798443
v -7.603166 -3.876607 -9.720465
v -7.603166 -3.963804 -9.685234
v -7.655739 -4.017857 -9.741439
v -7.688231 -3.964065 -9.811406
v -7.205733 -4.089287 -10.121341
v -7.175280 -4.001461 -10.107068
v -7.126006 -4.000443 -10.026970
v -7.126006 -4.087641 -9.991740
v -7.175280 -4.142550 -10.050065
v -7.205733 -4.089287 -10.121341
v -6.708723 -4.206274 -10.410893
v -6.680370 -4.117953 -10.395397
v -6.634495 -4.116136 -10.313319
v -6.634495 -4.203333 -10.278089
v -6.680370 -4.259042 -10.338393
v -6.708723 -4.206274 -10.410893
v -6.198202 -4.314790 -10.679479
v -6.172007 -4.226010 -10.662848
v -6.129623 -4.223451 -10.578933
v -6.129623 -4.310648 -10.543703
v -6.172007 -4.367099 -10.605844
v -6.198202 -4.314790 -10.679479
v -5.675199 -4.414616 -10.926558
v -5.651215 -4.325415 -10.908882
v -5.612407 -4.322173 -10.823278
v -5.612407 -4.409370 -10.788048
v -5.651215 -4.466503 -10.851879
v -5.675199 -4.414616 -10.926558
v -5.140767 -4.505552 -11.151633
v -5.119042 -4.415966 -11.133005
v -5.083888 -4.412102 -11.045862
v -5.083888 -4.499300 -11.010632
v -5.119042 -4.557055 -11.076002
v -5.140767 -4.505552 -11.151633
v -4.595983 -4.587414 -11.354249
v -4.576559 -4.497483 -11.334766
v -4.545131 -4.493059 -11.246237
v -4.545131 -4.580257 -11.211007
v -4.576559 -4.638571 -11.277762
v -4.595983 -4.587414 -11.354249
v -4.041942 -4.660038 -11.534000
v -4.024860 -4.569800 -11.513756
v -3.997221 -4.564879 -11.423999
v -3.997221 -4.652077 -11.388769
v -4.024860 -4.710888 -11.456753
v -4.041942 -4.660038 -11.534000
v -3.479762 -4.723278 -11.690522
v -3.465056 -4.632772 -11.669617
v -3.441261 -4.627419 -11.578789
v -3.441261 -4.714616 -11.543559
v -3.465056 -4.773860 -11.612614
v -3.479762 -4.723278 -11.690522
v -2.910574 -4.777005 -11.823501
v -2.898273 -4.686272 -11.802035
v -2.878370 -4.680552 -11.710297
v -2.878370 -4.767749 -11.675067
v -2.898273 -4.827360 -11.745031
v -2.910574 -4.777005 -11.823501
v -2.335524 -4.821112 -11.932670
v -2.325654 -4.730192 -11.910742
v -2.309683 -4.724170 -11.818258
v -2.309683 -4.811368 -11.783028
v -2.325654 -4.871281 -11.853738
v -2.335524 -4.821112 -11.932670
v -1.755771 -4.855509 -12.017807
v -1.748351 -4.764445 -11.995520
v -1.736345 -4.758188 -11.902454
v -1.736345 -4.845385 -11.867223
v -1.748351 -4.905533 -11.938516
v -1.755771 -4.855509 -12.017807
v -1.172482 -4.880129 -12.078743
v -1.167527 -4.788960 -12.056197
v -1.159509 -4.782535 -11.962715
v -1.159509 -4.869732 -11.927485
v -1.167527 -4.930049 -11.999194
v -1.172482 -4.880129 -12.078743
v -0.586832 -4.894920 -12.115353
v -0.584352 -4.803689 -12.092653
v -0.580339 -4.797163 -11.998920
v -0.580339 -4.884360 -11.963690
v -0.584352 -4.944778 -12.035650
v -0.586832 -4.894920 -12.115353
v -0.000000 -4.899854 -12.127565
v -0.000000 -4.808602 -12.104813
v -0.000000 -4.802042 -12.010997
v -0.000000 -4.889239 -11.975766
v -0.000000 -4.949691 -12.047810
v -0.000000 -4.899854 -12.127565
v 0.586832 -4.894920 -12.115353
v 0.584352 -4.803689 -12.092653
v 0.580339 -4.797163 -11.998920
v 0.580339 -4.884360 -11.963690
v 0.584352 -4.944778 -12.035650
v 0.586832 -4.894920 -12.115353
v 1.172482 -4.880129 -12.078743
v 1.167527 -4.788960 -12.056197
v 1.159509 -4.782535 -11.962715
v 1.159509 -4.869732 -11.927485
v 1.167527 -4.930049 -11.999194
v 1.172482 -4.880129 -12.078743
v 1.755771 -4.855509 -12.017807
v 1.748351 -4.764445 -11.995520
v 1.736345 -4.758188 -11.902454
v 1.736345 -4.845385 -11.867223
v 1.748351 -4.905533 -11.938516
v 1.755771 -4.855509 -12.017807
v 2.335524 -4.821112 -11.932670
v 2.325654 -4.730192 -11.910742
v 2.309683 -4.724170 -11.818258
v 2.309683 -4.811368 -11.783028
v 2.325654 -4.871281 -11.853738
v 2.335524 -4.821112 -11.932670
v 2.910574 -4.777005 -11.823501
v 2.898273 -4.686272 -11.802035
v 2.878370 -4.680552 -11.710297
v 2.878370 -4.767749 -11.675067
v 2.898273 -4.827360 -11.745031
v 2.910574 -4.777005 -11.823501
v 3.479762 -4.723278 -11.690522
v 3.465056 -4.632772 -11.669617
v 3.441261 -4.627419 -11.578789
v 3.441261 -4.714616 -11.543559
v 3.465056 -4.773860 -11.612614
v 3.479762 -4.723278 -11.690522
v 4.041942 -4.660038 -11.534000
v 4.024860 -4.569800 -11.513756
v 3.997221 -4.564879 -11.423999
v 3.997221 -4.652077 -11.388769
v 4.024860 -4.710888 -11.456753
v 4.041942 -4.660038 -11.534000
v 4.595983 -4.587414 -11.354249
v 4.576559 -4.497483 -11.334766
v 4.545131 -4.493059 -11.246237
v 4.545131 -4.580257 -11.211007
v 4.576559 -4.638571 -11.277762
v 4.595983 -4.587414 -11.354249
v 5.140767 -4.505552 -11.151633
v 5.119042 -4.415966 -11.133005
v 5.083888 -4.412102 -11.045862
v 5.083888 -4.499300 -11.010632
v 5.119042 -4.557055 -11.076002
v 5.140767 -4.505552 -11.151633
v 5.675199 -4.414616 -10.926558
v 5.651215 -4.325415 -10.908882
v 5.612407 -4.322173 -10.823278
v 5.612407 -4.409370 -10.788048
v 5.651215 -4.466503 -10.851879
v 5.675199 -4.414616 -10.926558
v 6.198202 -4.314790 -10.679479
v 6.172007 -4.226010 -10.662848
v 6.129623 -4.223451 -10.578933
v 6.129623 -4.310648 -10.543703
v 6.172007 -4.367099 -10.605844
v 6.198202 -4.314790 -10.679479
v 6.708723 -4.206274 -10.410893
v 6.680370 -4.117953 -10.395397
v 6.634495 -4.116136 -10.313319
v 6.634495 -4.203333 -10.278089
v 6.680370 -4.259042 -10.338393
v 6.708723 -4.206274 -10.410893
v 7.205733 -4.089287 -10.121341
v 7.175280 -4.001461 -10.107068
v 7.126006 -4.000443 -10.026970
v 7.126006 -4.087641 -9.991740
v 7.175280 -4.142550 -10.050065
v 7.205733 -4.089287 -10.121341
v 7.688231 -3.964065 -9.811406
v 7.655739 -3.876768 -9.798443
v 7.603166 -3.876607 -9.720465
v 7.603166 -3.963804 -9.685234
v 7.655739 -4.017857 -9.741439
v 7.688231 -3.964065 -9.811406
v 8.155247 -3.830860 -9.481712
v 8.120781 -3.744126 -9.470142
v 8.065014 -3.744876 -9.394418
v 8.065014 -3.832073 -9.359188
v 8.120781 -3.885215 -9.413139
v 8.155247 -3.830860 -9.481712
v 8.605839 -3.689940 -9.132923
v 8.569469 -3.603802 -9.122827
v 8.510621 -3.605515 -9.049488
v 8.510621 -3.692713 -9.014258
v 8.569469 -3.744890 -9.065824
v 8.605839 -3.689940 -9.132923
v 9.039099 -3.541589 -8.765742
v 9.000898 -3.456078 -8.757198
v 8.939088 -3.458805 -8.686370
v 8.939088 -3.546003 -8.651139
v 9.000898 -3.597166 -8.700194
v 9.039099 -3.541589 -8.765742
v 9.454157 -3.386106 -8.380907
v 9.414202 -3.301252 -8.373989
v 9.349553 -3.305042 -8.305793
v 9.349553 -3.392240 -8.270563
v 9.414202 -3.442340 -8.316986
v 9.454157 -3.386106 -8.380907
v 9.850175 -3.223804 -7.979195
v 9.808546 -3.139635 -7.973975
v 9.741189 -3.144536 -7.908525
v 9.741189 -3.231733 -7.873295
v 9.808546 -3.280724 -7.916971
v 9.850175 -3.223804 -7.979195
v 10.226356 -3.055009 -7.561413
v 10.183137 -2.971554 -7.557959
v 10.113208 -2.977609 -7.495366
v 10.113208 -3.064806 -7.460136
v 10.183137 -3.112642 -7.500955
v 10.226356 -3.055009 -7.561413
v 10.581942 -2.880062 -7.128404
v 10.537221 -2.797346 -7.126779
v 10.464860 -2.804597 -7.067148
v 10.464860 -2.891795 -7.031918
v 10.537221 -2.938435 -7.069776
v 10.581942 -2.880062 -7.128404
v 10.916218 -2.699315 -6.681039
v 10.870084 -2.617363 -6.681305
v 10.795438 -2.625850 -6.624733
v 10.795438 -2.713048 -6.589503
v 10.870084 -2.758451 -6.624302
v 10.916218 -2.699315 -6.681039
v 11.228510 -2.513132 -6.220219
v 11.181056 -2.431966 -6.222433
v 11.104274 -2.441727 -6.169012
v 11.104274 -2.528924 -6.133782
v 11.181056 -2.573055 -6.165430
v 11.228510 -2.513132 -6.220219
v 11.518190 -2.321887 -5.746873
v 11.469511 -2.241530 -5.751087
v 11.390749 -2.252598 -5.700903
v 11.390749 -2.339796 -5.665673
v 11.469511 -2.382619 -5.694084
v 11.518190 -2.321887 -5.746873
v 11.784673 -2.125967 -5.261953
v 11.734868 -2.046438 -5.268217
v 11.654283 -2.058846 -5.221348
v 11.654283 -2.146043 -5.186118
v 11.734868 -2.187527 -5.211213
v 11.784673 -2.125967 -5.261953
v 12.027423 -1.925765 -4.766437
v 11.976593 -1.847082 -4.774794
v 11.894348 -1.860859 -4.731314
v 11.894348 -1.948057 -4.696084
v 11.976593 -1.988171 -4.717791
v 12.027423 -1.925765 -4.766437
v 12.245952 -1.721685 -4.261321
v 12.194198 -1.643865 -4.271814
v 12.110459 -1.659037 -4.231787
v 12.110459 -1.746235 -4.196557
v 12.194198 -1.784954 -4.214810
v 12.245952 -1.721685 -4.261321
v 12.439819 -1.514138 -3.747624
v 12.387246 -1.437195 -3.760287
v 12.302181 -1.453787 -3.723774
v 12.302181 -1.540984 -3.688544
v 12.387246 -1.578284 -3.703284
v 12.439819 -1.514138 -3.747624
v 12.608634 -1.303542 -3.226379
v 12.555348 -1.227488 -3.241246
v 12.469128 -1.245520 -3.208296
v 12.469128 -1.332718 -3.173066
v 12.555348 -1.368577 -3.184242
v 12.608634 -1.303542 -3.226379
v 12.752057 -1.090320 -2.698637
v 12.698164 -1.015168 -2.715734
v 12.610964 -1.034658 -2.686394
v 12.610964 -1.121855 -2.651163
v 12.698164 -1.156257 -2.658730
v 12.752057 -1.090320 -2.698637
v 12.869799 -0.874903 -2.165460
v 12.815409 -0.800661 -2.184810
v 12.727403 -0.821624 -2.159116
v 12.727403 -0.908821 -2.123886
v 12.815409 -0.941750 -2.127807
v 12.869799 -0.874903 -2.165460
v 12.961623 -0.657723 -1.627923
v 12.906845 -0.584399 -1.649544
v 12.818211 -0.606847 -1.627526
v 12.818211 -0.694045 -1.592296
v 12.906845 -0.725488 -1.592541
v 12.961623 -0.657723 -1.627923
v 13.027344 -0.439220 -1.087107
v 12.972288 -0.366819 -1.111014
v 12.883205 -0.390761 -1.092693
v 12.883205 -0.477959 -1.057463
v 12.972288 -0.507908 -1.054010
v 13.027344 -0.439220 -1.087107
v 13.066829 -0.219831 -0.544101
v 13.011606 -0.148358 -0.570303
v 12.922254 -0.173800 -0.555696
v 12.922254 -0.260998 -0.520466
v 13.011606 -0.289446 -0.513300
v 13.066829 -0.219831 -0.544101
v 13.080000 -0.000000 -0.000000
v 13.024721 0.070544 -0.028502
v 12.935279 0.043599 -0.017615
v 12.935279 -0.043599 0.017615
v 13.024721 -0.070544 0.028502
v 13.080000 -0.000000 -0.000000
vt 0.000000 0.000000
vt 0.200000 0.000000
vt 0.400000 0.000000
vt 0.600000 0.000000
vt 0.800000 0.000000
vt 1.000000 0.000000
vt 0.000000 0.007143
vt 0.200000 0.007143
vt 0.400000 0.007143
vt 0.600000 0.007143
vt 0.800000 0.007143
vt 1.000000 0.007143
vt 0.000000 0.014286
vt 0.200000 0.014286
vt 0.400000 0.014286
vt 0.600000 0.014286
vt 0.800000 0.014286
vt 1.000000 0.014286
vt 0.000000 0.021429
vt 0.200000 0.021429
vt 0.400000 0.021429
vt 0.600000 0.021429
vt 0.800000 0.021429
vt 1.000000 0.021429
vt 0.000000 0.028571
vt 0.200000 0.028571
vt 0.400000 0.028571
vt 0.600000 0.028571
vt 0.800000 0.028571
vt 1.000000 0.028571
vt 0.000000 0.035714
vt 0.200000 0.035714
vt 0.400000 0.035714
vt 0.600000 0.035714
vt 0.800000 0.035714
vt 1.000000 0.035714
vt 0.000000 0.042857
vt 0.200000 0.042857
vt 0.400000 0.042857
vt 0.600000 0.042857
vt 0.800000 0.042857
vt 1.000000 0.042857
vt 0.000000 0.050000
vt 0.200000 0.050000
vt 0.400000 0.050000
vt 0.600000 0.050000
vt 0.800000 0.050000
vt 1.000000 0.050000
vt 0.000000 0.057143
vt 0.200000 0.057143
vt 0.400000 0.057143
vt 0.600000 0.057143
vt 0.800000 0.057143
vt 1.000000 0.057143
vt 0.000000 0.064286
vt 0.200000 0.064286
vt 0.400000 0.064286
vt 0.600000 0.064286
vt 0.800000 0.064286
vt 1.000000 0.064286
vt 0.000000 0.071429
vt 0.200000 0.071429
vt 0.400000 0.071429
vt 0.600000 0.071429
vt 0.800000 0.071429
vt 1.000000 0.071429
vt 0.000000 0.078571
vt 0.200000 0.078571
vt 0.400000 0.078571
vt 0.600000 0.078571
vt 0.800000 0.078571
vt 1.000000 0.078571
vt 0.000000 0.085714
vt 0.200000 0.085714
vt 0.400000 0.085714
vt 0.600000 0.085714
vt 0.800000 0.085714
vt 1.000000 0.085714
vt 0.000000 0.092857
vt 0.200000 0.092857
vt 0.400000 0.092857
vt 0.600000 0.092857
vt 0.800000 0.092857
vt 1.000000 0.092857
vt 0.000000 0.100000
vt 0.200000 0.100000
vt 0.400000 0.100000
vt 0.600000 0.100000
vt 0.800000 0.100000
vt 1.000000 0.100000
vt 0.000000 0.107143
vt 0.200000 0.107143
vt 0.400000 0.107143
vt 0.600000 0.107143
vt 0.800000 0.107143
vt 1.000000 0.107143
vt 0.000000 0.114286
vt 0.200000 0.114286
vt 0.400000 0.114286
vt 0.600000 0.114286
vt 0.800000 0.114286
vt 1.000000 0.114286
vt 0.000000 0.121429
vt 0.200000 0.121429
vt 0.400000 0.121429
vt 0.600000 0.121429
vt 0.800000 0.121429
vt 1.000000 0.121429
vt 0.000000 0.128571
vt 0.200000 0.128571
vt 0.400000 0.128571
vt 0.600000 0.128571
vt 0.800000 0.128571
vt 1.000000 0.128571
vt 0.000000 0.135714
vt 0.200000 0.135714
vt 0.400000 0.135714
vt 0.600000 0.135714
vt 0.800000 0.135714
vt 1.000000 0.135714
vt 0.000000 0.142857
vt 0.200000 0.142857
vt 0.400000 0.142857
vt 0.600000 0.142857
vt 0.800000 0.142857
vt 1.000000 0.142857
vt 0.000000 0.150000
vt 0.200000 0.150000
vt 0.400000 0.150000
vt 0.600000 0.150000
vt 0.800000 0.150000
vt 1.000000 0.150000
vt 0.000000 0.157143
vt 0.200000 0.157143
vt 0.400000 0.157143
vt 0.600000 0.157143
vt 0.800000 0.157143
vt 1.000000 0.157143
vt 0.000000 0.164286
vt 0.200000 0.164286
vt 0.400000 0.164286
vt 0.600000 0.164286
vt 0.800000 0.164286
vt 1.000000 0.164286
vt 0.000000 0.171429
vt 0.200000 0.171429
vt 0.400000 0.171429
vt 0.600000 0.171429
vt 0.800000 0.171429
vt 1.000000 0.171429
vt 0.000000 0.178571
vt 0.200000 0.178571
vt 0.400000 0.178571
vt 0.600000 0.178571
vt 0.800000 0.178571
vt 1.000000 0.178571
vt 0.000000 0.185714
vt 0.200000 0.185714
vt 0.400000 0.185714
vt 0.600000 0.185714
vt 0.800000 0.185714
vt 1.000000 0.185714
vt 0.000000 0.192857
vt 0.200000 0.192857
vt 0.400000 0.192857
vt 0.600000 0.192857
vt 0.800000 0.192857
vt 1.000000 0.192857
vt 0.000000 0.200000
vt 0.200000 0.200000
vt 0.400000 0.200000
vt 0.600000 0.200000
vt 0.800000 0.200000
vt 1.000000 0.200000
vt 0.000000 0.207143
vt 0.200000 0.207143
vt 0.400000 0.207143
vt 0.600000 0.207143
vt 0.800000 0.207143
vt 1.000000 0.207143
vt 0.000000 0.214286
vt 0.200000 0.214286
vt 0.400000 0.214286
vt 0.600000 0.214286
vt 0.800000 0.214286
vt 1.000000 0.214286
vt 0.000000 0.221429
vt 0.200000 0.221429
vt 0.400000 0.221429
vt 0.600000 0.221429
vt 0.800000 0.221429
vt 1.000000 0.221429
vt 0.000000 0.228571
vt 0.200000 0.228571
vt 0.400000 0.228571
vt 0.600000 0.228571
vt 0.800000 0.228571
vt 1.000000 0.228571
vt 0.000000 0.235714
vt 0.200000 0.235714
vt 0.400000 0.235714
vt 0.600000 0.235714
vt 0.800000 0.235714
vt 1.000000 0.235714
vt 0.000000 0.242857
vt 0.200000 0.242857
vt 0.400000 0.242857
vt 0.600000 0.242857
vt 0.800000 0.242857
vt 1.000000 0.242857
vt 0.000000 0.250000
vt 0.200000 0.250000
vt 0.400000 0.250000
vt 0.600000 0.250000
vt 0.800000 0.250000
vt 1.000000 0.250000
vt 0.000000 0.257143
vt 0.200000 0.257143
vt 0.400000 0.257143
vt 0.600000 0.257143
vt 0.800000 0.257143
vt 1.000000 0.257143
vt 0.000000 0.264286
vt 0.200000 0.264286
vt 0.400000 0.264286
vt 0.600000 0.264286
vt 0.800000 0.264286
vt 1.000000 0.264286
vt 0.000000 0.271429
vt 0.200000 0.271429
vt 0.400000 0.271429
vt 0.600000 0.271429
vt 0.800000 0.271429
vt 1.000000 0.271429
vt 0.000000 0.278571
vt 0.200000 0.278571
vt 0.400000 0.278571
vt 0.600000 0.278571
vt 0.800000 0.278571
vt 1.000000 0.278571
vt 0.000000 0.285714
vt 0.200000 0.285714
vt 0.400000 0.285714
vt 0.600000 0.285714
vt 0.800000 0.285714
vt 1.000000 0.285714
vt 0.000000 0.292857
vt 0.200000 0.292857
vt 0.400000 0.292857
vt 0.600000 0.292857
vt 0.800000 0.292857
vt 1.000000 0.292857
vt 0.000000 0.300000
vt 0.200000 0.300000
vt 0.400000 0.300000
vt 0.600000 0.300000
vt 0.800000 0.300000
vt 1.000000 0.300000
vt 0.000000 0.307143
vt 0.200000 0.307143
vt 0.400000 0.307143
vt 0.600000 0.307143
vt 0.800000 0.307143
vt 1.000000 0.307143
vt 0.000000 0.314286
vt 0.200000 0.314286
vt 0.400000 0.314286
vt 0.600000 0.314286
vt 0.800000 0.314286
vt 1.000000 0.314286
vt 0.000000 0.321429
vt 0.200000 0.321429
vt 0.400000 0.321429
vt 0.600000 0.321429
vt 0.800000 0.321429
vt 1.000000 0.321429
vt 0.000000 0.328571
vt 0.200000 0.328571
vt 0.400000 0.328571
vt 0.600000 0.328571
vt 0.800000 0.328571
vt 1.000000 0.328571
vt 0.000000 0.335714
vt 0.200000 0.335714
vt 0.400000 0.335714
vt 0.600000 0.335714
vt 0.800000 0.335714
vt 1.000000 0.335714
vt 0.000000 0.342857
vt 0.200000 0.342857
vt 0.400000 0.342857
vt 0.600000 0.342857
vt 0.800000 0.342857
vt 1.000000 0.342857
vt 0.000000 0.350000
vt 0.200000 0.350000
vt 0.400000 0.350000
vt 0.600000 0.350000
vt 0.800000 0.350000
vt 1.000000 0.350000
vt 0.000000 0.357143
vt 0.200000 0.357143
vt 0.400000 0.357143
vt 0.600000 0.357143
vt 0.800000 0.357143
vt 1.000000 0.357143
vt 0.000000 0.364286
vt 0.200000 0.364286
vt 0.400000 0.364286
vt 0.600000 0.364286
vt 0.800000 0.364286
vt 1.000000 0.364286
vt 0.000000 0.371429
vt 0.200000 0.371429
vt 0.400000 0.371429
vt 0.600000 0.371429
vt 0.800000 0.371429
vt 1.000000 0.371429
vt 0.000000 0.378571
vt 0.200000 0.378571
vt 0.400000 0.378571
vt 0.600000 0.378571
vt 0.800000 0.378571
vt 1.000000 0.378571
vt 0.000000 0.385714
vt 0.200000 0.385714
vt 0.400000 0.385714
vt 0.600000 0.385714
vt 0.800000 0.385714
vt 1.000000 0.385714
vt 0.000000 0.392857
vt 0.200000 0.392857
vt 0.400000 0.392857
vt 0.600000 0.392857
vt 0.800000 0.392857
vt 1.000000 0.392857
vt 0.000000 0.400000
vt 0.200000 0.400000
vt 0.400000 0.400000
vt 0.600000 0.400000
vt 0.800000 0.400000
vt 1.000000 0.400000
vt 0.000000 0.407143
vt 0.200000 0.407143
vt 0.400000 0.407143
vt 0.600000 0.407143
vt 0.800000 0.407143
vt 1.000000 0.407143
vt 0.000000 0.414286
vt 0.200000 0.414286
vt 0.400000 0.414286
vt 0.600000 0.414286
vt 0.800000 0.414286
vt 1.000000 0.414286
vt 0.000000 0.421429
vt 0.200000 0.421429
vt 0.400000 0.421429
vt 0.600000 0.421429
vt 0.800000 0.421429
vt 1.000000 0.421429
vt 0.000000 0.428571
vt 0.200000 0.428571
vt 0.400000 0.428571
vt 0.600000 0.428571
vt 0.800000 0.428571
vt 1.000000 0.428571
vt 0.000000 0.435714
vt 0.200000 0.435714
vt 0.400000 0.435714
vt 0.600000 0.435714
vt 0.800000 0.435714
vt 1.000000 0.435714
vt 0.000000 0.442857
vt 0.200000 0.442857
vt 0.400000 0.442857
vt 0.600000 0.442857
vt 0.800000 0.442857
vt 1.000000 0.442857
vt 0.000000 0.450000
vt 0.200000 0.450000
vt 0.400000 0.450000
vt 0.600000 0.450000
vt 0.800000 0.450000
vt 1.000000 0.450000
vt 0.000000 0.457143
vt 0.200000 0.457143
vt 0.400000 0.457143
vt 0.600000 0.457143
vt 0.800000 0.457143
vt 1.000000 0.457143
vt 0.000000 0.464286
vt 0.200000 0.464286
vt 0.400000 0.464286
vt 0.600000 0.464286
vt 0.800000 0.464286
vt 1.000000 0.464286
vt 0.000000 0.471429
vt 0.200000 0.471429
vt 0.400000 0.471429
vt 0.600000 0.471429
vt 0.800000 0.471429
vt 1.000000 0.471429
vt 0.000000 0.478571
vt 0.200000 0.478571
vt 0.400000 0.478571
vt 0.600000 0.478571
vt 0.800000 0.478571
vt 1.000000 0.478571
vt 0.000000 0.485714
vt 0.200000 0.485714
vt 0.400000 0.485714
vt 0.600000 0.485714
vt 0.800000 0.485714
vt 1.000000 0.485714
vt 0.000000 0.492857
vt 0.200000 0.492857
vt 0.400000 0.492857
vt 0.600000 0.492857
vt 0.800000 0.492857
vt 1.000000 0.492857
vt 0.000000 0.500000
vt 0.200000 0.500000
vt 0.400000 0.500000
vt 0.600000 0.500000
vt 0.800000 0.500000
vt 1.000000 0.500000
vt 0.000000 0.507143
vt 0.200000 0.507143
vt 0.400000 0.507143
vt 0.600000 0.507143
vt 0.800000 0.507143
vt 1.000000 0.507143
vt 0.000000 0.514286
vt 0.200000 0.514286
vt 0.400000 0.514286
vt 0.600000 0.514286
vt 0.800000 0.514286
vt 1.000000 0.514286
vt 0.000000 0.521429
vt 0.200000 0.521429
vt 0.400000 0.521429
vt 0.600000 0.521429
vt 0.800000 0.521429
vt 1.000000 0.521429
vt 0.000000 0.528571
vt 0.200000 0.528571
vt 0.400000 0.528571
vt 0.600000 0.528571
vt 0.800000 0.528571
vt 1.000000 0.528571
vt 0.000000 0.535714
vt 0.200000 0.535714
vt 0.400000 0.535714
vt 0.600000 0.535714
vt 0.800000 0.535714
vt 1.000000 0.535714
vt 0.000000 0.542857
vt 0.200000 0.542857
vt 0.400000 0.542857
vt 0.600000 0.542857
vt 0.800000 0.542857
vt 1.000000 0.542857
vt 0.000000 0.550000
vt 0.200000 0.550000
vt 0.400000 0.550000
vt 0.600000 0.550000
vt 0.800000 0.550000
vt 1.000000 0.550000
vt 0.000000 0.557143
vt 0.200000 0.557143
vt 0.400000 0.557143
vt 0.600000 0.557143
vt 0.800000 0.557143
vt 1.000000 0.557143
vt 0.000000 0.564286
vt 0.200000 0.564286
vt 0.400000 0.564286
vt 0.600000 0.564286
vt 0.800000 0.564286
vt 1.000000 0.564286
vt 0.000000 0.571429
vt 0.200000 0.571429
vt 0.400000 0.571429
vt 0.600000 0.571429
vt 0.800000 0.571429
vt 1.000000 0.571429
vt 0.000000 0.578571
vt 0.200000 0.578571
vt 0.400000 0.578571
vt 0.600000 0.578571
vt 0.800000 0.578571
vt 1.000000 0.578571
vt 0.000000 0.585714
vt 0.200000 0.585714
vt 0.400000 0.585714
vt 0.600000 0.585714
vt 0.800000 0.585714
vt 1.000000 0.585714
vt 0.000000 0.592857
vt 0.200000 0.592857
vt 0.400000 0.592857
vt 0.600000 0.592857
vt 0.800000 0.592857
vt 1.000000 0.592857
vt 0.000000 0.600000
vt 0.200000 0.600000
vt 0.400000 0.600000
vt 0.600000 0.600000
vt 0.800000 0.600000
vt 1.000000 0.600000
vt 0.000000 0.607143
vt 0.200000 0.607143
vt 0.400000 0.607143
vt 0.600000 0.607143
vt 0.800000 0.607143
vt 1.000000 0.607143
vt 0.000000 0.614286
vt 0.200000 0.614286
vt 0.400000 0.614286
vt 0.600000 0.614286
vt 0.800000 0.614286
vt 1.000000 0.614286
vt 0.000000 0.621429
vt 0.200000 0.621429
vt 0.400000 0.621429
vt 0.600000 0.621429
vt 0.800000 0.621429
vt 1.000000 0.621429
vt 0.000000 0.628571
vt 0.200000 0.628571
vt 0.400000 0.628571
vt 0.600000 0.628571
vt 0.800000 0.628571
vt 1.000000 0.628571
vt 0.000000 0.635714
vt 0.200000 0.635714
vt 0.400000 0.635714
vt 0.600000 0.635714
vt 0.800000 0.635714
vt 1.000000 0.635714
vt 0.000000 0.642857
vt 0.200000 0.642857
vt 0.400000 0.642857
vt 0.600000 0.642857
vt 0.800000 0.642857
vt 1.000000 0.642857
vt 0.000000 0.650000
vt 0.200000 0.650000
vt 0.400000 0.650000
vt 0.600000 0.650000
vt 0.800000 0.650000
vt 1.000000 0.650000
vt 0.000000 0.657143
vt 0.200000 0.657143
vt 0.400000 0.657143
vt 0.600000 0.657143
vt 0.800000 0.657143
vt 1.000000 0.657143
vt 0.000000 0.664286
vt 0.200000 0.664286
vt 0.400000 0.664286
vt 0.600000 0.664286
vt 0.800000 0.664286
vt 1.000000 0.664286
vt 0.000000 0.671429
vt 0.200000 0.671429
vt 0.400000 0.671429
vt 0.600000 0.671429
vt 0.800000 0.671429
vt 1.000000 0.671429
vt 0.000000 0.678571
vt 0.200000 0.678571
vt 0.400000 0.678571
vt 0.600000 0.678571
vt 0.800000 0.678571
vt 1.000000 0.678571
vt 0.000000 0.685714
vt 0.200000 0.685714
vt 0.400000 0.685714
vt 0.600000 0.685714
vt 0.800000 0.685714
vt 1.000000 0.685714
vt 0.000000 0.692857
vt 0.200000 0.692857
vt 0.400000 0.692857
vt 0.600000 0.692857
vt 0.800000 0.692857
vt 1.000000 0.692857
vt 0.000000 0.700000
vt 0.200000 0.700000
vt 0.400000 0.700000
vt 0.600000 0.700000
vt 0.800000 0.700000
vt 1.000000 0.700000
vt 0.000000 0.707143
vt 0.200000 0.707143
vt 0.400000 0.707143
vt 0.600000 0.707143
vt 0.800000 0.707143
vt 1.000000 0.707143
vt 0.000000 0.714286
vt 0.200000 0.714286
vt 0.400000 0.714286
vt 0.600000 0.714286
vt 0.800000 0.714286
vt 1.000000 0.714286
vt 0.000000 0.721429
vt 0.200000 0.721429
vt 0.400000 0.721429
vt 0.600000 0.721429
vt 0.800000 0.721429
vt 1.000000 0.721429
vt 0.000000 0.728571
vt 0.200000 0.728571
vt 0.400000 0.728571
vt 0.600000 0.728571
vt 0.800000 0.728571
vt 1.000000 0.728571
vt 0.000000 0.735714
vt 0.200000 0.735714
vt 0.400000 0.735714
vt 0.600000 0.735714
vt 0.800000 0.735714
vt 1.000000 0.735714
vt 0.000000 0.742857
vt 0.200000 0.742857
vt 0.400000 0.742857
vt 0.600000 0.742857
vt 0.800000 0.742857
vt 1.000000 0.742857
vt 0.000000 0.750000
vt 0.200000 0.750000
vt 0.400000 0.750000
vt 0.600000 0.750000
vt 0.800000 0.750000
vt 1.000000 0.750000
vt 0.000000 0.757143
vt 0.200000 0.757143
vt 0.400000 0.757143
vt 0.600000 0.757143
vt 0.800000 0.757143
vt 1.000000 0.757143
vt 0.000000 0.764286
vt 0.200000 0.764286
vt 0.400000 0.764286
vt 0.600000 0.764286
vt 0.800000 0.764286
vt 1.000000 0.764286
vt 0.000000 0.771429
vt 0.200000 0.771429
vt 0.400000 0.771429
vt 0.600000 0.771429
vt 0.800000 0.771429
vt 1.000000 0.771429
vt 0.000000 0.778571
vt 0.200000 0.778571
vt 0.400000 0.778571
vt 0.600000 0.778571
vt 0.800000 0.778571
vt 1.000000 0.778571
vt 0.000000 0.785714
vt 0.200000 0.785714
vt 0.400000 0.785714
vt 0.600000 0.785714
vt 0.800000 0.785714
vt 1.000000 0.785714
vt 0.000000 0.792857
vt 0.200000 0.792857
vt 0.400000 0.792857
vt 0.600000 0.792857
vt 0.800000 0.792857
vt 1.000000 0.792857
vt 0.000000 0.800000
vt 0.200000 0.800000
vt 0.400000 0.800000
vt 0.600000 0.800000
vt 0.800000 0.800000
vt 1.000000 0.800000
vt 0.000000 0.807143
vt 0.200000 0.807143
vt 0.400000 0.807143
vt 0.600000 0.807143
vt 0.800000 0.807143
vt 1.000000 0.807143
vt 0.000000 0.814286
vt 0.200000 0.814286
vt 0.400000 0.814286
vt 0.600000 0.814286
vt 0.800000 0.814286
vt 1.000000 0.814286
vt 0.000000 0.821429
vt 0.200000 0.821429
vt 0.400000 0.821429
vt 0.600000 0.821429
vt 0.800000 0.821429
vt 1.000000 0.821429
vt 0.000000 0.828571
vt 0.200000 0.828571
vt 0.400000 0.828571
vt 0.600000 0.828571
vt 0.800000 0.828571
vt 1.000000 0.828571
vt 0.000000 0.835714
vt 0.200000 0.835714
vt 0.400000 0.835714
vt 0.600000 0.835714
vt 0.800000 0.835714
vt 1.000000 0.835714
vt 0.000000 0.842857
vt 0.200000 0.842857
vt 0.400000 0.842857
vt 0.600000 0.842857
vt 0.800000 0.842857
vt 1.000000 0.842857
vt 0.000000 0.850000
vt 0.200000 0.850000
vt 0.400000 0.850000
vt 0.600000 0.850000
vt 0.800000 0.850000
vt 1.000000 0.850000
vt 0.000000 0.857143
vt 0.200000 0.857143
vt 0.400000 0.857143
vt 0.600000 0.857143
vt 0.800000 0.857143
vt 1.000000 0.857143
vt 0.000000 0.864286
vt 0.200000 0.864286
vt 0.400000 0.864286
vt 0.600000 0.864286
vt 0.800000 0.864286
vt 1.000000 0.864286
vt 0.000000 0.871429
vt 0.200000 0.871429
vt 0.400000 0.871429
vt 0.600000 0.871429
vt 0.800000 0.871429
vt 1.000000 0.871429
vt 0.000000 0.878571
vt 0.200000 0.878571
vt 0.400000 0.878571
vt 0.600000 0.878571
vt 0.800000 0.878571
vt 1.000000 0.878571
vt 0.000000 0.885714
vt 0.200000 0.885714
vt 0.400000 0.885714
vt 0.600000 0.885714
vt 0.800000 0.885714
vt 1.000000 0.885714
vt 0.000000 0.892857
vt 0.200000 0.892857
vt 0.400000 0.892857
vt 0.600000 0.892857
vt 0.800000 0.892857
vt 1.000000 0.892857
vt 0.000000 0.900000
vt 0.200000 0.900000
vt 0.400000 0.900000
vt 0.600000 0.900000
vt 0.800000 0.900000
vt 1.000000 0.900000
vt 0.000000 0.907143
vt 0.200000 0.907143
vt 0.400000 0.907143
vt 0.600000 0.907143
vt 0.800000 0.907143
vt 1.000000 0.907143
vt 0.000000 0.914286
vt 0.200000 0.914286
vt 0.400000 0.914286
vt 0.600000 0.914286
vt 0.800000 0.914286
vt 1.000000 0.914286
vt 0.000000 0.921429
vt 0.200000 0.921429
vt 0.400000 0.921429
vt 0.600000 0.921429
vt 0.800000 0.921429
vt 1.000000 0.921429
vt 0.000000 0.928571
vt 0.200000 0.928571
vt 0.400000 0.928571
vt 0.600000 0.928571
vt 0.800000 0.928571
vt 1.000000 0.928571
vt 0.000000 0.935714
vt 0.200000 0.935714
vt 0.400000 0.935714
vt 0.600000 0.935714
vt 0.800000 0.935714
vt 1.000000 0.935714
vt 0.000000 0.942857
vt 0.200000 0.942857
vt 0.400000 0.942857
vt 0.600000 0.942857
vt 0.800000 0.942857
vt 1.000000 0.942857
vt 0.000000 0.950000
vt 0.200000 0.950000
vt 0.400000 0.950000
vt 0.600000 0.950000
vt 0.800000 0.950000
vt 1.000000 0.950000
vt 0.000000 0.957143
vt 0.200000 0.957143
vt 0.400000 0.957143
vt 0.600000 0.957143
vt 0.800000 0.957143
vt 1.000000 0.957143
vt 0.000000 0.964286
vt 0.200000 0.964286
vt 0.400000 0.964286
vt 0.600000 0.964286
vt 0.800000 0.964286
vt 1.000000 0.964286
vt 0.000000 0.971429
vt 0.200000 0.971429
vt 0.400000 0.971429
vt 0.600000 0.971429
vt 0.800000 0.971429
vt 1.000000 0.971429
vt 0.000000 0.978571
vt 0.200000 0.978571
vt 0.400000 0.978571
vt 0.600000 0.978571
vt 0.800000 0.978571
vt 1.000000 0.978571
vt 0.000000 0.985714
vt 0.200000 0.985714
vt 0.400000 0.985714
vt 0.600000 0.985714
vt 0.800000 0.985714
vt 1.000000 0.985714
vt 0.000000 0.992857
vt 0.200000 0.992857
vt 0.400000 0.992857
vt 0.600000 0.992857
vt 0.800000 0.992857
vt 1.000000 0.992857
vt 0.000000 1.000000
vt 0.200000 1.000000
vt 0.400000 1.000000
vt 0.600000 1.000000
vt 0.800000 1.000000
vt 1.000000 1.000000
vt 0.000000 0.000000
vt 0.200000 0.000000
vt 0.400000 0.000000
vt 0.600000 0.000000
vt 0.800000 0.000000
vt 1.000000 0.000000
vt 0.000000 0.007143
vt 0.200000 0.007143
vt 0.400000 0.007143
vt 0.600000 0.007143
vt 0.800000 0.007143
vt 1.000000 0.007143
vt 0.000000 0.014286
vt 0.200000 0.014286
vt 0.400000 0.014286
vt 0.600000 0.014286
vt 0.800000 0.014286
vt 1.000000 0.014286
vt 0.000000 0.021429
vt 0.200000 0.021429
vt 0.400000 0.021429
vt 0.600000 0.021429
vt 0.800000 0.021429
vt 1.000000 0.021429
vt 0.000000 0.028571
vt 0.200000 0.028571
vt 0.400000 0.028571
vt 0.600000 0.028571
vt 0.800000 0.028571
vt 1.000000 0.028571
vt 0.000000 0.035714
vt 0.200000 0.035714
vt 0.400000 0.035714
vt 0.600000 0.035714
vt 0.800000 0.035714
vt 1.000000 0.035714
vt 0.000000 0.042857
vt 0.200000 0.042857
vt 0.400000 0.042857
vt 0.600000 0.042857
vt 0.800000 0.042857
vt 1.000000 0.042857
vt 0.000000 0.050000
vt 0.200000 0.050000
vt 0.400000 0.050000
vt 0.600000 0.050000
vt 0.800000 0.050000
vt 1.000000 0.050000
vt 0.000000 0.057143
vt 0.200000 0.057143
vt 0.400000 0.057143
vt 0.600000 0.057143
vt 0.800000 0.057143
vt 1.000000 0.057143
vt 0.000000 0.064286
vt 0.200000 0.064286
vt 0.400000 0.064286
vt 0.600000 0.064286
vt 0.800000 0.064286
vt 1.000000 0.064286
vt 0.000000 0.071429
vt 0.200000 0.071429
vt 0.400000 0.071429
vt 0.600000 0.071429
vt 0.800000 0.071429
vt 1.000000 0.071429
vt 0.000000 0.078571
vt 0.200000 0.078571
vt 0.400000 0.078571
vt 0.600000 0.078571
vt 0.800000 0.078571
vt 1.000000 0.078571
vt 0.000000 0.085714
vt 0.200000 0.085714
vt 0.400000 0.085714
vt 0.600000 0.085714
vt 0.800000 0.085714
vt 1.000000 0.085714
vt 0.000000 0.092857
vt 0.200000 0.092857
vt 0.400000 0.092857
vt 0.600000 0.092857
vt 0.800000 0.092857
vt 1.000000 0.092857
vt 0.000000 0.100000
vt 0.200000 0.100000
vt 0.400000 0.100000
vt 0.600000 0.100000
vt 0.800000 0.100000
vt 1.000000 0.100000
vt 0.000000 0.107143
vt 0.200000 0.107143
vt 0.400000 0.107143
vt 0.600000 0.107143
vt 0.800000 0.107143
vt 1.000000 0.107143
vt 0.000000 0.114286
vt 0.200000 0.114286
vt 0.400000 0.114286
vt 0.600000 0.114286
vt 0.800000 0.114286
vt 1.000000 0.114286
vt 0.000000 0.121429
vt 0.200000 0.121429
vt 0.400000 0.121429
vt 0.600000 0.121429
vt 0.800000 0.121429
vt 1.000000 0.121429
vt 0.000000 0.128571
vt 0.200000 0.128571
vt 0.400000 0.128571
vt 0.600000 0.128571
vt 0.800000 0.128571
vt 1.000000 0.128571
vt 0.000000 0.135714
vt 0.200000 0.135714
vt 0.400000 0.135714
vt 0.600000 0.135714
vt 0.800000 0.135714
vt 1.000000 0.135714
vt 0.000000 0.142857
vt 0.200000 0.142857
vt 0.400000 0.142857
vt 0.600000 0.142857
vt 0.800000 0.142857
vt 1.000000 0.142857
vt 0.000000 0.150000
vt 0.200000 0.150000
vt 0.400000 0.150000
vt 0.600000 0.150000
vt 0.800000 0.150000
vt 1.000000 0.150000
vt 0.000000 0.157143
vt 0.200000 0.157143
vt 0.400000 0.157143
vt 0.600000 0.157143
vt 0.800000 0.157143
vt 1.000000 0.157143
vt 0.000000 0.164286
vt 0.200000 0.164286
vt 0.400000 0.164286
vt 0.600000 0.164286
vt 0.800000 0.164286
vt 1.000000 0.164286
vt 0.000000 0.171429
vt 0.200000 0.171429
vt 0.400000 0.171429
vt 0.600000 0.171429
vt 0.800000 0.171429
vt 1.000000 0.171429
vt 0.000000 0.178571
vt 0.200000 0.178571
vt 0.400000 0.178571
vt 0.600000 0.178571
vt 0.800000 0.178571
vt 1.000000 0.178571
vt 0.000000 0.185714
vt 0.200000 0.185714
vt 0.400000 0.185714
vt 0.600000 0.185714
vt 0.800000 0.185714
vt 1.000000 0.185714
vt 0.000000 0.192857
vt 0.200000 0.192857
vt 0.400000 0.192857
vt 0.600000 0.192857
vt 0.800000 0.192857
vt 1.000000 0.192857
vt 0.000000 0.200000
vt 0.200000 0.200000
vt 0.400000 0.200000
vt 0.600000 0.200000
vt 0.800000 0.200000
vt 1.000000 0.200000
vt 0.000000 0.207143
vt 0.200000 0.207143
vt 0.400000 0.207143
vt 0.600000 0.207143
vt 0.800000 0.207143
vt 1.000000 0.207143
vt 0.000000 0.214286
vt 0.200000 0.214286
vt 0.400000 0.214286
vt 0.600000 0.214286
vt 0.800000 0.214286
vt 1.000000 0.214286
vt 0.000000 0.221429
vt 0.200000 0.221429
vt 0.400000 0.221429
vt 0.600000 0.221429
vt 0.800000 0.221429
vt 1.000000 0.221429
vt 0.000000 0.228571
vt 0.200000 0.228571
vt 0.400000 0.228571
vt 0.600000 0.228571
vt 0.800000 0.228571
vt 1.000000 0.228571
vt 0.000000 0.235714
vt 0.200000 0.235714
vt 0.400000 0.235714
vt 0.600000 0.235714
vt 0.800000 0.235714
vt 1.000000 0.235714
vt 0.000000 0.242857
vt 0.200000 0.242857
vt 0.400000 0.242857
vt 0.600000 0.242857
vt 0.800000 0.242857
vt 1.000000 0.242857
vt 0.000000 0.250000
vt 0.200000 0.250000
vt 0.400000 0.250000
vt 0.600000 0.250000
vt 0.800000 0.250000
vt 1.000000 0.250000
vt 0.000000 0.257143
vt 0.200000 0.257143
vt 0.400000 0.257143
vt 0.600000 0.257143
vt 0.800000 0.257143
vt 1.000000 0.257143
vt 0.000000 0.264286
vt 0.200000 0.264286
vt 0.400000 0.264286
vt 0.600000 0.264286
vt 0.800000 0.264286
vt 1.000000 0.264286
vt 0.000000 0.271429
vt 0.200000 0.271429
vt 0.400000 0.271429
vt 0.600000 0.271429
vt 0.800000 0.271429
vt 1.000000 0.271429
vt 0.000000 0.278571
vt 0.200000 0.278571
vt 0.400000 0.278571
vt 0.600000 0.278571
vt 0.800000 0.278571
vt 1.000000 0.278571
vt 0.000000 0.285714
vt 0.200000 0.285714
vt 0.400000 0.285714
vt 0.600000 0.285714
vt 0.800000 0.285714
vt 1.000000 0.285714
vt 0.000000 0.292857
vt 0.200000 0.292857
vt 0.400000 0.292857
vt 0.600000 0.292857
vt 0.800000 0.292857
vt 1.000000 0.292857
vt 0.000000 0.300000
vt 0.200000 0.300000
vt 0.400000 0.300000
vt 0.600000 0.300000
vt 0.800000 0.300000
vt 1.000000 0.300000
vt 0.000000 0.307143
vt 0.200000 0.307143
vt 0.400000 0.307143
vt 0.600000 0.307143
vt 0.800000 0.307143
vt 1.000000 0.307143
vt 0.000000 0.314286
vt 0.200000 0.314286
vt 0.400000 0.314286
vt 0.600000 0.314286
vt 0.800000 0.314286
vt 1.000000 0.314286
vt 0.000000 0.321429
vt 0.200000 0.321429
vt 0.400000 0.321429
vt 0.600000 0.321429
vt 0.800000 0.321429
vt 1.000000 0.321429
vt 0.000000 0.328571
vt 0.200000 0.328571
vt 0.400000 0.328571
vt 0.600000 0.328571
vt 0.800000 0.328571
vt 1.000000 0.328571
vt 0.000000 0.335714
vt 0.200000 0.335714
vt 0.400000 0.335714
vt 0.600000 0.335714
vt 0.800000 0.335714
vt 1.000000 0.335714
vt 0.000000 0.342857
vt 0.200000 0.342857
vt 0.400000 0.342857
vt 0.600000 0.342857
vt 0.800000 0.342857
vt 1.000000 0.342857
vt 0.000000 0.350000
vt 0.200000 0.350000
vt 0.400000 0.350000
vt 0.600000 0.350000
vt 0.800000 0.350000
vt 1.000000 0.350000
vt 0.000000 0.357143
vt 0.200000 0.357143
vt 0.400000 0.357143
vt 0.600000 0.357143
vt 0.800000 0.357143
vt 1.000000 0.357143
vt 0.000000 0.364286
vt 0.200000 0.364286
vt 0.400000 0.364286
vt 0.600000 0.364286
vt 0.800000 0.364286
vt 1.000000 0.364286
vt 0.000000 0.371429
vt 0.200000 0.371429
vt 0.400000 0.371429
vt 0.600000 0.371429
vt 0.800000 0.371429
vt 1.000000 0.371429
vt 0.000000 0.378571
vt 0.200000 0.378571
vt 0.400000 0.378571
vt 0.600000 0.378571
vt 0.800000 0.378571
vt 1.000000 0.378571
vt 0.000000 0.385714
vt 0.200000 0.385714
vt 0.400000 0.385714
vt 0.600000 0.385714
vt 0.800000 0.385714
vt 1.000000 0.385714
vt 0.000000 0.392857
vt 0.200000 0.392857
vt 0.400000 0.392857
vt 0.600000 0.392857
vt 0.800000 0.392857
vt 1.000000 0.392857
vt 0.000000 0.400000
vt 0.200000 0.400000
vt 0.400000 0.400000
vt 0.600000 0.400000
vt 0.800000 0.400000
vt 1.000000 0.400000
vt 0.000000 0.407143
vt 0.200000 0.407143
vt 0.400000 0.407143
vt 0.600000 0.407143
vt 0.800000 0.407143
vt 1.000000 0.407143
vt 0.000000 0.414286
vt 0.200000 0.414286
vt 0.400000 0.414286
vt 0.600000 0.414286
vt 0.800000 0.414286
vt 1.000000 0.414286
vt 0.000000 0.421429
vt 0.200000 0.421429
vt 0.400000 0.421429
vt 0.600000 0.421429
vt 0.800000 0.421429
vt 1.000000 0.421429
vt 0.000000 0.428571
vt 0.200000 0.428571
vt 0.400000 0.428571
vt 0.600000 0.428571
vt 0.800000 0.428571
vt 1.000000 0.428571
vt 0.000000 0.435714
vt 0.200000 0.435714
vt 0.400000 0.435714
vt 0.600000 0.435714
vt 0.800000 0.435714
vt 1.000000 0.435714
vt 0.000000 0.442857
vt 0.200000 0.442857
vt 0.400000 0.442857
vt 0.600000 0.442857
vt 0.800000 0.442857
vt 1.000000 0.442857
vt 0.000000 0.450000
vt 0.200000 0.450000
vt 0.400000 0.450000
vt 0.600000 0.450000
vt 0.800000 0.450000
vt 1.000000 0.450000
vt 0.000000 0.457143
vt 0.200000 0.457143
vt 0.400000 0.457143
vt 0.600000 0.457143
vt 0.800000 0.457143
vt 1.000000 0.457143
vt 0.000000 0.464286
vt 0.200000 0.464286
vt 0.400000 0.464286
vt 0.600000 0.464286
vt 0.800000 0.464286
vt 1.000000 0.464286
vt 0.000000 0.471429
vt 0.200000 0.471429
vt 0.400000 0.471429
vt 0.600000 0.471429
vt 0.800000 0.471429
vt 1.000000 0.471429
vt 0.000000 0.478571
vt 0.200000 0.478571
vt 0.400000 0.478571
vt 0.600000 0.478571
vt 0.800000 0.478571
vt 1.000000 0.478571
vt 0.000000 0.485714
vt 0.200000 0.485714
vt 0.400000 0.485714
vt 0.600000 0.485714
vt 0.800000 0.485714
vt 1.000000 0.485714
vt 0.000000 0.492857
vt 0.200000 0.492857
vt 0.400000 0.492857
vt 0.600000 0.492857
vt 0.800000 0.492857
vt 1.000000 0.492857
vt 0.000000 0.500000
vt 0.200000 0.500000
vt 0.400000 0.500000
vt 0.600000 0.500000
vt 0.800000 0.500000
vt 1.000000 0.500000
vt 0.000000 0.507143
vt 0.200000 0.507143
vt 0.400000 0.507143
vt 0.600000 0.507143
vt 0.800000 0.507143
vt 1.000000 0.507143
vt 0.000000 0.514286
vt 0.200000 0.514286
vt 0.400000 0.514286
vt 0.600000 0.514286
vt 0.800000 0.514286
vt 1.000000 0.514286
vt 0.000000 0.521429
vt 0.200000 0.521429
vt 0.400000 0.521429
vt 0.600000 0.521429
vt 0.800000 0.521429
vt 1.000000 0.521429
vt 0.000000 0.528571
vt 0.200000 0.528571
vt 0.400000 0.528571
vt 0.600000 0.528571
vt 0.800000 0.528571
vt 1.000000 0.528571
vt 0.000000 0.535714
vt 0.200000 0.535714
vt 0.400000 0.535714
vt 0.600000 0.535714
vt 0.800000 0.535714
vt 1.000000 0.535714
vt 0.000000 0.542857
vt 0.200000 0.542857
vt 0.400000 0.542857
vt 0.600000 0.542857
vt 0.800000 0.542857
vt 1.000000 0.542857
vt 0.000000 0.550000
vt 0.200000 0.550000
vt 0.400000 0.550000
vt 0.600000 0.550000
vt 0.800000 0.550000
vt 1.000000 0.550000
vt 0.000000 0.557143
vt 0.200000 0.557143
vt 0.400000 0.557143
vt 0.600000 0.557143
vt 0.800000 0.557143
vt 1.000000 0.557143
vt 0.000000 0.564286
vt 0.200000 0.564286
vt 0.400000 0.564286
vt 0.600000 0.564286
vt 0.800000 0.564286
vt 1.000000 0.564286
vt 0.000000 0.571429
vt 0.200000 0.571429
vt 0.400000 0.571429
vt 0.600000 0.571429
vt 0.800000 0.571429
vt 1.000000 0.571429
vt 0.000000 0.578571
vt 0.200000 0.578571
vt 0.400000 0.578571
vt 0.600000 0.578571
vt 0.800000 0.578571
vt 1.000000 0.578571
vt 0.000000 0.585714
vt 0.200000 0.585714
vt 0.400000 0.585714
vt 0.600000 0.585714
vt 0.800000 0.585714
vt 1.000000 0.585714
vt 0.000000 0.592857
vt 0.200000 0.592857
vt 0.400000 0.592857
vt 0.600000 0.592857
vt 0.800000 0.592857
vt 1.000000 0.592857
vt 0.000000 0.600000
vt 0.200000 0.600000
vt 0.400000 0.600000
vt 0.600000 0.600000
vt 0.800000 0.600000
vt 1.000000 0.600000
vt 0.000000 0.607143
vt 0.200000 0.607143
vt 0.400000 0.607143
vt 0.600000 0.607143
vt 0.800000 0.607143
vt 1.000000 0.607143
vt 0.000000 0.614286
vt 0.200000 0.614286
vt 0.400000 0.614286
vt 0.600000 0.614286
vt 0.800000 0.614286
vt 1.000000 0.614286
vt 0.000000 0.621429
vt 0.200000 0.621429
vt 0.400000 0.621429
vt 0.600000 0.621429
vt 0.800000 0.621429
vt 1.000000 0.621429
vt 0.000000 0.628571
vt 0.200000 0.628571
vt 0.400000 0.628571
vt 0.600000 0.628571
vt 0.800000 0.628571
vt 1.000000 0.628571
vt 0.000000 0.635714
vt 0.200000 0.635714
vt 0.400000 0.635714
vt 0.600000 0.635714
vt 0.800000 0.635714
vt 1.000000 0.635714
vt 0.000000 0.642857
vt 0.200000 0.642857
vt 0.400000 0.642857
vt 0.600000 0.642857
vt 0.800000 0.642857
vt 1.000000 0.642857
vt 0.000000 0.650000
vt 0.200000 0.650000
vt 0.400000 0.650000
vt 0.600000 0.650000
vt 0.800000 0.650000
vt 1.000000 0.650000
vt 0.000000 0.657143
vt 0.200000 0.657143
vt 0.400000 0.657143
vt 0.600000 0.657143
vt 0.800000 0.657143
vt 1.000000 0.657143
vt 0.000000 0.664286
vt 0.200000 0.664286
vt 0.400000 0.664286
vt 0.600000 0.664286
vt 0.800000 0.664286
vt 1.000000 0.664286
vt 0.000000 0.671429
vt 0.200000 0.671429
vt 0.400000 0.671429
vt 0.600000 0.671429
vt 0.800000 0.671429
vt 1.000000 0.671429
vt 0.000000 0.678571
vt 0.200000 0.678571
vt 0.400000 0.678571
vt 0.600000 0.678571
vt 0.800000 0.678571
vt 1.000000 0.678571
vt 0.000000 0.685714
vt 0.200000 0.685714
vt 0.400000 0.685714
vt 0.600000 0.685714
vt 0.800000 0.685714
vt 1.000000 0.685714
vt 0.000000 0.692857
vt 0.200000 0.692857
vt 0.400000 0.692857
vt 0.600000 0.692857
vt 0.800000 0.692857
vt 1.000000 0.692857
vt 0.000000 0.700000
vt 0.200000 0.700000
vt 0.400000 0.700000
vt 0.600000 0.700000
vt 0.800000 0.700000
vt 1.000000 0.700000
vt 0.000000 0.707143
vt 0.200000 0.707143
vt 0.400000 0.707143
vt 0.600000 0.707143
vt 0.800000 0.707143
vt 1.000000 0.707143
vt 0.000000 0.714286
vt 0.200000 0.714286
vt 0.400000 0.714286
vt 0.600000 0.714286
vt 0.800000 0.714286
vt 1.000000 0.714286
vt 0.000000 0.721429
vt 0.200000 0.721429
vt 0.400000 0.721429
vt 0.600000 0.721429
vt 0.800000 0.721429
vt 1.000000 0.721429
vt 0.000000 0.728571
vt 0.200000 0.728571
vt 0.400000 0.728571
vt 0.600000 0.728571
vt 0.800000 0.728571
vt 1.000000 0.728571
vt 0.000000 0.735714
vt 0.200000 0.735714
vt 0.400000 0.735714
vt 0.600000 0.735714
vt 0.800000 0.735714
vt 1.000000 0.735714
vt 0.000000 0.742857
vt 0.200000 0.742857
vt 0.400000 0.742857
vt 0.600000 0.742857
vt 0.800000 0.742857
vt 1.000000 0.742857
vt 0.000000 0.750000
vt 0.200000 0.750000
vt 0.400000 0.750000
vt 0.600000 0.750000
vt 0.800000 0.750000
vt 1.000000 0.750000
vt 0.000000 0.757143
vt 0.200000 0.757143
vt 0.400000 0.757143
vt 0.600000 0.757143
vt 0.800000 0.757143
vt 1.000000 0.757143
vt 0.000000 0.764286
vt 0.200000 0.764286
vt 0.400000 0.764286
vt 0.600000 0.764286
vt 0.800000 0.764286
vt 1.000000 0.764286
vt 0.000000 0.771429
vt 0.200000 0.771429
vt 0.400000 0.771429
vt 0.600000 0.771429
vt 0.800000 0.771429
vt 1.000000 0.771429
vt 0.000000 0.778571
vt 0.200000 0.778571
vt 0.400000 0.778571
vt 0.600000 0.778571
vt 0.800000 0.778571
vt 1.000000 0.778571
vt 0.000000 0.785714
vt 0.200000 0.785714
vt 0.400000 0.785714
vt 0.600000 0.785714
vt 0.800000 0.785714
vt 1.000000 0.785714
vt 0.000000 0.792857
vt 0.200000 0.792857
vt 0.400000 0.792857
vt 0.600000 0.792857
vt 0.800000 0.792857
vt 1.000000 0.792857
vt 0.000000 0.800000
vt 0.200000 0.800000
vt 0.400000 0.800000
vt 0.600000 0.800000
vt 0.800000 0.800000
vt 1.000000 0.800000
vt 0.000000 0.807143
vt 0.200000 0.807143
vt 0.400000 0.807143
vt 0.600000 0.807143
vt 0.800000 0.807143
vt 1.000000 0.807143
vt 0.000000 0.814286
vt 0.200000 0.814286
vt 0.400000 0.814286
vt 0.600000 0.814286
vt 0.800000 0.814286
vt 1.000000 0.814286
vt 0.000000 0.821429
vt 0.200000 0.821429
vt 0.400000 0.821429
vt 0.600000 0.821429
vt 0.800000 0.821429
vt 1.000000 0.821429
vt 0.000000 0.828571
vt 0.200000 0.828571
vt 0.400000 0.828571
vt 0.600000 0.828571
vt 0.800000 0.828571
vt 1.000000 0.828571
vt 0.000000 0.835714
vt 0.200000 0.835714
vt 0.400000 0.835714
vt 0.600000 0.835714
vt 0.800000 0.835714
vt 1.000000 0.835714
vt 0.000000 0.842857
vt 0.200000 0.842857
vt 0.400000 0.842857
vt 0.600000 0.842857
vt 0.800000 0.842857
vt 1.000000 0.842857
vt 0.000000 0.850000
vt 0.200000 0.850000
vt 0.400000 0.850000
vt 0.600000 0.850000
vt 0.800000 0.850000
vt 1.000000 0.850000
vt 0.000000 0.857143
vt 0.200000 0.857143
vt 0.400000 0.857143
vt 0.600000 0.857143
vt 0.800000 0.857143
vt 1.000000 0.857143
vt 0.000000 0.864286
vt 0.200000 0.864286
vt 0.400000 0.864286
vt 0.600000 0.864286
vt 0.800000 0.864286
vt 1.000000 0.864286
vt 0.000000 0.871429
vt 0.200000 0.871429
vt 0.400000 0.871429
vt 0.600000 0.871429
vt 0.800000 0.871429
vt 1.000000 0.871429
vt 0.000000 0.878571
vt 0.200000 0.878571
vt 0.400000 0.878571
vt 0.600000 0.878571
vt 0.800000 0.878571
vt 1.000000 0.878571
vt 0.000000 0.885714
vt 0.200000 0.885714
vt 0.400000 0.885714
vt 0.600000 0.885714
vt 0.800000 0.885714
vt 1.000000 0.885714
vt 0.000000 0.892857
vt 0.200000 0.892857
vt 0.400000 0.892857
vt 0.600000 0.892857
vt 0.800000 0.892857
vt 1.000000 0.892857
vt 0.000000 0.900000
vt 0.200000 0.900000
vt 0.400000 0.900000
vt 0.600000 0.900000
vt 0.800000 0.900000
vt 1.000000 0.900000
vt 0.000000 0.907143
vt 0.200000 0.907143
vt 0.400000 0.907143
vt 0.600000 0.907143
vt 0.800000 0.907143
vt 1.000000 0.907143
vt 0.000000 0.914286
vt 0.200000 0.914286
vt 0.400000 0.914286
vt 0.600000 0.914286
vt 0.800000 0.914286
vt 1.000000 0.914286
vt 0.000000 0.921429
vt 0.200000 0.921429
vt 0.400000 0.921429
vt 0.600000 0.921429
vt 0.800000 0.921429
vt 1.000000 0.921429
vt 0.000000 0.928571
vt 0.200000 0.928571
vt 0.400000 0.928571
vt 0.600000 0.928571
vt 0.800000 0.928571
vt 1.000000 0.928571
vt 0.000000 0.935714
vt 0.200000 0.935714
vt 0.400000 0.935714
vt 0.600000 0.935714
vt 0.800000 0.935714
vt 1.000000 0.935714
vt 0.000000 0.942857
vt 0.200000 0.942857
vt 0.400000 0.942857
vt 0.600000 0.942857
vt 0.800000 0.942857
vt 1.000000 0.942857
vt 0.000000 0.950000
vt 0.200000 0.950000
vt 0.400000 0.950000
vt 0.600000 0.950000
vt 0.800000 0.950000
vt 1.000000 0.950000
vt 0.000000 0.957143
vt 0.200000 0.957143
vt 0.400000 0.957143
vt 0.600000 0.957143
vt 0.800000 0.957143
vt 1.000000 0.957143
vt 0.000000 0.964286
vt 0.200000 0.964286
vt 0.400000 0.964286
vt 0.600000 0.964286
vt 0.800000 0.964286
vt 1.000000 0.964286
vt 0.000000 0.971429
vt 0.200000 0.971429
vt 0.400000 0.971429
vt 0.600000 0.971429
vt 0.800000 0.971429
vt 1.000000 0.971429
vt 0.000000 0.978571
vt 0.200000 0.978571
vt 0.400000 0.978571
vt 0.600000 0.978571
vt 0.800000 0.978571
vt 1.000000 0.978571
vt 0.000000 0.985714
vt 0.200000 0.985714
vt 0.400000 0.985714
vt 0.600000 0.985714
vt 0.800000 0.985714
vt 1.000000 0.985714
vt 0.000000 0.992857
vt 0.200000 0.992857
vt 0.400000 0.992857
vt 0.600000 0.992857
vt 0.800000 0.992857
vt 1.000000 0.992857
vt 0.000000 1.000000
vt 0.200000 1.000000
vt 0.400000 1.000000
vt 0.600000 1.000000
vt 0.800000 1.000000
vt 1.000000 1.000000
usemtl causality_orbits
s off
f 1/1 2/2 8/8
f 1/1 8/8 7/7
f 2/2 3/3 9/9
f 2/2 9/9 8/8
f 3/3 4/4 10/10
f 3/3 10/10 9/9
f 4/4 5/5 11/11
f 4/4 11/11 10/10
f 5/5 6/6 12/12
f 5/5 12/12 11/11
f 7/7 8/8 14/14
f 7/7 14/14 13/13
f 8/8 9/9 15/15
f 8/8 15/15 14/14
f 9/9 10/10 16/16
f 9/9 16/16 15/15
f 10/10 11/11 17/17
f 10/10 17/17 16/16
f 11/11 12/12 18/18
f 11/11 18/18 17/17
f 13/13 14/14 20/20
f 13/13 20/20 19/19
f 14/14 15/15 21/21
f 14/14 21/21 20/20
f 15/15 16/16 22/22
f 15/15 22/22 21/21
f 16/16 17/17 23/23
f 16/16 23/23 22/22
f 17/17 18/18 24/24
f 17/17 24/24 23/23
f 19/19 20/20 26/26
f 19/19 26/26 25/25
f 20/20 21/21 27/27
f 20/20 27/27 26/26
f 21/21 22/22 28/28
f 21/21 28/28 27/27
f 22/22 23/23 29/29
f 22/22 29/29 28/28
f 23/23 24/24 30/30
f 23/23 30/30 29/29
f 25/25 26/26 32/32
f 25/25 32/32 31/31
f 26/26 27/27 33/33
f 26/26 33/33 32/32
f 27/27 28/28 34/34
f 27/27 34/34 33/33
f 28/28 29/29 35/35
f 28/28 35/35 34/34
f 29/29 30/30 36/36
f 29/29 36/36 35/35
f 31/31 32/32 38/38
f 31/31 38/38 37/37
f 32/32 33/33 39/39
f 32/32 39/39 38/38
f 33/33 34/34 40/40
f 33/33 40/40 39/39
f 34/34 35/35 41/41
f 34/34 41/41 40/40
f 35/35 36/36 42/42
f 35/35 42/42 41/41
f 37/37 38/38 44/44
f 37/37 44/44 43/43
f 38/38 39/39 45/45
f 38/38 45/45 44/44
f 39/39 40/40 46/46
f 39/39 46/46 45/45
f 40/40 41/41 47/47
f 40/40 47/47 46/46
f 41/41 42/42 48/48
f 41/41 48/48 47/47
f 43/43 44/44 50/50
f 43/43 50/50 49/49
f 44/44 45/45 51/51
f 44/44 51/51 50/50
f 45/45 46/46 52/52
f 45/45 52/52 51/51
f 46/46 47/47 53/53
f 46/46 53/53 52/52
f 47/47 48/48 54/54
f 47/47 54/54 53/53
f 49/49 50/50 56/56
f 49/49 56/56 55/55
f 50/50 51/51 57/57
f 50/50 57/57 56/56
f 51/51 52/52 58/58
f 51/51 58/58 57/57
f 52/52 53/53 59/59
f 52/52 59/59 58/58
f 53/53 54/54 60/60
f 53/53 60/60 59/59
f 55/55 56/56 62/62
f 55/55 62/62 61/61
f 56/56 57/57 63/63
f 56/56 63/63 62/62
f 57/57 58/58 64/64
f 57/57 64/64 63/63
f 58/58 59/59 65/65
f 58/58 65/65 64/64
f 59/59 60/60 66/66
f 59/59 66/66 65/65
f 61/61 62/62 68/68
f 61/61 68/68 67/67
f 62/62 63/63 69/69
f 62/62 69/69 68/68
f 63/63 64/64 70/70
f 63/63 70/70 69/69
f 64/64 65/65 71/71
f 64/64 71/71 70/70
f 65/65 66/66 72/72
f 65/65 72/72 71/71
f 67/67 68/68 74/74
f 67/67 74/74 73/73
f 68/68 69/69 75/75
f 68/68 75/75 74/74
f 69/69 70/70 76/76
f 69/69 76/76 75/75
f 70/70 71/71 77/77
f 70/70 77/77 76/76
f 71/71 72/72 78/78
f 71/71 78/78 77/77
f 73/73 74/74 80/80
f 73/73 80/80 79/79
f 74/74 75/75 81/81
f 74/74 81/81 80/80
f 75/75 76/76 82/82
f 75/75 82/82 81/81
f 76/76 77/77 83/83
f 76/76 83/83 82/82
f 77/77 78/78 84/84
f 77/77 84/84 83/83
f 79/79 80/80 86/86
f 79/79 86/86 85/85
f 80/80 81/81 87/87
f 80/80 87/87 86/86
f 81/81 82/82 88/88
f 81/81 88/88 87/87
f 82/82 83/83 89/89
f 82/82 89/89 88/88
f 83/83 84/84 90/90
f 83/83 90/90 89/89
f 85/85 86/86 92/92
f 85/85 92/92 91/91
f 86/86 87/87 93/93
f 86/86 93/93 92/92
f 87/87 88/88 94/94
f 87/87 94/94 93/93
f 88/88 89/89 95/95
f 88/88 95/95 94/94
f 89/89 90/90 96/96
f 89/89 96/96 95/95
f 91/91 92/92 98/98
f 91/91 98/98 97/97
f 92/92 93/93 99/99
f 92/92 99/99 98/98
f 93/93 94/94 100/100
f 93/93 100/100 99/99
f 94/94 95/95 101/101
f 94/94 101/101 100/100
f 95/95 96/96 102/102
f 95/95 102/102 101/101
f 97/97 98/98 104/104
f 97/97 104/104 103/103
f 98/98 99/99 105/105
f 98/98 105/105 104/104
f 99/99 100/100 106/106
f 99/99 106/106 105/105
f 100/100 101/101 107/107
f 100/100 107/107 106/106
f 101/101 102/102 108/108
f 101/101 108/108 107/107
f 103/103 104/104 110/110
f 103/103 110/110 109/109
f 104/104 105/105 111/111
f 104/104 111/111 110/110
f 105/105 106/106 112/112
f 105/105 112/112 111/111
f 106/106 107/107 113/113
f 106/106 113/113 112/112
f 107/107 108/108 114/114
f 107/107 114/114 113/113
f 109/109 110/110 116/116
f 109/109 116/116 115/115
f 110/110 111/111 117/117
f 110/110 117/117 116/116
f 111/111 112/112 118/118
f 111/111 118/118 117/117
f 112/112 113/113 119/119
f 112/112 119/119 118/118
f 113/113 114/114 120/120
f 113/113 120/120 119/119
f 115/115 116/116 122/122
f 115/115 122/122 121/121
f 116/116 117/117 123/123
f 116/116 123/123 122/122
f 117/117 118/118 124/124
f 117/117 124/124 123/123
f 118/118 119/119 125/125
f 118/118 125/125 124/124
f 119/119 120/120 126/126
f 119/119 126/126 125/125
f 121/121 122/122 128/128
f 121/121 128/128 127/127
f 122/122 123/123 129/129
f 122/122 129/129 128/128
f 123/123 124/124 130/130
f 123/123 130/130 129/129
f 124/124 125/125 131/131
f 124/124 131/131 130/130
f 125/125 126/126 132/132
f 125/125 132/132 131/131
f 127/127 128/128 134/134
f 127/127 134/134 133/133
f 128/128 129/129 135/135
f 128/128 135/135 134/134
f 129/129 130/130 136/136
f 129/129 136/136 135/135
f 130/130 131/131 137/137
f 130/130 137/137 136/136
f 131/131 132/132 138/138
f 131/131 138/138 137/137
f 133/133 134/134 140/140
f 133/133 140/140 139/139
f 134/134 135/135 141/141
f 134/134 141/141 140/140
f 135/135 136/136 142/142
f 135/135 142/142 141/141
f 136/136 137/137 143/143
f 136/136 143/143 142/142
f 137/137 138/138 144/144
f 137/137 144/144 143/143
f 139/139 140/140 146/146
f 139/139 146/146 145/145
f 140/140 141/141 147/147
f 140/140 147/147 146/146
f 141/141 142/142 148/148
f 141/141 148/148 147/147
f 142/142 143/143 149/149
f 142/142 149/149 148/148
f 143/143 144/144 150/150
f 143/143 150/150 149/149
f 145/145 146/146 152/152
f 145/145 152/152 151/151
f 146/146 147/147 153/153
f 146/146 153/153 152/152
f 147/147 148/148 154/154
f 147/147 154/154 153/153
f 148/148 149/149 155/155
f 148/148 155/155 154/154
f 149/149 150/150 156/156
f 149/149 156/156 155/155
f 151/151 152/152 158/158
f 151/151 158/158 157/157
f 152/152 153/153 159/159
f 152/152 159/159 158/158
f 153/153 154/154 160/160
f 153/153 160/160 159/159
f 154/154 155/155 161/161
f 154/154 161/161 160/160
f 155/155 156/156 162/162
f 155/155 162/162 161/161
f 157/157 158/158 164/164
f 157/157 164/164 163/163
f 158/158 159/159 165/165
f 158/158 165/165 164/164
f 159/159 160/160 166/166
f 159/159 166/166 165/165
f 160/160 161/161 167/167
f 160/160 167/167 166/166
f 161/161 162/162 168/168
f 161/161 168/168 167/167
f 163/163 164/164 170/170
f 163/163 170/170 169/169
f 164/164 165/165 171/171
f 164/164 171/171 170/170
f 165/165 166/166 172/172
f 165/165 172/172 171/171
f 166/166 167/167 173/173
f 166/166 173/173 172/172
f 167/167 168/168 174/174
f 167/167 174/174 173/173
f 169/169 170/170 176/176
f 169/169 176/176 175/175
f 170/170 171/171 177/177
f 170/170 177/177 176/176
f 171/171 172/172 178/178
f 171/171 178/178 177/177
f 172/172 173/173 179/179
f 172/172 179/179 178/178
f 173/173 174/174 180/180
f 173/173 180/180 179/179
f 175/175 176/176 182/182
f 175/175 182/182 181/181
f 176/176 177/177 183/183
f 176/176 183/183 182/182
f 177/177 178/178 184/184
f 177/177 184/184 183/183
f 178/178 179/179 185/185
f 178/178 185/185 184/184
f 179/179 180/180 186/186
f 179/179 186/186 185/185
f 181/181 182/182 188/188
f 181/181 188/188 187/187
f 182/182 183/183 189/189
f 182/182 189/189 188/188
f 183/183 184/184 190/190
f 183/183 190/190 189/189
f 184/184 185/185 191/191
f 184/184 191/191 190/190
f 185/185 186/186 192/192
f 185/185 192/192 191/191
f 187/187 188/188 194/194
f 187/187 194/194 193/193
f 188/188 189/189 195/195
f 188/188 195/195 194/194
f 189/189 190/190 196/196
f 189/189 196/196 195/195
f 190/190 191/191 197/197
f 190/190 197/197 196/196
f 191/191 192/192 198/198
f 191/191 198/198 197/197
f 193/193 194/194 200/200
f 193/193 200/200 199/199
f 194/194 195/195 201/201
f 194/194 201/201 200/200
f 195/195 196/196 202/202
f 195/195 202/202 201/201
f 196/196 197/197 203/203
f 196/196 203/203 202/202
f 197/197 198/198 204/204
f 197/197 204/204 203/203
f 199/199 200/200 206/206
f 199/199 206/206 205/205
f 200/200 201/201 207/207
f 200/200 207/207 206/206
f 201/201 202/202 208/208
f 201/201 208/208 207/207
f 202/202 203/203 209/209
f 202/202 209/209 208/208
f 203/203 204/204 210/210
f 203/203 210/210 209/209
f 205/205 206/206 212/212
f 205/205 212/212 211/211
f 206/206 207/207 213/213
f 206/206 213/213 212/212
f 207/207 208/208 214/214
f 207/207 214/214 213/213
f 208/208 209/209 215/215
f 208/208 215/215 214/214
f 209/209 210/210 216/216
f 209/209 216/216 215/215
f 211/211 212/212 218/218
f 211/211 218/218 217/217
f 212/212 213/213 219/219
f 212/212 219/219 218/218
f 213/213 214/214 220/220
f 213/213 220/220 219/219
f 214/214 215/215 221/221
f 214/214 221/221 220/220
f 215/215 216/216 222/222
f 215/215 222/222 221/221
f 217/217 218/218 224/224
f 217/217 224/224 223/223
f 218/218 219/219 225/225
f 218/218 225/225 224/224
f 219/219 220/220 226/226
f 219/219 226/226 225/225
f 220/220 221/221 227/227
f 220/220 227/227 226/226
f 221/221 222/222 228/228
f 221/221 228/228 227/227
f 223/223 224/224 230/230
f 223/223 230/230 229/229
f 224/224 225/225 231/231
f 224/224 231/231 230/230
f 225/225 226/226 232/232
f 225/225 232/232 231/231
f 226/226 227/227 233/233
f 226/226 233/233 232/232
f 227/227 228/228 234/234
f 227/227 234/234 233/233
f 229/229 230/230 236/236
f 229/229 236/236 235/235
f 230/230 231/231 237/237
f 230/230 237/237 236/236
f 231/231 232/232 238/238
f 231/231 238/238 237/237
f 232/232 233/233 239/239
f 232/232 239/239 238/238
f 233/233 234/234 240/240
f 233/233 240/240 239/239
f 235/235 236/236 242/242
f 235/235 242/242 241/241
f 236/236 237/237 243/243
f 236/236 243/243 242/242
f 237/237 238/238 244/244
f 237/237 244/244 243/243
f 238/238 239/239 245/245
f 238/238 245/245 244/244
f 239/239 240/240 246/246
f 239/239 246/246 245/245
f 241/241 242/242 248/248
f 241/241 248/248 247/247
f 242/242 243/243 249/249
f 242/242 249/249 248/248
f 243/243 244/244 250/250
f 243/243 250/250 249/249
f 244/244 245/245 251/251
f 244/244 251/251 250/250
f 245/245 246/246 252/252
f 245/245 252/252 251/251
f 247/247 248/248 254/254
f 247/247 254/254 253/253
f 248/248 249/249 255/255
f 248/248 255/255 254/254
f 249/249 250/250 256/256
f 249/249 256/256 255/255
f 250/250 251/251 257/257
f 250/250 257/257 256/256
f 251/251 252/252 258/258
f 251/251 258/258 257/257
f 253/253 254/254 260/260
f 253/253 260/260 259/259
f 254/254 255/255 261/261
f 254/254 261/261 260/260
f 255/255 256/256 262/262
f 255/255 262/262 261/261
f 256/256 257/257 263/263
f 256/256 263/263 262/262
f 257/257 258/258 264/264
f 257/257 264/264 263/263
f 259/259 260/260 266/266
f 259/259 266/266 265/265
f 260/260 261/261 267/267
f 260/260 267/267 266/266
f 261/261 262/262 268/268
f 261/261 268/268 267/267
f 262/262 263/263 269/269
f 262/262 269/269 268/268
f 263/263 264/264 270/270
f 263/263 270/270 269/269
f 265/265 266/266 272/272
f 265/265 272/272 271/271
f 266/266 267/267 273/273
f 266/266 273/273 272/272
f 267/267 268/268 274/274
f 267/267 274/274 273/273
f 268/268 269/269 275/275
f 268/268 275/275 274/274
f 269/269 270/270 276/276
f 269/269 276/276 275/275
f 271/271 272/272 278/278
f 271/271 278/278 277/277
f 272/272 273/273 279/279
f 272/272 279/279 278/278
f 273/273 274/274 280/280
f 273/273 280/280 279/279
f 274/274 275/275 281/281
f 274/274 281/281 280/280
f 275/275 276/276 282/282
f 275/275 282/282 281/281
f 277/277 278/278 284/284
f 277/277 284/284 283/283
f 278/278 279/279 285/285
f 278/278 285/285 284/284
f 279/279 280/280 286/286
f 279/279 286/286 285/285
f 280/280 281/281 287/287
f 280/280 287/287 286/286
f 281/281 282/282 288/288
f 281/281 288/288 287/287
f 283/283 284/284 290/290
f 283/283 290/290 289/289
f 284/284 285/285 291/291
f 284/284 291/291 290/290
f 285/285 286/286 292/292
f 285/285 292/292 291/291
f 286/286 287/287 293/293
f 286/286 293/293 292/292
f 287/287 288/288 294/294
f 287/287 294/294 293/293
f 289/289 290/290 296/296
f 289/289 296/296 295/295
f 290/290 291/291 297/297
f 290/290 297/297 296/296
f 291/291 292/292 298/298
f 291/291 298/298 297/297
f 292/292 293/293 299/299
f 292/292 299/299 298/298
f 293/293 294/294 300/300
f 293/293 300/300 299/299
f 295/295 296/296 302/302
f 295/295 302/302 301/301
f 296/296 297/297 303/303
f 296/296 303/303 302/302
f 297/297 298/298 304/304
f 297/297 304/304 303/303
f 298/298 299/299 305/305
f 298/298 305/305 304/304
f 299/299 300/300 306/306
f 299/299 306/306 305/305
f 301/301 302/302 308/308
f 301/301 308/308 307/307
f 302/302 303/303 309/309
f 302/302 309/309 308/308
f 303/303 304/304 310/310
f 303/303 310/310 309/309
f 304/304 305/305 311/311
f 304/304 311/311 310/310
f 305/305 306/306 312/312
f 305/305 312/312 311/311
f 307/307 308/308 314/314
f 307/307 314/314 313/313
f 308/308 309/309 315/315
f 308/308 315/315 314/314
f 309/309 310/310 316/316
f 309/309 316/316 315/315
f 310/310 311/311 317/317
f 310/310 317/317 316/316
f 311/311 312/312 318/318
f 311/311 318/318 317/317
f 313/313 314/314 320/320
f 313/313 320/320 319/319
f 314/314 315/315 321/321
f 314/314 321/321 320/320
f 315/315 316/316 322/322
f 315/315 322/322 321/321
f 316/316 317/317 323/323
f 316/316 323/323 322/322
f 317/317 318/318 324/324
f 317/317 324/324 323/323
f 319/319 320/320 326/326
f 319/319 326/326 325/325
f 320/320 321/321 327/327
f 320/320 327/327 326/326
f 321/321 322/322 328/328
f 321/321 328/328 327/327
f 322/322 323/323 329/329
f 322/322 329/329 328/328
f 323/323 324/324 330/330
f 323/323 330/330 329/329
f 325/325 326/326 332/332
f 325/325 332/332 331/331
f 326/326 327/327 333/333
f 326/326 333/333 332/332
f 327/327 328/328 334/334
f 327/327 334/334 333/333
f 328/328 329/329 335/335
f 328/328 335/335 334/334
f 329/329 330/330 336/336
f 329/329 336/336 335/335
f 331/331 332/332 338/338
f 331/331 338/338 337/337
f 332/332 333/333 339/339
f 332/332 339/339 338/338
f 333/333 334/334 340/340
f 333/333 340/340 339/339
f 334/334 335/335 341/341
f 334/334 341/341 340/340
f 335/335 336/336 342/342
f 335/335 342/342 341/341
f 337/337 338/338 344/344
f 337/337 344/344 343/343
f 338/338 339/339 345/345
f 338/338 345/345 344/344
f 339/339 340/340 346/346
f 339/339 346/346 345/345
f 340/340 341/341 347/347
f 340/340 347/347 346/346
f 341/341 342/342 348/348
f 341/341 348/348 347/347
f 343/343 344/344 350/350
f 343/343 350/350 349/349
f 344/344 345/345 351/351
f 344/344 351/351 350/350
f 345/345 346/346 352/352
f 345/345 352/352 351/351
f 346/346 347/347 353/353
f 346/346 353/353 352/352
f 347/347 348/348 354/354
f 347/347 354/354 353/353
f 349/349 350/350 356/356
f 349/349 356/356 355/355
f 350/350 351/351 357/357
f 350/350 357/357 356/356
f 351/351 352/352 358/358
f 351/351 358/358 357/357
f 352/352 353/353 359/359
f 352/352 359/359 358/358
f 353/353 354/354 360/360
f 353/353 360/360 359/359
f 355/355 356/356 362/362
f 355/355 362/362 361/361
f 356/356 357/357 363/363
f 356/356 363/363 362/362
f 357/357 358/358 364/364
f 357/357 364/364 363/363
f 358/358 359/359 365/365
f 358/358 365/365 364/364
f 359/359 360/360 366/366
f 359/359 366/366 365/365
f 361/361 362/362 368/368
f 361/361 368/368 367/367
f 362/362 363/363 369/369
f 362/362 369/369 368/368
f 363/363 364/364 370/370
f 363/363 370/370 369/369
f 364/364 365/365 371/371
f 364/364 371/371 370/370
f 365/365 366/366 372/372
f 365/365 372/372 371/371
f 367/367 368/368 374/374
f 367/367 374/374 373/373
f 368/368 369/369 375/375
f 368/368 375/375 374/374
f 369/369 370/370 376/376
f 369/369 376/376 375/375
f 370/370 371/371 377/377
f 370/370 377/377 376/376
f 371/371 372/372 378/378
f 371/371 378/378 377/377
f 373/373 374/374 380/380
f 373/373 380/380 379/379
f 374/374 375/375 381/381
f 374/374 381/381 380/380
f 375/375 376/376 382/382
f 375/375 382/382 381/381
f 376/376 377/377 383/383
f 376/376 383/383 382/382
f 377/377 378/378 384/384
f 377/377 384/384 383/383
f 379/379 380/380 386/386
f 379/379 386/386 385/385
f 380/380 381/381 387/387
f 380/380 387/387 386/386
f 381/381 382/382 388/388
f 381/381 388/388 387/387
f 382/382 383/383 389/389
f 382/382 389/389 388/388
f 383/383 384/384 390/390
f 383/383 390/390 389/389
f 385/385 386/386 392/392
f 385/385 392/392 391/391
f 386/386 387/387 393/393
f 386/386 393/393 392/392
f 387/387 388/388 394/394
f 387/387 394/394 393/393
f 388/388 389/389 395/395
f 388/388 395/395 394/394
f 389/389 390/390 396/396
f 389/389 396/396 395/395
f 391/391 392/392 398/398
f 391/391 398/398 397/397
f 392/392 393/393 399/399
f 392/392 399/399 398/398
f 393/393 394/394 400/400
f 393/393 400/400 399/399
f 394/394 395/395 401/401
f 394/394 401/401 400/400
f 395/395 396/396 402/402
f 395/395 402/402 401/401
f 397/397 398/398 404/404
f 397/397 404/404 403/403
f 398/398 399/399 405/405
f 398/398 405/405 404/404
f 399/399 400/400 406/406
f 399/399 406/406 405/405
f 400/400 401/401 407/407
f 400/400 407/407 406/406
f 401/401 402/402 408/408
f 401/401 408/408 407/407
f 403/403 404/404 410/410
f 403/403 410/410 409/409
f 404/404 405/405 411/411
f 404/404 411/411 410/410
f 405/405 406/406 412/412
f 405/405 412/412 411/411
f 406/406 407/407 413/413
f 406/406 413/413 412/412
f 407/407 408/408 414/414
f 407/407 414/414 413/413
f 409/409 410/410 416/416
f 409/409 416/416 415/415
f 410/410 411/411 417/417
f 410/410 417/417 416/416
f 411/411 412/412 418/418
f 411/411 418/418 417/417
f 412/412 413/413 419/419
f 412/412 419/419 418/418
f 413/413 414/414 420/420
f 413/413 420/420 419/419
f 415/415 416/416 422/422
f 415/415 422/422 421/421
f 416/416 417/417 423/423
f 416/416 423/423 422/422
f 417/417 418/418 424/424
f 417/417 424/424 423/423
f 418/418 419/419 425/425
f 418/418 425/425 424/424
f 419/419 420/420 426/426
f 419/419 426/426 425/425
f 421/421 422/422 428/428
f 421/421 428/428 427/427
f 422/422 423/423 429/429
f 422/422 429/429 428/428
f 423/423 424/424 430/430
f 423/423 430/430 429/429
f 424/424 425/425 431/431
f 424/424 431/431 430/430
f 425/425 426/426 432/432
f 425/425 432/432 431/431
f 427/427 428/428 434/434
f 427/427 434/434 433/433
f 428/428 429/429 435/435
f 428/428 435/435 434/434
f 429/429 430/430 436/436
f 429/429 436/436 435/435
f 430/430 431/431 437/437
f 430/430 437/437 436/436
f 431/431 432/432 438/438
f 431/431 438/438 437/437
f 433/433 434/434 440/440
f 433/433 440/440 439/439
f 434/434 435/435 441/441
f 434/434 441/441 440/440
f 435/435 436/436 442/442
f 435/435 442/442 441/441
f 436/436 437/437 443/443
f 436/436 443/443 442/442
f 437/437 438/438 444/444
f 437/437 444/444 443/443
f 439/439 440/440 446/446
f 439/439 446/446 445/445
f 440/440 441/441 447/447
f 440/440 447/447 446/446
f 441/441 442/442 448/448
f 441/441 448/448 447/447
f 442/442 443/443 449/449
f 442/442 449/449 448/448
f 443/443 444/444 450/450
f 443/443 450/450 449/449
f 445/445 446/446 452/452
f 445/445 452/452 451/451
f 446/446 447/447 453/453
f 446/446 453/453 452/452
f 447/447 448/448 454/454
f 447/447 454/454 453/453
f 448/448 449/449 455/455
f 448/448 455/455 454/454
f 449/449 450/450 456/456
f 449/449 456/456 455/455
f 451/451 452/452 458/458
f 451/451 458/458 457/457
f 452/452 453/453 459/459
f 452/452 459/459 458/458
f 453/453 454/454 460/460
f 453/453 460/460 459/459
f 454/454 455/455 461/461
f 454/454 461/461 460/460
f 455/455 456/456 462/462
f 455/455 462/462 461/461
f 457/457 458/458 464/464
f 457/457 464/464 463/463
f 458/458 459/459 465/465
f 458/458 465/465 464/464
f 459/459 460/460 466/466
f 459/459 466/466 465/465
f 460/460 461/461 467/467
f 460/460 467/467 466/466
f 461/461 462/462 468/468
f 461/461 468/468 467/467
f 463/463 464/464 470/470
f 463/463 470/470 469/469
f 464/464 465/465 471/471
f 464/464 471/471 470/470
f 465/465 466/466 472/472
f 465/465 472/472 471/471
f 466/466 467/467 473/473
f 466/466 473/473 472/472
f 467/467 468/468 474/474
f 467/467 474/474 473/473
f 469/469 470/470 476/476
f 469/469 476/476 475/475
f 470/470 471/471 477/477
f 470/470 477/477 476/476
f 471/471 472/472 478/478
f 471/471 478/478 477/477
f 472/472 473/473 479/479
f 472/472 479/479 478/478
f 473/473 474/474 480/480
f 473/473 480/480 479/479
f 475/475 476/476 482/482
f 475/475 482/482 481/481
f 476/476 477/477 483/483
f 476/476 483/483 482/482
f 477/477 478/478 484/484
f 477/477 484/484 483/483
f 478/478 479/479 485/485
f 478/478 485/485 484/484
f 479/479 480/480 486/486
f 479/479 486/486 485/485
f 481/481 482/482 488/488
f 481/481 488/488 487/487
f 482/482 483/483 489/489
f 482/482 489/489 488/488
f 483/483 484/484 490/490
f 483/483 490/490 489/489
f 484/484 485/485 491/491
f 484/484 491/491 490/490
f 485/485 486/486 492/492
f 485/485 492/492 491/491
f 487/487 488/488 494/494
f 487/487 494/494 493/493
f 488/488 489/489 495/495
f 488/488 495/495 494/494
f 489/489 490/490 496/496
f 489/489 496/496 495/495
f 490/490 491/491 497/497
f 490/490 497/497 496/496
f 491/491 492/492 498/498
f 491/491 498/498 497/497
f 493/493 494/494 500/500
f 493/493 500/500 499/499
f 494/494 495/495 501/501
f 494/494 501/501 500/500
f 495/495 496/496 502/502
f 495/495 502/502 501/501
f 496/496 497/497 503/503
f 496/496 503/503 502/502
f 497/497 498/498 504/504
f 497/497 504/504 503/503
f 499/499 500/500 506/506
f 499/499 506/506 505/505
f 500/500 501/501 507/507
f 500/500 507/507 506/506
f 501/501 502/502 508/508
f 501/501 508/508 507/507
f 502/502 503/503 509/509
f 502/502 509/509 508/508
f 503/503 504/504 510/510
f 503/503 510/510 509/509
f 505/505 506/506 512/512
f 505/505 512/512 511/511
f 506/506 507/507 513/513
f 506/506 513/513 512/512
f 507/507 508/508 514/514
f 507/507 514/514 513/513
f 508/508 509/509 515/515
f 508/508 515/515 514/514
f 509/509 510/510 516/516
f 509/509 516/516 515/515
f 511/511 512/512 518/518
f 511/511 518/518 517/517
f 512/512 513/513 519/519
f 512/512 519/519 518/518
f 513/513 514/514 520/520
f 513/513 520/520 519/519
f 514/514 515/515 521/521
f 514/514 521/521 520/520
f 515/515 516/516 522/522
f 515/515 522/522 521/521
f 517/517 518/518 524/524
f 517/517 524/524 523/523
f 518/518 519/519 525/525
f 518/518 525/525 524/524
f 519/519 520/520 526/526
f 519/519 526/526 525/525
f 520/520 521/521 527/527
f 520/520 527/527 526/526
f 521/521 522/522 528/528
f 521/521 528/528 527/527
f 523/523 524/524 530/530
f 523/523 530/530 529/529
f 524/524 525/525 531/531
f 524/524 531/531 530/530
f 525/525 526/526 532/532
f 525/525 532/532 531/531
f 526/526 527/527 533/533
f 526/526 533/533 532/532
f 527/527 528/528 534/534
f 527/527 534/534 533/533
f 529/529 530/530 536/536
f 529/529 536/536 535/535
f 530/530 531/531 537/537
f 530/530 537/537 536/536
f 531/531 532/532 538/538
f 531/531 538/538 537/537
f 532/532 533/533 539/539
f 532/532 539/539 538/538
f 533/533 534/534 540/540
f 533/533 540/540 539/539
f 535/535 536/536 542/542
f 535/535 542/542 541/541
f 536/536 537/537 543/543
f 536/536 543/543 542/542
f 537/537 538/538 544/544
f 537/537 544/544 543/543
f 538/538 539/539 545/545
f 538/538 545/545 544/544
f 539/539 540/540 546/546
f 539/539 546/546 545/545
f 541/541 542/542 548/548
f 541/541 548/548 547/547
f 542/542 543/543 549/549
f 542/542 549/549 548/548
f 543/543 544/544 550/550
f 543/543 550/550 549/549
f 544/544 545/545 551/551
f 544/544 551/551 550/550
f 545/545 546/546 552/552
f 545/545 552/552 551/551
f 547/547 548/548 554/554
f 547/547 554/554 553/553
f 548/548 549/549 555/555
f 548/548 555/555 554/554
f 549/549 550/550 556/556
f 549/549 556/556 555/555
f 550/550 551/551 557/557
f 550/550 557/557 556/556
f 551/551 552/552 558/558
f 551/551 558/558 557/557
f 553/553 554/554 560/560
f 553/553 560/560 559/559
f 554/554 555/555 561/561
f 554/554 561/561 560/560
f 555/555 556/556 562/562
f 555/555 562/562 561/561
f 556/556 557/557 563/563
f 556/556 563/563 562/562
f 557/557 558/558 564/564
f 557/557 564/564 563/563
f 559/559 560/560 566/566
f 559/559 566/566 565/565
f 560/560 561/561 567/567
f 560/560 567/567 566/566
f 561/561 562/562 568/568
f 561/561 568/568 567/567
f 562/562 563/563 569/569
f 562/562 569/569 568/568
f 563/563 564/564 570/570
f 563/563 570/570 569/569
f 565/565 566/566 572/572
f 565/565 572/572 571/571
f 566/566 567/567 573/573
f 566/566 573/573 572/572
f 567/567 568/568 574/574
f 567/567 574/574 573/573
f 568/568 569/569 575/575
f 568/568 575/575 574/574
f 569/569 570/570 576/576
f 569/569 576/576 575/575
f 571/571 572/572 578/578
f 571/571 578/578 577/577
f 572/572 573/573 579/579
f 572/572 579/579 578/578
f 573/573 574/574 580/580
f 573/573 580/580 579/579
f 574/574 575/575 581/581
f 574/574 581/581 580/580
f 575/575 576/576 582/582
f 575/575 582/582 581/581
f 577/577 578/578 584/584
f 577/577 584/584 583/583
f 578/578 579/579 585/585
f 578/578 585/585 584/584
f 579/579 580/580 586/586
f 579/579 586/586 585/585
f 580/580 581/581 587/587
f 580/580 587/587 586/586
f 581/581 582/582 588/588
f 581/581 588/588 587/587
f 583/583 584/584 590/590
f 583/583 590/590 589/589
f 584/584 585/585 591/591
f 584/584 591/591 590/590
f 585/585 586/586 592/592
f 585/585 592/592 591/591
f 586/586 587/587 593/593
f 586/586 593/593 592/592
f 587/587 588/588 594/594
f 587/587 594/594 593/593
f 589/589 590/590 596/596
f 589/589 596/596 595/595
f 590/590 591/591 597/597
f 590/590 597/597 596/596
f 591/591 592/592 598/598
f 591/591 598/598 597/597
f 592/592 593/593 599/599
f 592/592 599/599 598/598
f 593/593 594/594 600/600
f 593/593 600/600 599/599
f 595/595 596/596 602/602
f 595/595 602/602 601/601
f 596/596 597/597 603/603
f 596/596 603/603 602/602
f 597/597 598/598 604/604
f 597/597 604/604 603/603
f 598/598 599/599 605/605
f 598/598 605/605 604/604
f 599/599 600/600 606/606
f 599/599 606/606 605/605
f 601/601 602/602 608/608
f 601/601 608/608 607/607
f 602/602 603/603 609/609
f 602/602 609/609 608/608
f 603/603 604/604 610/610
f 603/603 610/610 609/609
f 604/604 605/605 611/611
f 604/604 611/611 610/610
f 605/605 606/606 612/612
f 605/605 612/612 611/611
f 607/607 608/608 614/614
f 607/607 614/614 613/613
f 608/608 609/609 615/615
f 608/608 615/615 614/614
f 609/609 610/610 616/616
f 609/609 616/616 615/615
f 610/610 611/611 617/617
f 610/610 617/617 616/616
f 611/611 612/612 618/618
f 611/611 618/618 617/617
f 613/613 614/614 620/620
f 613/613 620/620 619/619
f 614/614 615/615 621/621
f 614/614 621/621 620/620
f 615/615 616/616 622/622
f 615/615 622/622 621/621
f 616/616 617/617 623/623
f 616/616 623/623 622/622
f 617/617 618/618 624/624
f 617/617 624/624 623/623
f 619/619 620/620 626/626
f 619/619 626/626 625/625
f 620/620 621/621 627/627
f 620/620 627/627 626/626
f 621/621 622/622 628/628
f 621/621 628/628 627/627
f 622/622 623/623 629/629
f 622/622 629/629 628/628
f 623/623 624/624 630/630
f 623/623 630/630 629/629
f 625/625 626/626 632/632
f 625/625 632/632 631/631
f 626/626 627/627 633/633
f 626/626 633/633 632/632
f 627/627 628/628 634/634
f 627/627 634/634 633/633
f 628/628 629/629 635/635
f 628/628 635/635 634/634
f 629/629 630/630 636/636
f 629/629 636/636 635/635
f 631/631 632/632 638/638
f 631/631 638/638 637/637
f 632/632 633/633 639/639
f 632/632 639/639 638/638
f 633/633 634/634 640/640
f 633/633 640/640 639/639
f 634/634 635/635 641/641
f 634/634 641/641 640/640
f 635/635 636/636 642/642
f 635/635 642/642 641/641
f 637/637 638/638 644/644
f 637/637 644/644 643/643
f 638/638 639/639 645/645
f 638/638 645/645 644/644
f 639/639 640/640 646/646
f 639/639 646/646 645/645
f 640/640 641/641 647/647
f 640/640 647/647 646/646
f 641/641 642/642 648/648
f 641/641 648/648 647/647
f 643/643 644/644 650/650
f 643/643 650/650 649/649
f 644/644 645/645 651/651
f 644/644 651/651 650/650
f 645/645 646/646 652/652
f 645/645 652/652 651/651
f 646/646 647/647 653/653
f 646/646 653/653 652/652
f 647/647 648/648 654/654
f 647/647 654/654 653/653
f 649/649 650/650 656/656
f 649/649 656/656 655/655
f 650/650 651/651 657/657
f 650/650 657/657 656/656
f 651/651 652/652 658/658
f 651/651 658/658 657/657
f 652/652 653/653 659/659
f 652/652 659/659 658/658
f 653/653 654/654 660/660
f 653/653 660/660 659/659
f 655/655 656/656 662/662
f 655/655 662/662 661/661
f 656/656 657/657 663/663
f 656/656 663/663 662/662
f 657/657 658/658 664/664
f 657/657 664/664 663/663
f 658/658 659/659 665/665
f 658/658 665/665 664/664
f 659/659 660/660 666/666
f 659/659 666/666 665/665
f 661/661 662/662 668/668
f 661/661 668/668 667/667
f 662/662 663/663 669/669
f 662/662 669/669 668/668
f 663/663 664/664 670/670
f 663/663 670/670 669/669
f 664/664 665/665 671/671
f 664/664 671/671 670/670
f 665/665 666/666 672/672
f 665/665 672/672 671/671
f 667/667 668/668 674/674
f 667/667 674/674 673/673
f 668/668 669/669 675/675
f 668/668 675/675 674/674
f 669/669 670/670 676/676
f 669/669 676/676 675/675
f 670/670 671/671 677/677
f 670/670 677/677 676/676
f 671/671 672/672 678/678
f 671/671 678/678 677/677
f 673/673 674/674 680/680
f 673/673 680/680 679/679
f 674/674 675/675 681/681
f 674/674 681/681 680/680
f 675/675 676/676 682/682
f 675/675 682/682 681/681
f 676/676 677/677 683/683
f 676/676 683/683 682/682
f 677/677 678/678 684/684
f 677/677 684/684 683/683
f 679/679 680/680 686/686
f 679/679 686/686 685/685
f 680/680 681/681 687/687
f 680/680 687/687 686/686
f 681/681 682/682 688/688
f 681/681 688/688 687/687
f 682/682 683/683 689/689
f 682/682 689/689 688/688
f 683/683 684/684 690/690
f 683/683 690/690 689/689
f 685/685 686/686 692/692
f 685/685 692/692 691/691
f 686/686 687/687 693/693
f 686/686 693/693 692/692
f 687/687 688/688 694/694
f 687/687 694/694 693/693
f 688/688 689/689 695/695
f 688/688 695/695 694/694
f 689/689 690/690 696/696
f 689/689 696/696 695/695
f 691/691 692/692 698/698
f 691/691 698/698 697/697
f 692/692 693/693 699/699
f 692/692 699/699 698/698
f 693/693 694/694 700/700
f 693/693 700/700 699/699
f 694/694 695/695 701/701
f 694/694 701/701 700/700
f 695/695 696/696 702/702
f 695/695 702/702 701/701
f 697/697 698/698 704/704
f 697/697 704/704 703/703
f 698/698 699/699 705/705
f 698/698 705/705 704/704
f 699/699 700/700 706/706
f 699/699 706/706 705/705
f 700/700 701/701 707/707
f 700/700 707/707 706/706
f 701/701 702/702 708/708
f 701/701 708/708 707/707
f 703/703 704/704 710/710
f 703/703 710/710 709/709
f 704/704 705/705 711/711
f 704/704 711/711 710/710
f 705/705 706/706 712/712
f 705/705 712/712 711/711
f 706/706 707/707 713/713
f 706/706 713/713 712/712
f 707/707 708/708 714/714
f 707/707 714/714 713/713
f 709/709 710/710 716/716
f 709/709 716/716 715/715
f 710/710 711/711 717/717
f 710/710 717/717 716/716
f 711/711 712/712 718/718
f 711/711 718/718 717/717
f 712/712 713/713 719/719
f 712/712 719/719 718/718
f 713/713 714/714 720/720
f 713/713 720/720 719/719
f 715/715 716/716 722/722
f 715/715 722/722 721/721
f 716/716 717/717 723/723
f 716/716 723/723 722/722
f 717/717 718/718 724/724
f 717/717 724/724 723/723
f 718/718 719/719 725/725
f 718/718 725/725 724/724
f 719/719 720/720 726/726
f 719/719 726/726 725/725
f 721/721 722/722 728/728
f 721/721 728/728 727/727
f 722/722 723/723 729/729
f 722/722 729/729 728/728
f 723/723 724/724 730/730
f 723/723 730/730 729/729
f 724/724 725/725 731/731
f 724/724 731/731 730/730
f 725/725 726/726 732/732
f 725/725 732/732 731/731
f 727/727 728/728 734/734
f 727/727 734/734 733/733
f 728/728 729/729 735/735
f 728/728 735/735 734/734
f 729/729 730/730 736/736
f 729/729 736/736 735/735
f 730/730 731/731 737/737
f 730/730 737/737 736/736
f 731/731 732/732 738/738
f 731/731 738/738 737/737
f 733/733 734/734 740/740
f 733/733 740/740 739/739
f 734/734 735/735 741/741
f 734/734 741/741 740/740
f 735/735 736/736 742/742
f 735/735 742/742 741/741
f 736/736 737/737 743/743
f 736/736 743/743 742/742
f 737/737 738/738 744/744
f 737/737 744/744 743/743
f 739/739 740/740 746/746
f 739/739 746/746 745/745
f 740/740 741/741 747/747
f 740/740 747/747 746/746
f 741/741 742/742 748/748
f 741/741 748/748 747/747
f 742/742 743/743 749/749
f 742/742 749/749 748/748
f 743/743 744/744 750/750
f 743/743 750/750 749/749
f 745/745 746/746 752/752
f 745/745 752/752 751/751
f 746/746 747/747 753/753
f 746/746 753/753 752/752
f 747/747 748/748 754/754
f 747/747 754/754 753/753
f 748/748 749/749 755/755
f 748/748 755/755 754/754
f 749/749 750/750 756/756
f 749/749 756/756 755/755
f 751/751 752/752 758/758
f 751/751 758/758 757/757
f 752/752 753/753 759/759
f 752/752 759/759 758/758
f 753/753 754/754 760/760
f 753/753 760/760 759/759
f 754/754 755/755 761/761
f 754/754 761/761 760/760
f 755/755 756/756 762/762
f 755/755 762/762 761/761
f 757/757 758/758 764/764
f 757/757 764/764 763/763
f 758/758 759/759 765/765
f 758/758 765/765 764/764
f 759/759 760/760 766/766
f 759/759 766/766 765/765
f 760/760 761/761 767/767
f 760/760 767/767 766/766
f 761/761 762/762 768/768
f 761/761 768/768 767/767
f 763/763 764/764 770/770
f 763/763 770/770 769/769
f 764/764 765/765 771/771
f 764/764 771/771 770/770
f 765/765 766/766 772/772
f 765/765 772/772 771/771
f 766/766 767/767 773/773
f 766/766 773/773 772/772
f 767/767 768/768 774/774
f 767/767 774/774 773/773
f 769/769 770/770 776/776
f 769/769 776/776 775/775
f 770/770 771/771 777/777
f 770/770 777/777 776/776
f 771/771 772/772 778/778
f 771/771 778/778 777/777
f 772/772 773/773 779/779
f 772/772 779/779 778/778
f 773/773 774/774 780/780
f 773/773 780/780 779/779
f 775/775 776/776 782/782
f 775/775 782/782 781/781
f 776/776 777/777 783/783
f 776/776 783/783 782/782
f 777/777 778/778 784/784
f 777/777 784/784 783/783
f 778/778 779/779 785/785
f 778/778 785/785 784/784
f 779/779 780/780 786/786
f 779/779 786/786 785/785
f 781/781 782/782 788/788
f 781/781 788/788 787/787
f 782/782 783/783 789/789
f 782/782 789/789 788/788
f 783/783 784/784 790/790
f 783/783 790/790 789/789
f 784/784 785/785 791/791
f 784/784 791/791 790/790
f 785/785 786/786 792/792
f 785/785 792/792 791/791
f 787/787 788/788 794/794
f 787/787 794/794 793/793
f 788/788 789/789 795/795
f 788/788 795/795 794/794
f 789/789 790/790 796/796
f 789/789 796/796 795/795
f 790/790 791/791 797/797
f 790/790 797/797 796/796
f 791/791 792/792 798/798
f 791/791 798/798 797/797
f 793/793 794/794 800/800
f 793/793 800/800 799/799
f 794/794 795/795 801/801
f 794/794 801/801 800/800
f 795/795 796/796 802/802
f 795/795 802/802 801/801
f 796/796 797/797 803/803
f 796/796 803/803 802/802
f 797/797 798/798 804/804
f 797/797 804/804 803/803
f 799/799 800/800 806/806
f 799/799 806/806 805/805
f 800/800 801/801 807/807
f 800/800 807/807 806/806
f 801/801 802/802 808/808
f 801/801 808/808 807/807
f 802/802 803/803 809/809
f 802/802 809/809 808/808
f 803/803 804/804 810/810
f 803/803 810/810 809/809
f 805/805 806/806 812/812
f 805/805 812/812 811/811
f 806/806 807/807 813/813
f 806/806 813/813 812/812
f 807/807 808/808 814/814
f 807/807 814/814 813/813
f 808/808 809/809 815/815
f 808/808 815/815 814/814
f 809/809 810/810 816/816
f 809/809 816/816 815/815
f 811/811 812/812 818/818
f 811/811 818/818 817/817
f 812/812 813/813 819/819
f 812/812 819/819 818/818
f 813/813 814/814 820/820
f 813/813 820/820 819/819
f 814/814 815/815 821/821
f 814/814 821/821 820/820
f 815/815 816/816 822/822
f 815/815 822/822 821/821
f 817/817 818/818 824/824
f 817/817 824/824 823/823
f 818/818 819/819 825/825
f 818/818 825/825 824/824
f 819/819 820/820 826/826
f 819/819 826/826 825/825
f 820/820 821/821 827/827
f 820/820 827/827 826/826
f 821/821 822/822 828/828
f 821/821 828/828 827/827
f 823/823 824/824 830/830
f 823/823 830/830 829/829
f 824/824 825/825 831/831
f 824/824 831/831 830/830
f 825/825 826/826 832/832
f 825/825 832/832 831/831
f 826/826 827/827 833/833
f 826/826 833/833 832/832
f 827/827 828/828 834/834
f 827/827 834/834 833/833
f 829/829 830/830 836/836
f 829/829 836/836 835/835
f 830/830 831/831 837/837
f 830/830 837/837 836/836
f 831/831 832/832 838/838
f 831/831 838/838 837/837
f 832/832 833/833 839/839
f 832/832 839/839 838/838
f 833/833 834/834 840/840
f 833/833 840/840 839/839
f 835/835 836/836 842/842
f 835/835 842/842 841/841
f 836/836 837/837 843/843
f 836/836 843/843 842/842
f 837/837 838/838 844/844
f 837/837 844/844 843/843
f 838/838 839/839 845/845
f 838/838 845/845 844/844
f 839/839 840/840 846/846
f 839/839 846/846 845/845
f 847/847 848/848 854/854
f 847/847 854/854 853/853
f 848/848 849/849 855/855
f 848/848 855/855 854/854
f 849/849 850/850 856/856
f 849/849 856/856 855/855
f 850/850 851/851 857/857
f 850/850 857/857 856/856
f 851/851 852/852 858/858
f 851/851 858/858 857/857
f 853/853 854/854 860/860
f 853/853 860/860 859/859
f 854/854 855/855 861/861
f 854/854 861/861 860/860
f 855/855 856/856 862/862
f 855/855 862/862 861/861
f 856/856 857/857 863/863
f 856/856 863/863 862/862
f 857/857 858/858 864/864
f 857/857 864/864 863/863
f 859/859 860/860 866/866
f 859/859 866/866 865/865
f 860/860 861/861 867/867
f 860/860 867/867 866/866
f 861/861 862/862 868/868
f 861/861 868/868 867/867
f 862/862 863/863 869/869
f 862/862 869/869 868/868
f 863/863 864/864 870/870
f 863/863 870/870 869/869
f 865/865 866/866 872/872
f 865/865 872/872 871/871
f 866/866 867/867 873/873
f 866/866 873/873 872/872
f 867/867 868/868 874/874
f 867/867 874/874 873/873
f 868/868 869/869 875/875
f 868/868 875/875 874/874
f 869/869 870/870 876/876
f 869/869 876/876 875/875
f 871/871 872/872 878/878
f 871/871 878/878 877/877
f 872/872 873/873 879/879
f 872/872 879/879 878/878
f 873/873 874/874 880/880
f 873/873 880/880 879/879
f 874/874 875/875 881/881
f 874/874 881/881 880/880
f 875/875 876/876 882/882
f 875/875 882/882 881/881
f 877/877 878/878 884/884
f 877/877 884/884 883/883
f 878/878 879/879 885/885
f 878/878 885/885 884/884
f 879/879 880/880 886/886
f 879/879 886/886 885/885
f 880/880 881/881 887/887
f 880/880 887/887 886/886
f 881/881 882/882 888/888
f 881/881 888/888 887/887
f 883/883 884/884 890/890
f 883/883 890/890 889/889
f 884/884 885/885 891/891
f 884/884 891/891 890/890
f 885/885 886/886 892/892
f 885/885 892/892 891/891
f 886/886 887/887 893/893
f 886/886 893/893 892/892
f 887/887 888/888 894/894
f 887/887 894/894 893/893
f 889/889 890/890 896/896
f 889/889 896/896 895/895
f 890/890 891/891 897/897
f 890/890 897/897 896/896
f 891/891 892/892 898/898
f 891/891 898/898 897/897
f 892/892 893/893 899/899
f 892/892 899/899 898/898
f 893/893 894/894 900/900
f 893/893 900/900 899/899
f 895/895 896/896 902/902
f 895/895 902/902 901/901
f 896/896 897/897 903/903
f 896/896 903/903 902/902
f 897/897 898/898 904/904
f 897/897 904/904 903/903
f 898/898 899/899 905/905
f 898/898 905/905 904/904
f 899/899 900/900 906/906
f 899/899 906/906 905/905
f 901/901 902/902 908/908
f 901/901 908/908 907/907
f 902/902 903/903 909/909
f 902/902 909/909 908/908
f 903/903 904/904 910/910
f 903/903 910/910 909/909
f 904/904 905/905 911/911
f 904/904 911/911 910/910
f 905/905 906/906 912/912
f 905/905 912/912 911/911
f 907/907 908/908 914/914
f 907/907 914/914 913/913
f 908/908 909/909 915/915
f 908/908 915/915 914/914
f 909/909 910/910 916/916
f 909/909 916/916 915/915
f 910/910 911/911 917/917
f 910/910 917/917 916/916
f 911/911 912/912 918/918
f 911/911 918/918 917/917
f 913/913 914/914 920/920
f 913/913 920/920 919/919
f 914/914 915/915 921/921
f 914/914 921/921 920/920
f 915/915 916/916 922/922
f 915/915 922/922 921/921
f 916/916 917/917 923/923
f 916/916 923/923 922/922
f 917/917 918/918 924/924
f 917/917 924/924 923/923
f 919/919 920/920 926/926
f 919/919 926/926 925/925
f 920/920 921/921 927/927
f 920/920 927/927 926/926
f 921/921 922/922 928/928
f 921/921 928/928 927/927
f 922/922 923/923 929/929
f 922/922 929/929 928/928
f 923/923 924/924 930/930
f 923/923 930/930 929/929
f 925/925 926/926 932/932
f 925/925 932/932 931/931
f 926/926 927/927 933/933
f 926/926 933/933 932/932
f 927/927 928/928 934/934
f 927/927 934/934 933/933
f 928/928 929/929 935/935
f 928/928 935/935 934/934
f 929/929 930/930 936/936
f 929/929 936/936 935/935
f 931/931 932/932 938/938
f 931/931 938/938 937/937
f 932/932 933/933 939/939
f 932/932 939/939 938/938
f 933/933 934/934 940/940
f 933/933 940/940 939/939
f 934/934 935/935 941/941
f 934/934 941/941 940/940
f 935/935 936/936 942/942
f 935/935 942/942 941/941
f 937/937 938/938 944/944
f 937/937 944/944 943/943
f 938/938 939/939 945/945
f 938/938 945/945 944/944
f 939/939 940/940 946/946
f 939/939 946/946 945/945
f 940/940 941/941 947/947
f 940/940 947/947 946/946
f 941/941 942/942 948/948
f 941/941 948/948 947/947
f 943/943 944/944 950/950
f 943/943 950/950 949/949
f 944/944 945/945 951/951
f 944/944 951/951 950/950
f 945/945 946/946 952/952
f 945/945 952/952 951/951
f 946/946 947/947 953/953
f 946/946 953/953 952/952
f 947/947 948/948 954/954
f 947/947 954/954 953/953
f 949/949 950/950 956/956
f 949/949 956/956 955/955
f 950/950 951/951 957/957
f 950/950 957/957 956/956
f 951/951 952/952 958/958
f 951/951 958/958 957/957
f 952/952 953/953 959/959
f 952/952 959/959 958/958
f 953/953 954/954 960/960
f 953/953 960/960 959/959
f 955/955 956/956 962/962
f 955/955 962/962 961/961
f 956/956 957/957 963/963
f 956/956 963/963 962/962
f 957/957 958/958 964/964
f 957/957 964/964 963/963
f 958/958 959/959 965/965
f 958/958 965/965 964/964
f 959/959 960/960 966/966
f 959/959 966/966 965/965
f 961/961 962/962 968/968
f 961/961 968/968 967/967
f 962/962 963/963 969/969
f 962/962 969/969 968/968
f 963/963 964/964 970/970
f 963/963 970/970 969/969
f 964/964 965/965 971/971
f 964/964 971/971 970/970
f 965/965 966/966 972/972
f 965/965 972/972 971/971
f 967/967 968/968 974/974
f 967/967 974/974 973/973
f 968/968 969/969 975/975
f 968/968 975/975 974/974
f 969/969 970/970 976/976
f 969/969 976/976 975/975
f 970/970 971/971 977/977
f 970/970 977/977 976/976
f 971/971 972/972 978/978
f 971/971 978/978 977/977
f 973/973 974/974 980/980
f 973/973 980/980 979/979
f 974/974 975/975 981/981
f 974/974 981/981 980/980
f 975/975 976/976 982/982
f 975/975 982/982 981/981
f 976/976 977/977 983/983
f 976/976 983/983 982/982
f 977/977 978/978 984/984
f 977/977 984/984 983/983
f 979/979 980/980 986/986
f 979/979 986/986 985/985
f 980/980 981/981 987/987
f 980/980 987/987 986/986
f 981/981 982/982 988/988
f 981/981 988/988 987/987
f 982/982 983/983 989/989
f 982/982 989/989 988/988
f 983/983 984/984 990/990
f 983/983 990/990 989/989
f 985/985 986/986 992/992
f 985/985 992/992 991/991
f 986/986 987/987 993/993
f 986/986 993/993 992/992
f 987/987 988/988 994/994
f 987/987 994/994 993/993
f 988/988 989/989 995/995
f 988/988 995/995 994/994
f 989/989 990/990 996/996
f 989/989 996/996 995/995
f 991/991 992/992 998/998
f 991/991 998/998 997/997
f 992/992 993/993 999/999
f 992/992 999/999 998/998
f 993/993 994/994 1000/1000
f 993/993 1000/1000 999/999
f 994/994 995/995 1001/1001
f 994/994 1001/1001 1000/1000
f 995/995 996/996 1002/1002
f 995/995 1002/1002 1001/1001
f 997/997 998/998 1004/1004
f 997/997 1004/1004 1003/1003
f 998/998 999/999 1005/1005
f 998/998 1005/1005 1004/1004
f 999/999 1000/1000 1006/1006
f 999/999 1006/1006 1005/1005
f 1000/1000 1001/1001 1007/1007
f 1000/1000 1007/1007 1006/1006
f 1001/1001 1002/1002 1008/1008
f 1001/1001 1008/1008 1007/1007
f 1003/1003 1004/1004 1010/1010
f 1003/1003 1010/1010 1009/1009
f 1004/1004 1005/1005 1011/1011
f 1004/1004 1011/1011 1010/1010
f 1005/1005 1006/1006 1012/1012
f 1005/1005 1012/1012 1011/1011
f 1006/1006 1007/1007 1013/1013
f 1006/1006 1013/1013 1012/1012
f 1007/1007 1008/1008 1014/1014
f 1007/1007 1014/1014 1013/1013
f 1009/1009 1010/1010 1016/1016
f 1009/1009 1016/1016 1015/1015
f 1010/1010 1011/1011 1017/1017
f 1010/1010 1017/1017 1016/1016
f 1011/1011 1012/1012 1018/1018
f 1011/1011 1018/1018 1017/1017
f 1012/1012 1013/1013 1019/1019
f 1012/1012 1019/1019 1018/1018
f 1013/1013 1014/1014 1020/1020
f 1013/1013 1020/1020 1019/1019
f 1015/1015 1016/1016 1022/1022
f 1015/1015 1022/1022 1021/1021
f 1016/1016 1017/1017 1023/1023
f 1016/1016 1023/1023 1022/1022
f 1017/1017 1018/1018 1024/1024
f 1017/1017 1024/1024 1023/1023
f 1018/1018 1019/1019 1025/1025
f 1018/1018 1025/1025 1024/1024
f 1019/1019 1020/1020 1026/1026
f 1019/1019 1026/1026 1025/1025
f 1021/1021 1022/1022 1028/1028
f 1021/1021 1028/1028 1027/1027
f 1022/1022 1023/1023 1029/1029
f 1022/1022 1029/1029 1028/1028
f 1023/1023 1024/1024 1030/1030
f 1023/1023 1030/1030 1029/1029
f 1024/1024 1025/1025 1031/1031
f 1024/1024 1031/1031 1030/1030
f 1025/1025 1026/1026 1032/1032
f 1025/1025 1032/1032 1031/1031
f 1027/1027 1028/1028 1034/1034
f 1027/1027 1034/1034 1033/1033
f 1028/1028 1029/1029 1035/1035
f 1028/1028 1035/1035 1034/1034
f 1029/1029 1030/1030 1036/1036
f 1029/1029 1036/1036 1035/1035
f 1030/1030 1031/1031 1037/1037
f 1030/1030 1037/1037 1036/1036
f 1031/1031 1032/1032 1038/1038
f 1031/1031 1038/1038 1037/1037
f 1033/1033 1034/1034 1040/1040
f 1033/1033 1040/1040 1039/1039
f 1034/1034 1035/1035 1041/1041
f 1034/1034 1041/1041 1040/1040
f 1035/1035 1036/1036 1042/1042
f 1035/1035 1042/1042 1041/1041
f 1036/1036 1037/1037 1043/1043
f 1036/1036 1043/1043 1042/1042
f 1037/1037 1038/1038 1044/1044
f 1037/1037 1044/1044 1043/1043
f 1039/1039 1040/1040 1046/1046
f 1039/1039 1046/1046 1045/1045
f 1040/1040 1041/1041 1047/1047
f 1040/1040 1047/1047 1046/1046
f 1041/1041 1042/1042 1048/1048
f 1041/1041 1048/1048 1047/1047
f 1042/1042 1043/1043 1049/1049
f 1042/1042 1049/1049 1048/1048
f 1043/1043 1044/1044 1050/1050
f 1043/1043 1050/1050 1049/1049
f 1045/1045 1046/1046 1052/1052
f 1045/1045 1052/1052 1051/1051
f 1046/1046 1047/1047 1053/1053
f 1046/1046 1053/1053 1052/1052
f 1047/1047 1048/1048 1054/1054
f 1047/1047 1054/1054 1053/1053
f 1048/1048 1049/1049 1055/1055
f 1048/1048 1055/1055 1054/1054
f 1049/1049 1050/1050 1056/1056
f 1049/1049 1056/1056 1055/1055
f 1051/1051 1052/1052 1058/1058
f 1051/1051 1058/1058 1057/1057
f 1052/1052 1053/1053 1059/1059
f 1052/1052 1059/1059 1058/1058
f 1053/1053 1054/1054 1060/1060
f 1053/1053 1060/1060 1059/1059
f 1054/1054 1055/1055 1061/1061
f 1054/1054 1061/1061 1060/1060
f 1055/1055 1056/1056 1062/1062
f 1055/1055 1062/1062 1061/1061
f 1057/1057 1058/1058 1064/1064
f 1057/1057 1064/1064 1063/1063
f 1058/1058 1059/1059 1065/1065
f 1058/1058 1065/1065 1064/1064
f 1059/1059 1060/1060 1066/1066
f 1059/1059 1066/1066 1065/1065
f 1060/1060 1061/1061 1067/1067
f 1060/1060 1067/1067 1066/1066
f 1061/1061 1062/1062 1068/1068
f 1061/1061 1068/1068 1067/1067
f 1063/1063 1064/1064 1070/1070
f 1063/1063 1070/1070 1069/1069
f 1064/1064 1065/1065 1071/1071
f 1064/1064 1071/1071 1070/1070
f 1065/1065 1066/1066 1072/1072
f 1065/1065 1072/1072 1071/1071
f 1066/1066 1067/1067 1073/1073
f 1066/1066 1073/1073 1072/1072
f 1067/1067 1068/1068 1074/1074
f 1067/1067 1074/1074 1073/1073
f 1069/1069 1070/1070 1076/1076
f 1069/1069 1076/1076 1075/1075
f 1070/1070 1071/1071 1077/1077
f 1070/1070 1077/1077 1076/1076
f 1071/1071 1072/1072 1078/1078
f 1071/1071 1078/1078 1077/1077
f 1072/1072 1073/1073 1079/1079
f 1072/1072 1079/1079 1078/1078
f 1073/1073 1074/1074 1080/1080
f 1073/1073 1080/1080 1079/1079
f 1075/1075 1076/1076 1082/1082
f 1075/1075 1082/1082 1081/1081
f 1076/1076 1077/1077 1083/1083
f 1076/1076 1083/1083 1082/1082
f 1077/1077 1078/1078 1084/1084
f 1077/1077 1084/1084 1083/1083
f 1078/1078 1079/1079 1085/1085
f 1078/1078 1085/1085 1084/1084
f 1079/1079 1080/1080 1086/1086
f 1079/1079 1086/1086 1085/1085
f 1081/1081 1082/1082 1088/1088
f 1081/1081 1088/1088 1087/1087
f 1082/1082 1083/1083 1089/1089
f 1082/1082 1089/1089 1088/1088
f 1083/1083 1084/1084 1090/1090
f 1083/1083 1090/1090 1089/1089
f 1084/1084 1085/1085 1091/1091
f 1084/1084 1091/1091 1090/1090
f 1085/1085 1086/1086 1092/1092
f 1085/1085 1092/1092 1091/1091
f 1087/1087 1088/1088 1094/1094
f 1087/1087 1094/1094 1093/1093
f 1088/1088 1089/1089 1095/1095
f 1088/1088 1095/1095 1094/1094
f 1089/1089 1090/1090 1096/1096
f 1089/1089 1096/1096 1095/1095
f 1090/1090 1091/1091 1097/1097
f 1090/1090 1097/1097 1096/1096
f 1091/1091 1092/1092 1098/1098
f 1091/1091 1098/1098 1097/1097
f 1093/1093 1094/1094 1100/1100
f 1093/1093 1100/1100 1099/1099
f 1094/1094 1095/1095 1101/1101
f 1094/1094 1101/1101 1100/1100
f 1095/1095 1096/1096 1102/1102
f 1095/1095 1102/1102 1101/1101
f 1096/1096 1097/1097 1103/1103
f 1096/1096 1103/1103 1102/1102
f 1097/1097 1098/1098 1104/1104
f 1097/1097 1104/1104 1103/1103
f 1099/1099 1100/1100 1106/1106
f 1099/1099 1106/1106 1105/1105
f 1100/1100 1101/1101 1107/1107
f 1100/1100 1107/1107 1106/1106
f 1101/1101 1102/1102 1108/1108
f 1101/1101 1108/1108 1107/1107
f 1102/1102 1103/1103 1109/1109
f 1102/1102 1109/1109 1108/1108
f 1103/1103 1104/1104 1110/1110
f 1103/1103 1110/1110 1109/1109
f 1105/1105 1106/1106 1112/1112
f 1105/1105 1112/1112 1111/1111
f 1106/1106 1107/1107 1113/1113
f 1106/1106 1113/1113 1112/1112
f 1107/1107 1108/1108 1114/1114
f 1107/1107 1114/1114 1113/1113
f 1108/1108 1109/1109 1115/1115
f 1108/1108 1115/1115 1114/1114
f 1109/1109 1110/1110 1116/1116
f 1109/1109 1116/1116 1115/1115
f 1111/1111 1112/1112 1118/1118
f 1111/1111 1118/1118 1117/1117
f 1112/1112 1113/1113 1119/1119
f 1112/1112 1119/1119 1118/1118
f 1113/1113 1114/1114 1120/1120
f 1113/1113 1120/1120 1119/1119
f 1114/1114 1115/1115 1121/1121
f 1114/1114 1121/1121 1120/1120
f 1115/1115 1116/1116 1122/1122
f 1115/1115 1122/1122 1121/1121
f 1117/1117 1118/1118 1124/1124
f 1117/1117 1124/1124 1123/1123
f 1118/1118 1119/1119 1125/1125
f 1118/1118 1125/1125 1124/1124
f 1119/1119 1120/1120 1126/1126
f 1119/1119 1126/1126 1125/1125
f 1120/1120 1121/1121 1127/1127
f 1120/1120 1127/1127 1126/1126
f 1121/1121 1122/1122 1128/1128
f 1121/1121 1128/1128 1127/1127
f 1123/1123 1124/1124 1130/1130
f 1123/1123 1130/1130 1129/1129
f 1124/1124 1125/1125 1131/1131
f 1124/1124 1131/1131 1130/1130
f 1125/1125 1126/1126 1132/1132
f 1125/1125 1132/1132 1131/1131
f 1126/1126 1127/1127 1133/1133
f 1126/1126 1133/1133 1132/1132
f 1127/1127 1128/1128 1134/1134
f 1127/1127 1134/1134 1133/1133
f 1129/1129 1130/1130 1136/1136
f 1129/1129 1136/1136 1135/1135
f 1130/1130 1131/1131 1137/1137
f 1130/1130 1137/1137 1136/1136
f 1131/1131 1132/1132 1138/1138
f 1131/1131 1138/1138 1137/1137
f 1132/1132 1133/1133 1139/1139
f 1132/1132 1139/1139 1138/1138
f 1133/1133 1134/1134 1140/1140
f 1133/1133 1140/1140 1139/1139
f 1135/1135 1136/1136 1142/1142
f 1135/1135 1142/1142 1141/1141
f 1136/1136 1137/1137 1143/1143
f 1136/1136 1143/1143 1142/1142
f 1137/1137 1138/1138 1144/1144
f 1137/1137 1144/1144 1143/1143
f 1138/1138 1139/1139 1145/1145
f 1138/1138 1145/1145 1144/1144
f 1139/1139 1140/1140 1146/1146
f 1139/1139 1146/1146 1145/1145
f 1141/1141 1142/1142 1148/1148
f 1141/1141 1148/1148 1147/1147
f 1142/1142 1143/1143 1149/1149
f 1142/1142 1149/1149 1148/1148
f 1143/1143 1144/1144 1150/1150
f 1143/1143 1150/1150 1149/1149
f 1144/1144 1145/1145 1151/1151
f 1144/1144 1151/1151 1150/1150
f 1145/1145 1146/1146 1152/1152
f 1145/1145 1152/1152 1151/1151
f 1147/1147 1148/1148 1154/1154
f 1147/1147 1154/1154 1153/1153
f 1148/1148 1149/1149 1155/1155
f 1148/1148 1155/1155 1154/1154
f 1149/1149 1150/1150 1156/1156
f 1149/1149 1156/1156 1155/1155
f 1150/1150 1151/1151 1157/1157
f 1150/1150 1157/1157 1156/1156
f 1151/1151 1152/1152 1158/1158
f 1151/1151 1158/1158 1157/1157
f 1153/1153 1154/1154 1160/1160
f 1153/1153 1160/1160 1159/1159
f 1154/1154 1155/1155 1161/1161
f 1154/1154 1161/1161 1160/1160
f 1155/1155 1156/1156 1162/1162
f 1155/1155 1162/1162 1161/1161
f 1156/1156 1157/1157 1163/1163
f 1156/1156 1163/1163 1162/1162
f 1157/1157 1158/1158 1164/1164
f 1157/1157 1164/1164 1163/1163
f 1159/1159 1160/1160 1166/1166
f 1159/1159 1166/1166 1165/1165
f 1160/1160 1161/1161 1167/1167
f 1160/1160 1167/1167 1166/1166
f 1161/1161 1162/1162 1168/1168
f 1161/1161 1168/1168 1167/1167
f 1162/1162 1163/1163 1169/1169
f 1162/1162 1169/1169 1168/1168
f 1163/1163 1164/1164 1170/1170
f 1163/1163 1170/1170 1169/1169
f 1165/1165 1166/1166 1172/1172
f 1165/1165 1172/1172 1171/1171
f 1166/1166 1167/1167 1173/1173
f 1166/1166 1173/1173 1172/1172
f 1167/1167 1168/1168 1174/1174
f 1167/1167 1174/1174 1173/1173
f 1168/1168 1169/1169 1175/1175
f 1168/1168 1175/1175 1174/1174
f 1169/1169 1170/1170 1176/1176
f 1169/1169 1176/1176 1175/1175
f 1171/1171 1172/1172 1178/1178
f 1171/1171 1178/1178 1177/1177
f 1172/1172 1173/1173 1179/1179
f 1172/1172 1179/1179 1178/1178
f 1173/1173 1174/1174 1180/1180
f 1173/1173 1180/1180 1179/1179
f 1174/1174 1175/1175 1181/1181
f 1174/1174 1181/1181 1180/1180
f 1175/1175 1176/1176 1182/1182
f 1175/1175 1182/1182 1181/1181
f 1177/1177 1178/1178 1184/1184
f 1177/1177 1184/1184 1183/1183
f 1178/1178 1179/1179 1185/1185
f 1178/1178 1185/1185 1184/1184
f 1179/1179 1180/1180 1186/1186
f 1179/1179 1186/1186 1185/1185
f 1180/1180 1181/1181 1187/1187
f 1180/1180 1187/1187 1186/1186
f 1181/1181 1182/1182 1188/1188
f 1181/1181 1188/1188 1187/1187
f 1183/1183 1184/1184 1190/1190
f 1183/1183 1190/1190 1189/1189
f 1184/1184 1185/1185 1191/1191
f 1184/1184 1191/1191 1190/1190
f 1185/1185 1186/1186 1192/1192
f 1185/1185 1192/1192 1191/1191
f 1186/1186 1187/1187 1193/1193
f 1186/1186 1193/1193 1192/1192
f 1187/1187 1188/1188 1194/1194
f 1187/1187 1194/1194 1193/1193
f 1189/1189 1190/1190 1196/1196
f 1189/1189 1196/1196 1195/1195
f 1190/1190 1191/1191 1197/1197
f 1190/1190 1197/1197 1196/1196
f 1191/1191 1192/1192 1198/1198
f 1191/1191 1198/1198 1197/1197
f 1192/1192 1193/1193 1199/1199
f 1192/1192 1199/1199 1198/1198
f 1193/1193 1194/1194 1200/1200
f 1193/1193 1200/1200 1199/1199
f 1195/1195 1196/1196 1202/1202
f 1195/1195 1202/1202 1201/1201
f 1196/1196 1197/1197 1203/1203
f 1196/1196 1203/1203 1202/1202
f 1197/1197 1198/1198 1204/1204
f 1197/1197 1204/1204 1203/1203
f 1198/1198 1199/1199 1205/1205
f 1198/1198 1205/1205 1204/1204
f 1199/1199 1200/1200 1206/1206
f 1199/1199 1206/1206 1205/1205
f 1201/1201 1202/1202 1208/1208
f 1201/1201 1208/1208 1207/1207
f 1202/1202 1203/1203 1209/1209
f 1202/1202 1209/1209 1208/1208
f 1203/1203 1204/1204 1210/1210
f 1203/1203 1210/1210 1209/1209
f 1204/1204 1205/1205 1211/1211
f 1204/1204 1211/1211 1210/1210
f 1205/1205 1206/1206 1212/1212
f 1205/1205 1212/1212 1211/1211
f 1207/1207 1208/1208 1214/1214
f 1207/1207 1214/1214 1213/1213
f 1208/1208 1209/1209 1215/1215
f 1208/1208 1215/1215 1214/1214
f 1209/1209 1210/1210 1216/1216
f 1209/1209 1216/1216 1215/1215
f 1210/1210 1211/1211 1217/1217
f 1210/1210 1217/1217 1216/1216
f 1211/1211 1212/1212 1218/1218
f 1211/1211 1218/1218 1217/1217
f 1213/1213 1214/1214 1220/1220
f 1213/1213 1220/1220 1219/1219
f 1214/1214 1215/1215 1221/1221
f 1214/1214 1221/1221 1220/1220
f 1215/1215 1216/1216 1222/1222
f 1215/1215 1222/1222 1221/1221
f 1216/1216 1217/1217 1223/1223
f 1216/1216 1223/1223 1222/1222
f 1217/1217 1218/1218 1224/1224
f 1217/1217 1224/1224 1223/1223
f 1219/1219 1220/1220 1226/1226
f 1219/1219 1226/1226 1225/1225
f 1220/1220 1221/1221 1227/1227
f 1220/1220 1227/1227 1226/1226
f 1221/1221 1222/1222 1228/1228
f 1221/1221 1228/1228 1227/1227
f 1222/1222 1223/1223 1229/1229
f 1222/1222 1229/1229 1228/1228
f 1223/1223 1224/1224 1230/1230
f 1223/1223 1230/1230 1229/1229
f 1225/1225 1226/1226 1232/1232
f 1225/1225 1232/1232 1231/1231
f 1226/1226 1227/1227 1233/1233
f 1226/1226 1233/1233 1232/1232
f 1227/1227 1228/1228 1234/1234
f 1227/1227 1234/1234 1233/1233
f 1228/1228 1229/1229 1235/1235
f 1228/1228 1235/1235 1234/1234
f 1229/1229 1230/1230 1236/1236
f 1229/1229 1236/1236 1235/1235
f 1231/1231 1232/1232 1238/1238
f 1231/1231 1238/1238 1237/1237
f 1232/1232 1233/1233 1239/1239
f 1232/1232 1239/1239 1238/1238
f 1233/1233 1234/1234 1240/1240
f 1233/1233 1240/1240 1239/1239
f 1234/1234 1235/1235 1241/1241
f 1234/1234 1241/1241 1240/1240
f 1235/1235 1236/1236 1242/1242
f 1235/1235 1242/1242 1241/1241
f 1237/1237 1238/1238 1244/1244
f 1237/1237 1244/1244 1243/1243
f 1238/1238 1239/1239 1245/1245
f 1238/1238 1245/1245 1244/1244
f 1239/1239 1240/1240 1246/1246
f 1239/1239 1246/1246 1245/1245
f 1240/1240 1241/1241 1247/1247
f 1240/1240 1247/1247 1246/1246
f 1241/1241 1242/1242 1248/1248
f 1241/1241 1248/1248 1247/1247
f 1243/1243 1244/1244 1250/1250
f 1243/1243 1250/1250 1249/1249
f 1244/1244 1245/1245 1251/1251
f 1244/1244 1251/1251 1250/1250
f 1245/1245 1246/1246 1252/1252
f 1245/1245 1252/1252 1251/1251
f 1246/1246 1247/1247 1253/1253
f 1246/1246 1253/1253 1252/1252
f 1247/1247 1248/1248 1254/1254
f 1247/1247 1254/1254 1253/1253
f 1249/1249 1250/1250 1256/1256
f 1249/1249 1256/1256 1255/1255
f 1250/1250 1251/1251 1257/1257
f 1250/1250 1257/1257 1256/1256
f 1251/1251 1252/1252 1258/1258
f 1251/1251 1258/1258 1257/1257
f 1252/1252 1253/1253 1259/1259
f 1252/1252 1259/1259 1258/1258
f 1253/1253 1254/1254 1260/1260
f 1253/1253 1260/1260 1259/1259
f 1255/1255 1256/1256 1262/1262
f 1255/1255 1262/1262 1261/1261
f 1256/1256 1257/1257 1263/1263
f 1256/1256 1263/1263 1262/1262
f 1257/1257 1258/1258 1264/1264
f 1257/1257 1264/1264 1263/1263
f 1258/1258 1259/1259 1265/1265
f 1258/1258 1265/1265 1264/1264
f 1259/1259 1260/1260 1266/1266
f 1259/1259 1266/1266 1265/1265
f 1261/1261 1262/1262 1268/1268
f 1261/1261 1268/1268 1267/1267
f 1262/1262 1263/1263 1269/1269
f 1262/1262 1269/1269 1268/1268
f 1263/1263 1264/1264 1270/1270
f 1263/1263 1270/1270 1269/1269
f 1264/1264 1265/1265 1271/1271
f 1264/1264 1271/1271 1270/1270
f 1265/1265 1266/1266 1272/1272
f 1265/1265 1272/1272 1271/1271
f 1267/1267 1268/1268 1274/1274
f 1267/1267 1274/1274 1273/1273
f 1268/1268 1269/1269 1275/1275
f 1268/1268 1275/1275 1274/1274
f 1269/1269 1270/1270 1276/1276
f 1269/1269 1276/1276 1275/1275
f 1270/1270 1271/1271 1277/1277
f 1270/1270 1277/1277 1276/1276
f 1271/1271 1272/1272 1278/1278
f 1271/1271 1278/1278 1277/1277
f 1273/1273 1274/1274 1280/1280
f 1273/1273 1280/1280 1279/1279
f 1274/1274 1275/1275 1281/1281
f 1274/1274 1281/1281 1280/1280
f 1275/1275 1276/1276 1282/1282
f 1275/1275 1282/1282 1281/1281
f 1276/1276 1277/1277 1283/1283
f 1276/1276 1283/1283 1282/1282
f 1277/1277 1278/1278 1284/1284
f 1277/1277 1284/1284 1283/1283
f 1279/1279 1280/1280 1286/1286
f 1279/1279 1286/1286 1285/1285
f 1280/1280 1281/1281 1287/1287
f 1280/1280 1287/1287 1286/1286
f 1281/1281 1282/1282 1288/1288
f 1281/1281 1288/1288 1287/1287
f 1282/1282 1283/1283 1289/1289
f 1282/1282 1289/1289 1288/1288
f 1283/1283 1284/1284 1290/1290
f 1283/1283 1290/1290 1289/1289
f 1285/1285 1286/1286 1292/1292
f 1285/1285 1292/1292 1291/1291
f 1286/1286 1287/1287 1293/1293
f 1286/1286 1293/1293 1292/1292
f 1287/1287 1288/1288 1294/1294
f 1287/1287 1294/1294 1293/1293
f 1288/1288 1289/1289 1295/1295
f 1288/1288 1295/1295 1294/1294
f 1289/1289 1290/1290 1296/1296
f 1289/1289 1296/1296 1295/1295
f 1291/1291 1292/1292 1298/1298
f 1291/1291 1298/1298 1297/1297
f 1292/1292 1293/1293 1299/1299
f 1292/1292 1299/1299 1298/1298
f 1293/1293 1294/1294 1300/1300
f 1293/1293 1300/1300 1299/1299
f 1294/1294 1295/1295 1301/1301
f 1294/1294 1301/1301 1300/1300
f 1295/1295 1296/1296 1302/1302
f 1295/1295 1302/1302 1301/1301
f 1297/1297 1298/1298 1304/1304
f 1297/1297 1304/1304 1303/1303
f 1298/1298 1299/1299 1305/1305
f 1298/1298 1305/1305 1304/1304
f 1299/1299 1300/1300 1306/1306
f 1299/1299 1306/1306 1305/1305
f 1300/1300 1301/1301 1307/1307
f 1300/1300 1307/1307 1306/1306
f 1301/1301 1302/1302 1308/1308
f 1301/1301 1308/1308 1307/1307
f 1303/1303 1304/1304 1310/1310
f 1303/1303 1310/1310 1309/1309
f 1304/1304 1305/1305 1311/1311
f 1304/1304 1311/1311 1310/1310
f 1305/1305 1306/1306 1312/1312
f 1305/1305 1312/1312 1311/1311
f 1306/1306 1307/1307 1313/1313
f 1306/1306 1313/1313 1312/1312
f 1307/1307 1308/1308 1314/1314
f 1307/1307 1314/1314 1313/1313
f 1309/1309 1310/1310 1316/1316
f 1309/1309 1316/1316 1315/1315
f 1310/1310 1311/1311 1317/1317
f 1310/1310 1317/1317 1316/1316
f 1311/1311 1312/1312 1318/1318
f 1311/1311 1318/1318 1317/1317
f 1312/1312 1313/1313 1319/1319
f 1312/1312 1319/1319 1318/1318
f 1313/1313 1314/1314 1320/1320
f 1313/1313 1320/1320 1319/1319
f 1315/1315 1316/1316 1322/1322
f 1315/1315 1322/1322 1321/1321
f 1316/1316 1317/1317 1323/1323
f 1316/1316 1323/1323 1322/1322
f 1317/1317 1318/1318 1324/1324
f 1317/1317 1324/1324 1323/1323
f 1318/1318 1319/1319 1325/1325
f 1318/1318 1325/1325 1324/1324
f 1319/1319 1320/1320 1326/1326
f 1319/1319 1326/1326 1325/1325
f 1321/1321 1322/1322 1328/1328
f 1321/1321 1328/1328 1327/1327
f 1322/1322 1323/1323 1329/1329
f 1322/1322 1329/1329 1328/1328
f 1323/1323 1324/1324 1330/1330
f 1323/1323 1330/1330 1329/1329
f 1324/1324 1325/1325 1331/1331
f 1324/1324 1331/1331 1330/1330
f 1325/1325 1326/1326 1332/1332
f 1325/1325 1332/1332 1331/1331
f 1327/1327 1328/1328 1334/1334
f 1327/1327 1334/1334 1333/1333
f 1328/1328 1329/1329 1335/1335
f 1328/1328 1335/1335 1334/1334
f 1329/1329 1330/1330 1336/1336
f 1329/1329 1336/1336 1335/1335
f 1330/1330 1331/1331 1337/1337
f 1330/1330 1337/1337 1336/1336
f 1331/1331 1332/1332 1338/1338
f 1331/1331 1338/1338 1337/1337
f 1333/1333 1334/1334 1340/1340
f 1333/1333 1340/1340 1339/1339
f 1334/1334 1335/1335 1341/1341
f 1334/1334 1341/1341 1340/1340
f 1335/1335 1336/1336 1342/1342
f 1335/1335 1342/1342 1341/1341
f 1336/1336 1337/1337 1343/1343
f 1336/1336 1343/1343 1342/1342
f 1337/1337 1338/1338 1344/1344
f 1337/1337 1344/1344 1343/1343
f 1339/1339 1340/1340 1346/1346
f 1339/1339 1346/1346 1345/1345
f 1340/1340 1341/1341 1347/1347
f 1340/1340 1347/1347 1346/1346
f 1341/1341 1342/1342 1348/1348
f 1341/1341 1348/1348 1347/1347
f 1342/1342 1343/1343 1349/1349
f 1342/1342 1349/1349 1348/1348
f 1343/1343 1344/1344 1350/1350
f 1343/1343 1350/1350 1349/1349
f 1345/1345 1346/1346 1352/1352
f 1345/1345 1352/1352 1351/1351
f 1346/1346 1347/1347 1353/1353
f 1346/1346 1353/1353 1352/1352
f 1347/1347 1348/1348 1354/1354
f 1347/1347 1354/1354 1353/1353
f 1348/1348 1349/1349 1355/1355
f 1348/1348 1355/1355 1354/1354
f 1349/1349 1350/1350 1356/1356
f 1349/1349 1356/1356 1355/1355
f 1351/1351 1352/1352 1358/1358
f 1351/1351 1358/1358 1357/1357
f 1352/1352 1353/1353 1359/1359
f 1352/1352 1359/1359 1358/1358
f 1353/1353 1354/1354 1360/1360
f 1353/1353 1360/1360 1359/1359
f 1354/1354 1355/1355 1361/1361
f 1354/1354 1361/1361 1360/1360
f 1355/1355 1356/1356 1362/1362
f 1355/1355 1362/1362 1361/1361
f 1357/1357 1358/1358 1364/1364
f 1357/1357 1364/1364 1363/1363
f 1358/1358 1359/1359 1365/1365
f 1358/1358 1365/1365 1364/1364
f 1359/1359 1360/1360 1366/1366
f 1359/1359 1366/1366 1365/1365
f 1360/1360 1361/1361 1367/1367
f 1360/1360 1367/1367 1366/1366
f 1361/1361 1362/1362 1368/1368
f 1361/1361 1368/1368 1367/1367
f 1363/1363 1364/1364 1370/1370
f 1363/1363 1370/1370 1369/1369
f 1364/1364 1365/1365 1371/1371
f 1364/1364 1371/1371 1370/1370
f 1365/1365 1366/1366 1372/1372
f 1365/1365 1372/1372 1371/1371
f 1366/1366 1367/1367 1373/1373
f 1366/1366 1373/1373 1372/1372
f 1367/1367 1368/1368 1374/1374
f 1367/1367 1374/1374 1373/1373
f 1369/1369 1370/1370 1376/1376
f 1369/1369 1376/1376 1375/1375
f 1370/1370 1371/1371 1377/1377
f 1370/1370 1377/1377 1376/1376
f 1371/1371 1372/1372 1378/1378
f 1371/1371 1378/1378 1377/1377
f 1372/1372 1373/1373 1379/1379
f 1372/1372 1379/1379 1378/1378
f 1373/1373 1374/1374 1380/1380
f 1373/1373 1380/1380 1379/1379
f 1375/1375 1376/1376 1382/1382
f 1375/1375 1382/1382 1381/1381
f 1376/1376 1377/1377 1383/1383
f 1376/1376 1383/1383 1382/1382
f 1377/1377 1378/1378 1384/1384
f 1377/1377 1384/1384 1383/1383
f 1378/1378 1379/1379 1385/1385
f 1378/1378 1385/1385 1384/1384
f 1379/1379 1380/1380 1386/1386
f 1379/1379 1386/1386 1385/1385
f 1381/1381 1382/1382 1388/1388
f 1381/1381 1388/1388 1387/1387
f 1382/1382 1383/1383 1389/1389
f 1382/1382 1389/1389 1388/1388
f 1383/1383 1384/1384 1390/1390
f 1383/1383 1390/1390 1389/1389
f 1384/1384 1385/1385 1391/1391
f 1384/1384 1391/1391 1390/1390
f 1385/1385 1386/1386 1392/1392
f 1385/1385 1392/1392 1391/1391
f 1387/1387 1388/1388 1394/1394
f 1387/1387 1394/1394 1393/1393
f 1388/1388 1389/1389 1395/1395
f 1388/1388 1395/1395 1394/1394
f 1389/1389 1390/1390 1396/1396
f 1389/1389 1396/1396 1395/1395
f 1390/1390 1391/1391 1397/1397
f 1390/1390 1397/1397 1396/1396
f 1391/1391 1392/1392 1398/1398
f 1391/1391 1398/1398 1397/1397
f 1393/1393 1394/1394 1400/1400
f 1393/1393 1400/1400 1399/1399
f 1394/1394 1395/1395 1401/1401
f 1394/1394 1401/1401 1400/1400
f 1395/1395 1396/1396 1402/1402
f 1395/1395 1402/1402 1401/1401
f 1396/1396 1397/1397 1403/1403
f 1396/1396 1403/1403 1402/1402
f 1397/1397 1398/1398 1404/1404
f 1397/1397 1404/1404 1403/1403
f 1399/1399 1400/1400 1406/1406
f 1399/1399 1406/1406 1405/1405
f 1400/1400 1401/1401 1407/1407
f 1400/1400 1407/1407 1406/1406
f 1401/1401 1402/1402 1408/1408
f 1401/1401 1408/1408 1407/1407
f 1402/1402 1403/1403 1409/1409
f 1402/1402 1409/1409 1408/1408
f 1403/1403 1404/1404 1410/1410
f 1403/1403 1410/1410 1409/1409
f 1405/1405 1406/1406 1412/1412
f 1405/1405 1412/1412 1411/1411
f 1406/1406 1407/1407 1413/1413
f 1406/1406 1413/1413 1412/1412
f 1407/1407 1408/1408 1414/1414
f 1407/1407 1414/1414 1413/1413
f 1408/1408 1409/1409 1415/1415
f 1408/1408 1415/1415 1414/1414
f 1409/1409 1410/1410 1416/1416
f 1409/1409 1416/1416 1415/1415
f 1411/1411 1412/1412 1418/1418
f 1411/1411 1418/1418 1417/1417
f 1412/1412 1413/1413 1419/1419
f 1412/1412 1419/1419 1418/1418
f 1413/1413 1414/1414 1420/1420
f 1413/1413 1420/1420 1419/1419
f 1414/1414 1415/1415 1421/1421
f 1414/1414 1421/1421 1420/1420
f 1415/1415 1416/1416 1422/1422
f 1415/1415 1422/1422 1421/1421
f 1417/1417 1418/1418 1424/1424
f 1417/1417 1424/1424 1423/1423
f 1418/1418 1419/1419 1425/1425
f 1418/1418 1425/1425 1424/1424
f 1419/1419 1420/1420 1426/1426
f 1419/1419 1426/1426 1425/1425
f 1420/1420 1421/1421 1427/1427
f 1420/1420 1427/1427 1426/1426
f 1421/1421 1422/1422 1428/1428
f 1421/1421 1428/1428 1427/1427
f 1423/1423 1424/1424 1430/1430
f 1423/1423 1430/1430 1429/1429
f 1424/1424 1425/1425 1431/1431
f 1424/1424 1431/1431 1430/1430
f 1425/1425 1426/1426 1432/1432
f 1425/1425 1432/1432 1431/1431
f 1426/1426 1427/1427 1433/1433
f 1426/1426 1433/1433 1432/1432
f 1427/1427 1428/1428 1434/1434
f 1427/1427 1434/1434 1433/1433
f 1429/1429 1430/1430 1436/1436
f 1429/1429 1436/1436 1435/1435
f 1430/1430 1431/1431 1437/1437
f 1430/1430 1437/1437 1436/1436
f 1431/1431 1432/1432 1438/1438
f 1431/1431 1438/1438 1437/1437
f 1432/1432 1433/1433 1439/1439
f 1432/1432 1439/1439 1438/1438
f 1433/1433 1434/1434 1440/1440
f 1433/1433 1440/1440 1439/1439
f 1435/1435 1436/1436 1442/1442
f 1435/1435 1442/1442 1441/1441
f 1436/1436 1437/1437 1443/1443
f 1436/1436 1443/1443 1442/1442
f 1437/1437 1438/1438 1444/1444
f 1437/1437 1444/1444 1443/1443
f 1438/1438 1439/1439 1445/1445
f 1438/1438 1445/1445 1444/1444
f 1439/1439 1440/1440 1446/1446
f 1439/1439 1446/1446 1445/1445
f 1441/1441 1442/1442 1448/1448
f 1441/1441 1448/1448 1447/1447
f 1442/1442 1443/1443 1449/1449
f 1442/1442 1449/1449 1448/1448
f 1443/1443 1444/1444 1450/1450
f 1443/1443 1450/1450 1449/1449
f 1444/1444 1445/1445 1451/1451
f 1444/1444 1451/1451 1450/1450
f 1445/1445 1446/1446 1452/1452
f 1445/1445 1452/1452 1451/1451
f 1447/1447 1448/1448 1454/1454
f 1447/1447 1454/1454 1453/1453
f 1448/1448 1449/1449 1455/1455
f 1448/1448 1455/1455 1454/1454
f 1449/1449 1450/1450 1456/1456
f 1449/1449 1456/1456 1455/1455
f 1450/1450 1451/1451 1457/1457
f 1450/1450 1457/1457 1456/1456
f 1451/1451 1452/1452 1458/1458
f 1451/1451 1458/1458 1457/1457
f 1453/1453 1454/1454 1460/1460
f 1453/1453 1460/1460 1459/1459
f 1454/1454 1455/1455 1461/1461
f 1454/1454 1461/1461 1460/1460
f 1455/1455 1456/1456 1462/1462
f 1455/1455 1462/1462 1461/1461
f 1456/1456 1457/1457 1463/1463
f 1456/1456 1463/1463 1462/1462
f 1457/1457 1458/1458 1464/1464
f 1457/1457 1464/1464 1463/1463
f 1459/1459 1460/1460 1466/1466
f 1459/1459 1466/1466 1465/1465
f 1460/1460 1461/1461 1467/1467
f 1460/1460 1467/1467 1466/1466
f 1461/1461 1462/1462 1468/1468
f 1461/1461 1468/1468 1467/1467
f 1462/1462 1463/1463 1469/1469
f 1462/1462 1469/1469 1468/1468
f 1463/1463 1464/1464 1470/1470
f 1463/1463 1470/1470 1469/1469
f 1465/1465 1466/1466 1472/1472
f 1465/1465 1472/1472 1471/1471
f 1466/1466 1467/1467 1473/1473
f 1466/1466 1473/1473 1472/1472
f 1467/1467 1468/1468 1474/1474
f 1467/1467 1474/1474 1473/1473
f 1468/1468 1469/1469 1475/1475
f 1468/1468 1475/1475 1474/1474
f 1469/1469 1470/1470 1476/1476
f 1469/1469 1476/1476 1475/1475
f 1471/1471 1472/1472 1478/1478
f 1471/1471 1478/1478 1477/1477
f 1472/1472 1473/1473 1479/1479
f 1472/1472 1479/1479 1478/1478
f 1473/1473 1474/1474 1480/1480
f 1473/1473 1480/1480 1479/1479
f 1474/1474 1475/1475 1481/1481
f 1474/1474 1481/1481 1480/1480
f 1475/1475 1476/1476 1482/1482
f 1475/1475 1482/1482 1481/1481
f 1477/1477 1478/1478 1484/1484
f 1477/1477 1484/1484 1483/1483
f 1478/1478 1479/1479 1485/1485
f 1478/1478 1485/1485 1484/1484
f 1479/1479 1480/1480 1486/1486
f 1479/1479 1486/1486 1485/1485
f 1480/1480 1481/1481 1487/1487
f 1480/1480 1487/1487 1486/1486
f 1481/1481 1482/1482 1488/1488
f 1481/1481 1488/1488 1487/1487
f 1483/1483 1484/1484 1490/1490
f 1483/1483 1490/1490 1489/1489
f 1484/1484 1485/1485 1491/1491
f 1484/1484 1491/1491 1490/1490
f 1485/1485 1486/1486 1492/1492
f 1485/1485 1492/1492 1491/1491
f 1486/1486 1487/1487 1493/1493
f 1486/1486 1493/1493 1492/1492
f 1487/1487 1488/1488 1494/1494
f 1487/1487 1494/1494 1493/1493
f 1489/1489 1490/1490 1496/1496
f 1489/1489 1496/1496 1495/1495
f 1490/1490 1491/1491 1497/1497
f 1490/1490 1497/1497 1496/1496
f 1491/1491 1492/1492 1498/1498
f 1491/1491 1498/1498 1497/1497
f 1492/1492 1493/1493 1499/1499
f 1492/1492 1499/1499 1498/1498
f 1493/1493 1494/1494 1500/1500
f 1493/1493 1500/1500 1499/1499
f 1495/1495 1496/1496 1502/1502
f 1495/1495 1502/1502 1501/1501
f 1496/1496 1497/1497 1503/1503
f 1496/1496 1503/1503 1502/1502
f 1497/1497 1498/1498 1504/1504
f 1497/1497 1504/1504 1503/1503
f 1498/1498 1499/1499 1505/1505
f 1498/1498 1505/1505 1504/1504
f 1499/1499 1500/1500 1506/1506
f 1499/1499 1506/1506 1505/1505
f 1501/1501 1502/1502 1508/1508
f 1501/1501 1508/1508 1507/1507
f 1502/1502 1503/1503 1509/1509
f 1502/1502 1509/1509 1508/1508
f 1503/1503 1504/1504 1510/1510
f 1503/1503 1510/1510 1509/1509
f 1504/1504 1505/1505 1511/1511
f 1504/1504 1511/1511 1510/1510
f 1505/1505 1506/1506 1512/1512
f 1505/1505 1512/1512 1511/1511
f 1507/1507 1508/1508 1514/1514
f 1507/1507 1514/1514 1513/1513
f 1508/1508 1509/1509 1515/1515
f 1508/1508 1515/1515 1514/1514
f 1509/1509 1510/1510 1516/1516
f 1509/1509 1516/1516 1515/1515
f 1510/1510 1511/1511 1517/1517
f 1510/1510 1517/1517 1516/1516
f 1511/1511 1512/1512 1518/1518
f 1511/1511 1518/1518 1517/1517
f 1513/1513 1514/1514 1520/1520
f 1513/1513 1520/1520 1519/1519
f 1514/1514 1515/1515 1521/1521
f 1514/1514 1521/1521 1520/1520
f 1515/1515 1516/1516 1522/1522
f 1515/1515 1522/1522 1521/1521
f 1516/1516 1517/1517 1523/1523
f 1516/1516 1523/1523 1522/1522
f 1517/1517 1518/1518 1524/1524
f 1517/1517 1524/1524 1523/1523
f 1519/1519 1520/1520 1526/1526
f 1519/1519 1526/1526 1525/1525
f 1520/1520 1521/1521 1527/1527
f 1520/1520 1527/1527 1526/1526
f 1521/1521 1522/1522 1528/1528
f 1521/1521 1528/1528 1527/1527
f 1522/1522 1523/1523 1529/1529
f 1522/1522 1529/1529 1528/1528
f 1523/1523 1524/1524 1530/1530
f 1523/1523 1530/1530 1529/1529
f 1525/1525 1526/1526 1532/1532
f 1525/1525 1532/1532 1531/1531
f 1526/1526 1527/1527 1533/1533
f 1526/1526 1533/1533 1532/1532
f 1527/1527 1528/1528 1534/1534
f 1527/1527 1534/1534 1533/1533
f 1528/1528 1529/1529 1535/1535
f 1528/1528 1535/1535 1534/1534
f 1529/1529 1530/1530 1536/1536
f 1529/1529 1536/1536 1535/1535
f 1531/1531 1532/1532 1538/1538
f 1531/1531 1538/1538 1537/1537
f 1532/1532 1533/1533 1539/1539
f 1532/1532 1539/1539 1538/1538
f 1533/1533 1534/1534 1540/1540
f 1533/1533 1540/1540 1539/1539
f 1534/1534 1535/1535 1541/1541
f 1534/1534 1541/1541 1540/1540
f 1535/1535 1536/1536 1542/1542
f 1535/1535 1542/1542 1541/1541
f 1537/1537 1538/1538 1544/1544
f 1537/1537 1544/1544 1543/1543
f 1538/1538 1539/1539 1545/1545
f 1538/1538 1545/1545 1544/1544
f 1539/1539 1540/1540 1546/1546
f 1539/1539 1546/1546 1545/1545
f 1540/1540 1541/1541 1547/1547
f 1540/1540 1547/1547 1546/1546
f 1541/1541 1542/1542 1548/1548
f 1541/1541 1548/1548 1547/1547
f 1543/1543 1544/1544 1550/1550
f 1543/1543 1550/1550 1549/1549
f 1544/1544 1545/1545 1551/1551
f 1544/1544 1551/1551 1550/1550
f 1545/1545 1546/1546 1552/1552
f 1545/1545 1552/1552 1551/1551
f 1546/1546 1547/1547 1553/1553
f 1546/1546 1553/1553 1552/1552
f 1547/1547 1548/1548 1554/1554
f 1547/1547 1554/1554 1553/1553
f 1549/1549 1550/1550 1556/1556
f 1549/1549 1556/1556 1555/1555
f 1550/1550 1551/1551 1557/1557
f 1550/1550 1557/1557 1556/1556
f 1551/1551 1552/1552 1558/1558
f 1551/1551 1558/1558 1557/1557
f 1552/1552 1553/1553 1559/1559
f 1552/1552 1559/1559 1558/1558
f 1553/1553 1554/1554 1560/1560
f 1553/1553 1560/1560 1559/1559
f 1555/1555 1556/1556 1562/1562
f 1555/1555 1562/1562 1561/1561
f 1556/1556 1557/1557 1563/1563
f 1556/1556 1563/1563 1562/1562
f 1557/1557 1558/1558 1564/1564
f 1557/1557 1564/1564 1563/1563
f 1558/1558 1559/1559 1565/1565
f 1558/1558 1565/1565 1564/1564
f 1559/1559 1560/1560 1566/1566
f 1559/1559 1566/1566 1565/1565
f 1561/1561 1562/1562 1568/1568
f 1561/1561 1568/1568 1567/1567
f 1562/1562 1563/1563 1569/1569
f 1562/1562 1569/1569 1568/1568
f 1563/1563 1564/1564 1570/1570
f 1563/1563 1570/1570 1569/1569
f 1564/1564 1565/1565 1571/1571
f 1564/1564 1571/1571 1570/1570
f 1565/1565 1566/1566 1572/1572
f 1565/1565 1572/1572 1571/1571
f 1567/1567 1568/1568 1574/1574
f 1567/1567 1574/1574 1573/1573
f 1568/1568 1569/1569 1575/1575
f 1568/1568 1575/1575 1574/1574
f 1569/1569 1570/1570 1576/1576
f 1569/1569 1576/1576 1575/1575
f 1570/1570 1571/1571 1577/1577
f 1570/1570 1577/1577 1576/1576
f 1571/1571 1572/1572 1578/1578
f 1571/1571 1578/1578 1577/1577
f 1573/1573 1574/1574 1580/1580
f 1573/1573 1580/1580 1579/1579
f 1574/1574 1575/1575 1581/1581
f 1574/1574 1581/1581 1580/1580
f 1575/1575 1576/1576 1582/1582
f 1575/1575 1582/1582 1581/1581
f 1576/1576 1577/1577 1583/1583
f 1576/1576 1583/1583 1582/1582
f 1577/1577 1578/1578 1584/1584
f 1577/1577 1584/1584 1583/1583
f 1579/1579 1580/1580 1586/1586
f 1579/1579 1586/1586 1585/1585
f 1580/1580 1581/1581 1587/1587
f 1580/1580 1587/1587 1586/1586
f 1581/1581 1582/1582 1588/1588
f 1581/1581 1588/1588 1587/1587
f 1582/1582 1583/1583 1589/1589
f 1582/1582 1589/1589 1588/1588
f 1583/1583 1584/1584 1590/1590
f 1583/1583 1590/1590 1589/1589
f 1585/1585 1586/1586 1592/1592
f 1585/1585 1592/1592 1591/1591
f 1586/1586 1587/1587 1593/1593
f 1586/1586 1593/1593 1592/1592
f 1587/1587 1588/1588 1594/1594
f 1587/1587 1594/1594 1593/1593
f 1588/1588 1589/1589 1595/1595
f 1588/1588 1595/1595 1594/1594
f 1589/1589 1590/1590 1596/1596
f 1589/1589 1596/1596 1595/1595
f 1591/1591 1592/1592 1598/1598
f 1591/1591 1598/1598 1597/1597
f 1592/1592 1593/1593 1599/1599
f 1592/1592 1599/1599 1598/1598
f 1593/1593 1594/1594 1600/1600
f 1593/1593 1600/1600 1599/1599
f 1594/1594 1595/1595 1601/1601
f 1594/1594 1601/1601 1600/1600
f 1595/1595 1596/1596 1602/1602
f 1595/1595 1602/1602 1601/1601
f 1597/1597 1598/1598 1604/1604
f 1597/1597 1604/1604 1603/1603
f 1598/1598 1599/1599 1605/1605
f 1598/1598 1605/1605 1604/1604
f 1599/1599 1600/1600 1606/1606
f 1599/1599 1606/1606 1605/1605
f 1600/1600 1601/1601 1607/1607
f 1600/1600 1607/1607 1606/1606
f 1601/1601 1602/1602 1608/1608
f 1601/1601 1608/1608 1607/1607
f 1603/1603 1604/1604 1610/1610
f 1603/1603 1610/1610 1609/1609
f 1604/1604 1605/1605 1611/1611
f 1604/1604 1611/1611 1610/1610
f 1605/1605 1606/1606 1612/1612
f 1605/1605 1612/1612 1611/1611
f 1606/1606 1607/1607 1613/1613
f 1606/1606 1613/1613 1612/1612
f 1607/1607 1608/1608 1614/1614
f 1607/1607 1614/1614 1613/1613
f 1609/1609 1610/1610 1616/1616
f 1609/1609 1616/1616 1615/1615
f 1610/1610 1611/1611 1617/1617
f 1610/1610 1617/1617 1616/1616
f 1611/1611 1612/1612 1618/1618
f 1611/1611 1618/1618 1617/1617
f 1612/1612 1613/1613 1619/1619
f 1612/1612 1619/1619 1618/1618
f 1613/1613 1614/1614 1620/1620
f 1613/1613 1620/1620 1619/1619
f 1615/1615 1616/1616 1622/1622
f 1615/1615 1622/1622 1621/1621
f 1616/1616 1617/1617 1623/1623
f 1616/1616 1623/1623 1622/1622
f 1617/1617 1618/1618 1624/1624
f 1617/1617 1624/1624 1623/1623
f 1618/1618 1619/1619 1625/1625
f 1618/1618 1625/1625 1624/1624
f 1619/1619 1620/1620 1626/1626
f 1619/1619 1626/1626 1625/1625
f 1621/1621 1622/1622 1628/1628
f 1621/1621 1628/1628 1627/1627
f 1622/1622 1623/1623 1629/1629
f 1622/1622 1629/1629 1628/1628
f 1623/1623 1624/1624 1630/1630
f 1623/1623 1630/1630 1629/1629
f 1624/1624 1625/1625 1631/1631
f 1624/1624 1631/1631 1630/1630
f 1625/1625 1626/1626 1632/1632
f 1625/1625 1632/1632 1631/1631
f 1627/1627 1628/1628 1634/1634
f 1627/1627 1634/1634 1633/1633
f 1628/1628 1629/1629 1635/1635
f 1628/1628 1635/1635 1634/1634
f 1629/1629 1630/1630 1636/1636
f 1629/1629 1636/1636 1635/1635
f 1630/1630 1631/1631 1637/1637
f 1630/1630 1637/1637 1636/1636
f 1631/1631 1632/1632 1638/1638
f 1631/1631 1638/1638 1637/1637
f 1633/1633 1634/1634 1640/1640
f 1633/1633 1640/1640 1639/1639
f 1634/1634 1635/1635 1641/1641
f 1634/1634 1641/1641 1640/1640
f 1635/1635 1636/1636 1642/1642
f 1635/1635 1642/1642 1641/1641
f 1636/1636 1637/1637 1643/1643
f 1636/1636 1643/1643 1642/1642
f 1637/1637 1638/1638 1644/1644
f 1637/1637 1644/1644 1643/1643
f 1639/1639 1640/1640 1646/1646
f 1639/1639 1646/1646 1645/1645
f 1640/1640 1641/1641 1647/1647
f 1640/1640 1647/1647 1646/1646
f 1641/1641 1642/1642 1648/1648
f 1641/1641 1648/1648 1647/1647
f 1642/1642 1643/1643 1649/1649
f 1642/1642 1649/1649 1648/1648
f 1643/1643 1644/1644 1650/1650
f 1643/1643 1650/1650 1649/1649
f 1645/1645 1646/1646 1652/1652
f 1645/1645 1652/1652 1651/1651
f 1646/1646 1647/1647 1653/1653
f 1646/1646 1653/1653 1652/1652
f 1647/1647 1648/1648 1654/1654
f 1647/1647 1654/1654 1653/1653
f 1648/1648 1649/1649 1655/1655
f 1648/1648 1655/1655 1654/1654
f 1649/1649 1650/1650 1656/1656
f 1649/1649 1656/1656 1655/1655
f 1651/1651 1652/1652 1658/1658
f 1651/1651 1658/1658 1657/1657
f 1652/1652 1653/1653 1659/1659
f 1652/1652 1659/1659 1658/1658
f 1653/1653 1654/1654 1660/1660
f 1653/1653 1660/1660 1659/1659
f 1654/1654 1655/1655 1661/1661
f 1654/1654 1661/1661 1660/1660
f 1655/1655 1656/1656 1662/1662
f 1655/1655 1662/1662 1661/1661
f 1657/1657 1658/1658 1664/1664
f 1657/1657 1664/1664 1663/1663
f 1658/1658 1659/1659 1665/1665
f 1658/1658 1665/1665 1664/1664
f 1659/1659 1660/1660 1666/1666
f 1659/1659 1666/1666 1665/1665
f 1660/1660 1661/1661 1667/1667
f 1660/1660 1667/1667 1666/1666
f 1661/1661 1662/1662 1668/1668
f 1661/1661 1668/1668 1667/1667
f 1663/1663 1664/1664 1670/1670
f 1663/1663 1670/1670 1669/1669
f 1664/1664 1665/1665 1671/1671
f 1664/1664 1671/1671 1670/1670
f 1665/1665 1666/1666 1672/1672
f 1665/1665 1672/1672 1671/1671
f 1666/1666 1667/1667 1673/1673
f 1666/1666 1673/1673 1672/1672
f 1667/1667 1668/1668 1674/1674
f 1667/1667 1674/1674 1673/1673
f 1669/1669 1670/1670 1676/1676
f 1669/1669 1676/1676 1675/1675
f 1670/1670 1671/1671 1677/1677
f 1670/1670 1677/1677 1676/1676
f 1671/1671 1672/1672 1678/1678
f 1671/1671 1678/1678 1677/1677
f 1672/1672 1673/1673 1679/1679
f 1672/1672 1679/1679 1678/1678
f 1673/1673 1674/1674 1680/1680
f 1673/1673 1680/1680 1679/1679
f 1675/1675 1676/1676 1682/1682
f 1675/1675 1682/1682 1681/1681
f 1676/1676 1677/1677 1683/1683
f 1676/1676 1683/1683 1682/1682
f 1677/1677 1678/1678 1684/1684
f 1677/1677 1684/1684 1683/1683
f 1678/1678 1679/1679 1685/1685
f 1678/1678 1685/1685 1684/1684
f 1679/1679 1680/1680 1686/1686
f 1679/1679 1686/1686 1685/1685
f 1681/1681 1682/1682 1688/1688
f 1681/1681 1688/1688 1687/1687
f 1682/1682 1683/1683 1689/1689
f 1682/1682 1689/1689 1688/1688
f 1683/1683 1684/1684 1690/1690
f 1683/1683 1690/1690 1689/1689
f 1684/1684 1685/1685 1691/1691
f 1684/1684 1691/1691 1690/1690
f 1685/1685 1686/1686 1692/1692
f 1685/1685 1692/1692 1691/1691
