mtllib neutron_corona.mtl
o neutron_corona
v 25.496345 22.250309 -2.232477
v 26.803850 23.456574 -1.566092
v 27.761010 24.334765 -0.811459
v 28.111355 24.655567 0.000000
v 27.761010 24.334765 0.811459
v 26.803850 23.456574 1.566092
v 25.496345 22.250309 2.232477
v 26.565868 24.720411 -2.262724
v 27.928220 26.052965 -1.511329
v 28.925531 27.020489 -0.665152
v 29.290572 27.368736 0.238709
v 28.925531 27.004776 1.136357
v 27.928220 26.022640 1.965530
v 26.565868 24.677182 2.693567
v 27.511247 27.287490 -2.258704
v 28.922080 28.750049 -1.417164
v 29.954881 29.809083 -0.474583
v 30.332913 30.184522 0.525685
v 29.954881 29.774480 1.512272
v 28.922080 28.683267 2.417406
v 27.511247 27.192292 3.207507
v 28.320654 29.938848 -2.218106
v 29.772996 31.534403 -1.281615
v 30.836183 32.686585 -0.238162
v 31.225337 33.088742 0.862065
v 30.836183 32.629841 1.939859
v 29.772996 31.424889 2.921901
v 28.320654 29.782734 3.774039
v 28.983368 32.660668 -2.139308
v 30.469695 34.391453 -1.103460
v 31.557762 35.637867 0.044870
v 31.956022 36.066057 1.248109
v 31.557762 35.555712 2.418868
v 30.469695 34.232897 3.478287
v 28.983368 32.434644 4.392009
v 29.489872 35.438138 -2.021436
v 31.002173 37.305607 -0.882300
v 32.109254 38.646774 0.374389
v 32.514474 39.100123 1.683145
v 32.109254 38.535983 2.948101
v 31.002173 37.091784 4.084887
v 29.489872 35.133332 5.059329
v 29.831939 38.255596 -1.864406
v 31.361782 40.260403 -0.618595
v 32.481705 41.696282 0.749350
v 32.891625 42.173747 2.165541
v 32.481705 41.553738 3.525379
v 31.361782 39.985298 4.739058
v 29.831939 37.863432 5.772972
v 30.002717 41.096672 -1.668950
v 31.541318 43.238667 -0.313689
v 32.667652 44.768662 1.167770
v 33.079919 45.269051 2.692692
v 32.667652 44.591419 4.147543
v 31.541318 42.896594 5.437184
v 30.002717 40.609044 6.528966
v 29.996786 43.944444 -1.436621
v 31.535082 46.222675 0.030193
v 32.661194 47.845642 1.626734
v 33.073379 48.367643 3.261032
v 32.661194 47.630989 4.810468
v 31.535082 45.808402 6.174704
v 29.996786 43.353893 7.322429
v 29.810213 46.781597 -1.169784
v 31.338942 49.194318 0.409962
v 32.458050 50.908583 2.122419
v 32.867671 51.450787 3.866061
v 32.458050 50.654105 5.509097
v 31.338942 48.703183 6.946148
v 29.810213 46.081480 8.147603
v 29.440595 49.590585 -0.871577
v 30.950369 52.135269 0.821703
v 32.055601 53.938650 2.650140
v 32.460143 54.499580 4.502402
v 32.055601 53.642285 6.237500
v 30.950369 51.563294 7.745201
v 29.440595 48.775231 8.997924
v 28.887078 52.353789 -0.545871
v 30.368466 55.027150 1.260734
v 31.452918 56.916982 3.204416
v 31.849855 57.495118 5.163874
v 31.452918 56.577077 6.988953
v 30.368466 54.371144 8.564778
v 28.887078 51.418647 9.866102
v 28.150371 55.053677 -0.197195
v 29.593980 57.851700 1.721681
v 30.650775 59.824860 3.779054
v 31.037589 60.418665 5.843575
v 30.650775 59.440215 7.756030
v 29.593980 57.109346 9.397126
v 28.150371 53.995445 10.744213
v 27.232748 57.672958 0.169342
v 28.629299 60.590932 2.198572
v 29.651645 62.643872 4.367251
v 30.025850 63.251817 6.533999
v 29.651645 62.213781 8.530715
v 28.629299 59.760868 10.233933
v 27.232748 56.489695 11.623815
v 26.138025 60.194734 0.548151
v 27.478437 63.227286 2.684939
v 28.459686 65.356065 4.961706
v 28.818849 65.976651 7.227152
v 28.459686 64.880348 9.304528
v 27.478437 62.309165 11.066456
v 26.138025 58.885947 12.496072
v 24.871537 62.602644 0.933266
v 26.147001 65.743779 3.173942
v 27.080705 67.944095 5.554753
v 27.422464 68.575871 7.914689
v 27.080705 67.423121 10.068665
v 26.147001 64.738315 11.885659
v 24.871537 61.169348 13.351888
v 23.440090 64.880994 1.318465
v 24.642146 68.124141 3.658495
v 25.522112 70.391364 6.138493
v 25.844202 71.032949 8.588058
v 25.522112 69.826067 10.814139
v 24.642146 67.033134 12.682352
v 23.440090 63.325755 14.182047
v 21.851906 67.014888 1.697392
v 22.972517 70.352942 4.131397
v 23.792860 72.682150 6.704943
v 24.093127 73.332240 9.238647
v 23.792860 72.074029 11.531936
v 22.972517 69.179286 13.447351
v 21.851906 65.341832 14.977360
v 20.116555 68.990341 2.063689
v 21.148173 72.415714 4.585477
v 21.903370 74.801722 7.246178
v 22.179791 75.459103 9.857938
v 21.903370 74.152837 12.213169
v 21.148173 71.163385 14.171623
v 20.116555 67.205136 15.728818
v 18.244873 70.794390 2.411119
v 19.180508 74.299051 5.013728
v 19.865440 76.736448 7.754483
v 20.116143 77.400003 10.437665
v 19.865440 76.049403 12.849232
v 19.180508 72.973075 14.846441
v 18.244873 68.904200 16.427731
v 16.248872 72.415183 2.733697
v 17.082148 75.990714 5.409447
v 17.692148 78.473887 8.222496
v 17.915423 79.142596 10.969956
v 17.692148 77.751804 13.431949
v 17.082148 74.597116 15.463535
v 16.248872 70.428599 17.065881
v 14.141634 73.842070 3.025812
v 14.866846 77.479706 5.766364
v 15.397739 80.002874 8.643350
v 15.592058 80.675817 11.447484
v 15.397739 79.249359 13.953724
v 14.866846 76.025445 16.015229
v 14.141634 71.769008 17.635652
v 11.937202 75.065672 3.282341
v 12.549366 78.756355 6.078769
v 12.997502 81.313594 9.010797
v 13.161531 81.989940 11.863596
v 12.997502 80.532689 14.407672
v 12.549366 77.249232 16.494577
v 11.937202 72.917256 18.130160
v 9.650457 76.077950 3.498757
v 10.145352 79.812372 6.341623
v 10.507640 82.397640 9.319338
v 10.640247 83.076645 12.212441
v 10.507640 81.593773 14.787744
v 10.145352 78.260932 16.895484
v 9.650457 73.866361 18.543371
v 7.296991 76.872255 3.671221
v 7.671196 80.640903 6.550660
v 7.945132 83.248066 9.564317
v 8.045400 83.929057 12.489074
v 7.945132 82.425990 15.088832
v 7.671196 79.054321 17.212808
v 7.296991 74.610569 18.870200
v 4.892973 77.443369 3.796659
v 5.143895 81.236577 6.702467
v 5.327583 83.859429 9.742019
v 5.394817 84.541794 12.689551
v 5.327583 83.024157 15.306867
v 5.143895 79.624526 17.442457
v 4.892973 75.145378 19.106601
v 2.455010 77.787544 3.872832
v 2.580908 81.595532 6.794560
v 2.673072 84.227817 9.849738
v 2.706806 84.910989 12.811001
v 2.673072 83.384550 15.438887
v 2.580908 79.968053 17.581451
v 2.455010 75.467559 19.249632
v 0.000000 77.902520 3.898375
v 0.000000 81.715443 6.825427
v 0.000000 84.350875 9.885829
v 0.000000 85.034313 12.851679
v 0.000000 83.504931 15.483095
v 0.000000 80.082796 17.627985
v 0.000000 75.575169 19.297509
v -2.455010 77.787544 3.872832
v -2.580908 81.595532 6.794560
v -2.673072 84.227817 9.849738
v -2.706806 84.910989 12.811001
v -2.673072 83.384550 15.438887
v -2.580908 79.968053 17.581451
v -2.455010 75.467559 19.249632
v -4.892973 77.443369 3.796659
v -5.143895 81.236577 6.702467
v -5.327583 83.859429 9.742019
v -5.394817 84.541794 12.689551
v -5.327583 83.024157 15.306867
v -5.143895 79.624526 17.442457
v -4.892973 75.145378 19.106601
v -7.296991 76.872255 3.671221
v -7.671196 80.640903 6.550660
v -7.945132 83.248066 9.564317
v -8.045400 83.929057 12.489074
v -7.945132 82.425990 15.088832
v -7.671196 79.054321 17.212808
v -7.296991 74.610569 18.870200
v -9.650457 76.077950 3.498757
v -10.145352 79.812372 6.341623
v -10.507640 82.397640 9.319338
v -10.640247 83.076645 12.212441
v -10.507640 81.593773 14.787744
v -10.145352 78.260932 16.895484
v -9.650457 73.866361 18.543371
v -11.937202 75.065672 3.282341
v -12.549366 78.756355 6.078769
v -12.997502 81.313594 9.010797
v -13.161531 81.989940 11.863596
v -12.997502 80.532689 14.407672
v -12.549366 77.249232 16.494577
v -11.937202 72.917256 18.130160
v -14.141634 73.842070 3.025812
v -14.866846 77.479706 5.766364
v -15.397739 80.002874 8.643350
v -15.592058 80.675817 11.447484
v -15.397739 79.249359 13.953724
v -14.866846 76.025445 16.015229
v -14.141634 71.769008 17.635652
v -16.248872 72.415183 2.733697
v -17.082148 75.990714 5.409447
v -17.692148 78.473887 8.222496
v -17.915423 79.142596 10.969956
v -17.692148 77.751804 13.431949
v -17.082148 74.597116 15.463535
v -16.248872 70.428599 17.065881
v -18.244873 70.794390 2.411119
v -19.180508 74.299051 5.013728
v -19.865440 76.736448 7.754483
v -20.116143 77.400003 10.437665
v -19.865440 76.049403 12.849232
v -19.180508 72.973075 14.846441
v -18.244873 68.904200 16.427731
v -20.116555 68.990341 2.063689
v -21.148173 72.415714 4.585477
v -21.903370 74.801722 7.246178
v -22.179791 75.459103 9.857938
v -21.903370 74.152837 12.213169
v -21.148173 71.163385 14.171623
v -20.116555 67.205136 15.728818
v -21.851906 67.014888 1.697392
v -22.972517 70.352942 4.131397
v -23.792860 72.682150 6.704943
v -24.093127 73.332240 9.238647
v -23.792860 72.074029 11.531936
v -22.972517 69.179286 13.447351
v -21.851906 65.341832 14.977360
v -23.440090 64.880994 1.318465
v -24.642146 68.124141 3.658495
v -25.522112 70.391364 6.138493
v -25.844202 71.032949 8.588058
v -25.522112 69.826067 10.814139
v -24.642146 67.033134 12.682352
v -23.440090 63.325755 14.182047
v -24.871537 62.602644 0.933266
v -26.147001 65.743779 3.173942
v -27.080705 67.944095 5.554753
v -27.422464 68.575871 7.914689
v -27.080705 67.423121 10.068665
v -26.147001 64.738315 11.885659
v -24.871537 61.169348 13.351888
v -26.138025 60.194734 0.548151
v -27.478437 63.227286 2.684939
v -28.459686 65.356065 4.961706
v -28.818849 65.976651 7.227152
v -28.459686 64.880348 9.304528
v -27.478437 62.309165 11.066456
v -26.138025 58.885947 12.496072
v -27.232748 57.672958 0.169342
v -28.629299 60.590932 2.198572
v -29.651645 62.643872 4.367251
v -30.025850 63.251817 6.533999
v -29.651645 62.213781 8.530715
v -28.629299 59.760868 10.233933
v -27.232748 56.489695 11.623815
v -28.150371 55.053677 -0.197195
v -29.593980 57.851700 1.721681
v -30.650775 59.824860 3.779054
v -31.037589 60.418665 5.843575
v -30.650775 59.440215 7.756030
v -29.593980 57.109346 9.397126
v -28.150371 53.995445 10.744213
v -28.887078 52.353789 -0.545871
v -30.368466 55.027150 1.260734
v -31.452918 56.916982 3.204416
v -31.849855 57.495118 5.163874
v -31.452918 56.577077 6.988953
v -30.368466 54.371144 8.564778
v -28.887078 51.418647 9.866102
v -29.440595 49.590585 -0.871577
v -30.950369 52.135269 0.821703
v -32.055601 53.938650 2.650140
v -32.460143 54.499580 4.502402
v -32.055601 53.642285 6.237500
v -30.950369 51.563294 7.745201
v -29.440595 48.775231 8.997924
v -29.810213 46.781597 -1.169784
v -31.338942 49.194318 0.409962
v -32.458050 50.908583 2.122419
v -32.867671 51.450787 3.866061
v -32.458050 50.654105 5.509097
v -31.338942 48.703183 6.946148
v -29.810213 46.081480 8.147603
v -29.996786 43.944444 -1.436621
v -31.535082 46.222675 0.030193
v -32.661194 47.845642 1.626734
v -33.073379 48.367643 3.261032
v -32.661194 47.630989 4.810468
v -31.535082 45.808402 6.174704
v -29.996786 43.353893 7.322429
v -30.002717 41.096672 -1.668950
v -31.541318 43.238667 -0.313689
v -32.667652 44.768662 1.167770
v -33.079919 45.269051 2.692692
v -32.667652 44.591419 4.147543
v -31.541318 42.896594 5.437184
v -30.002717 40.609044 6.528966
v -29.831939 38.255596 -1.864406
v -31.361782 40.260403 -0.618595
v -32.481705 41.696282 0.749350
v -32.891625 42.173747 2.165541
v -32.481705 41.553738 3.525379
v -31.361782 39.985298 4.739058
v -29.831939 37.863432 5.772972
v -29.489872 35.438138 -2.021436
v -31.002173 37.305607 -0.882300
v -32.109254 38.646774 0.374389
v -32.514474 39.100123 1.683145
v -32.109254 38.535983 2.948101
v -31.002173 37.091784 4.084887
v -29.489872 35.133332 5.059329
v -28.983368 32.660668 -2.139308
v -30.469695 34.391453 -1.103460
v -31.557762 35.637867 0.044870
v -31.956022 36.066057 1.248109
v -31.557762 35.555712 2.418868
v -30.469695 34.232897 3.478287
v -28.983368 32.434644 4.392009
v -28.320654 29.938848 -2.218106
v -29.772996 31.534403 -1.281615
v -30.836183 32.686585 -0.238162
v -31.225337 33.088742 0.862065
v -30.836183 32.629841 1.939859
v -29.772996 31.424889 2.921901
v -28.320654 29.782734 3.774039
v -27.511247 27.287490 -2.258704
v -28.922080 28.750049 -1.417164
v -29.954881 29.809083 -0.474583
v -30.332913 30.184522 0.525685
v -29.954881 29.774480 1.512272
v -28.922080 28.683267 2.417406
v -27.511247 27.192292 3.207507
v -26.565868 24.720411 -2.262724
v -27.928220 26.052965 -1.511329
v -28.925531 27.020489 -0.665152
v -29.290572 27.368736 0.238709
v -28.925531 27.004776 1.136357
v -27.928220 26.022640 1.965530
v -26.565868 24.677182 2.693567
v -25.496345 22.250309 -2.232477
v -26.803850 23.456574 -1.566092
v -27.761010 24.334765 -0.811459
v -28.111355 24.655567 0.000000
v -27.761010 24.334765 0.811459
v -26.803850 23.456574 1.566092
v -25.496345 22.250309 2.232477
v 25.496345 13.058537 18.153094
v 26.803850 13.084563 19.530943
v 27.761010 12.870127 20.668795
v 28.111355 12.327783 21.352347
v 27.761010 11.464638 21.480254
v 26.803850 10.372011 21.097035
v 25.496345 9.191772 20.385571
v 26.565868 14.319782 20.277142
v 27.928220 14.335332 21.806865
v 28.925531 14.086283 23.067854
v 29.290572 13.477640 23.821375
v 28.925531 12.518274 23.955001
v 27.928220 11.309121 23.519032
v 26.565868 10.005893 22.717850
v 27.511247 15.599840 22.502307
v 28.922080 15.602325 24.189690
v 29.954881 15.315542 25.578132
v 30.332913 14.637005 26.403405
v 29.954881 13.577574 26.541592
v 28.922080 12.248099 26.049141
v 27.511247 10.818363 25.152969
v 28.320654 16.890360 24.818750
v 29.772996 16.877113 26.668787
v 30.836183 16.549547 28.188332
v 31.225337 15.797801 29.086724
v 30.836183 14.634954 29.228201
v 29.772996 13.182004 28.675702
v 28.320654 11.622953 27.679624
v 28.983368 18.183029 27.215314
v 30.469695 18.151351 29.232143
v 31.557762 17.780075 30.885733
v 31.956022 16.952135 31.858176
v 31.557762 15.683054 32.001584
v 30.469695 14.104164 31.385702
v 28.983368 12.413731 30.285230
v 29.489872 19.469684 29.679610
v 31.002173 19.416897 31.866453
v 32.109254 18.999157 33.656282
v 32.514474 18.092415 34.703272
v 32.109254 16.714861 34.847191
v 31.002173 15.008276 34.164871
v 29.489872 13.185158 32.956023
v 29.831939 20.742421 32.198115
v 31.361782 20.665921 34.557234
v 32.481705 20.199185 36.484715
v 32.891625 19.211460 37.606307
v 32.481705 17.723802 37.749283
v 31.361782 15.888504 36.997812
v 29.831939 13.932176 35.677180
v 30.002717 21.993689 34.756287
v 31.541318 21.890996 37.288940
v 32.667652 21.373012 39.354684
v 33.079919 20.302586 40.550494
v 32.667652 18.703832 40.691073
v 31.541318 16.739558 39.868132
v 30.002717 14.650271 38.432947
v 29.996786 23.216372 37.338694
v 31.535082 23.085190 40.045108
v 32.661194 22.514028 42.248908
v 33.073379 21.359685 43.518123
v 32.661194 19.649507 43.654880
v 31.535082 17.556750 42.758592
v 29.996786 15.335537 41.206787
v 29.810213 24.403861 39.929160
v 31.338942 24.242121 42.808510
v 32.458050 23.616222 45.149336
v 32.867671 22.377287 46.490719
v 32.458050 20.556035 46.622290
v 31.338942 18.336051 45.651268
v 29.810213 15.984709 43.981534
v 29.440595 25.550101 42.510918
v 30.950369 25.356018 45.561319
v 32.055601 24.674236 48.037311
v 32.460143 23.350595 49.449222
v 32.055601 21.419309 49.574332
v 30.950369 19.074106 48.527723
v 29.440595 16.595184 46.739551
v 28.887078 26.649633 45.066776
v 30.368466 26.421747 48.285277
v 31.452918 25.683385 50.893760
v 31.849855 24.275513 52.374169
v 31.452918 22.235927 52.491663
v 30.368466 19.768257 51.369181
v 28.887078 17.165029 49.462905
v 28.150371 27.697614 47.579285
v 29.593980 27.434830 50.961883
v 30.650775 26.639673 53.699376
v 31.037589 25.148648 55.245886
v 30.650775 23.003189 55.354751
v 29.593980 20.416524 54.156707
v 28.150371 17.692962 52.133533
v 27.232748 28.689824 50.030918
v 28.629299 28.391447 53.572572
v 29.651645 27.539786 56.434810
v 30.025850 25.967300 58.044680
v 29.651645 23.719075 58.144072
v 28.629299 21.017588 56.871396
v 27.232748 18.178329 54.733418
v 26.138025 29.622654 52.404245
v 27.478437 29.288417 56.098905
v 28.459686 28.381069 59.080866
v 28.818849 26.729428 60.751031
v 28.459686 24.382216 60.840293
v 27.478437 21.570750 59.494548
v 26.138025 18.621057 57.244762
v 24.871537 30.493090 54.682113
v 26.147001 30.123175 58.522754
v 27.080705 29.161490 61.618688
v 27.422464 27.433614 63.345791
v 27.080705 24.991841 63.424468
v 26.147001 22.075875 62.007855
v 24.871537 19.021600 59.650153
v 23.440090 31.298673 56.847821
v 24.642146 30.893721 60.826484
v 25.522112 29.879591 64.029956
v 25.844202 28.078998 65.810367
v 25.522112 25.547714 65.878217
v 24.642146 22.533328 64.393573
v 23.440090 19.380865 61.932736
v 21.851906 32.037459 58.885291
v 22.972517 31.598576 62.993134
v 23.792860 30.534424 66.297060
v 24.093127 28.665217 68.126906
v 23.792860 26.050064 68.183908
v 22.972517 22.943896 66.634695
v 21.851906 19.700141 64.076366
v 20.116555 32.707963 60.779233
v 21.148173 32.236717 65.006586
v 21.903370 31.125487 68.403280
v 22.179791 29.192326 70.278470
v 21.903370 26.499504 70.324825
v 21.148173 23.308707 68.715110
v 20.116555 19.981012 66.065764
v 18.244873 33.309104 62.515300
v 19.180508 32.807510 66.851730
v 19.865440 31.652645 70.332955
v 20.116143 29.660718 72.249201
v 19.865440 26.896941 72.285331
v 19.180508 23.629142 70.619757
v 18.244873 20.225267 67.886653
v 16.248872 33.840140 64.080237
v 17.082148 33.310639 68.514612
v 17.692148 32.116053 72.071628
v 17.915423 30.071037 74.024477
v 17.692148 27.243493 74.051012
v 17.082148 23.906744 72.334765
v 16.248872 20.434813 69.525896
v 14.141634 34.300605 65.462014
v 14.866846 33.746036 69.982576
v 15.397739 32.516077 73.606196
v 15.592058 30.424096 75.591049
v 15.397739 27.540400 75.608821
v 14.866846 24.143128 73.847581
v 14.141634 20.611582 70.971610
v 11.937202 34.690245 66.649950
v 12.549366 34.113809 71.244389
v 12.997502 32.853218 74.925037
v 13.161531 30.720794 76.937169
v 12.997502 27.788934 76.947191
v 12.549366 24.339893 75.147086
v 11.937202 20.757449 72.213276
v 9.650457 35.008962 67.634816
v 10.145352 34.414179 72.290353
v 10.507640 33.128037 76.018119
v 10.640247 30.962038 78.052705
v 10.507640 27.990325 78.056152
v 10.145352 24.498548 76.223697
v 9.650457 20.874150 73.241830
v 7.296991 35.256757 68.408936
v 7.671196 34.647414 73.112401
v 7.945132 33.341092 76.877099
v 8.045400 31.148673 78.929233
v 7.945132 28.145683 78.927418
v 7.671196 24.620431 77.069454
v 7.296991 20.963212 74.049748
v 4.892973 35.433681 68.966255
v 5.143895 34.813782 73.704173
v 5.327583 33.492878 77.495405
v 5.394817 31.281424 79.560117
v 5.327583 28.255943 79.554462
v 5.143895 24.706653 77.678091
v 4.892973 21.025887 74.631107
v 2.455010 35.539801 69.302405
v 2.580908 34.913504 74.061084
v 2.673072 33.583785 77.868298
v 2.706806 31.360842 79.940574
v 2.673072 28.321806 79.932582
v 2.580908 24.758043 78.045091
v 2.455010 21.063109 74.981639
v 0.000000 35.575168 69.414749
v 0.000000 34.946728 74.180363
v 0.000000 33.614059 77.992915
v 0.000000 31.387276 80.067715
v 0.000000 28.343712 80.058939
v 0.000000 24.775115 78.167728
v 0.000000 21.075452 75.098771
v -2.455010 35.539801 69.302405
v -2.580908 34.913504 74.061084
v -2.673072 33.583785 77.868298
v -2.706806 31.360842 79.940574
v -2.673072 28.321806 79.932582
v -2.580908 24.758043 78.045091
v -2.455010 21.063109 74.981639
v -4.892973 35.433681 68.966255
v -5.143895 34.813782 73.704173
v -5.327583 33.492878 77.495405
v -5.394817 31.281424 79.560117
v -5.327583 28.255943 79.554462
v -5.143895 24.706653 77.678091
v -4.892973 21.025887 74.631107
v -7.296991 35.256757 68.408936
v -7.671196 34.647414 73.112401
v -7.945132 33.341092 76.877099
v -8.045400 31.148673 78.929233
v -7.945132 28.145683 78.927418
v -7.671196 24.620431 77.069454
v -7.296991 20.963212 74.049748
v -9.650457 35.008962 67.634816
v -10.145352 34.414179 72.290353
v -10.507640 33.128037 76.018119
v -10.640247 30.962038 78.052705
v -10.507640 27.990325 78.056152
v -10.145352 24.498548 76.223697
v -9.650457 20.874150 73.241830
v -11.937202 34.690245 66.649950
v -12.549366 34.113809 71.244389
v -12.997502 32.853218 74.925037
v -13.161531 30.720794 76.937169
v -12.997502 27.788934 76.947191
v -12.549366 24.339893 75.147086
v -11.937202 20.757449 72.213276
v -14.141634 34.300605 65.462014
v -14.866846 33.746036 69.982576
v -15.397739 32.516077 73.606196
v -15.592058 30.424096 75.591049
v -15.397739 27.540400 75.608821
v -14.866846 24.143128 73.847581
v -14.141634 20.611582 70.971610
v -16.248872 33.840140 64.080237
v -17.082148 33.310639 68.514612
v -17.692148 32.116053 72.071628
v -17.915423 30.071037 74.024477
v -17.692148 27.243493 74.051012
v -17.082148 23.906744 72.334765
v -16.248872 20.434813 69.525896
v -18.244873 33.309104 62.515300
v -19.180508 32.807510 66.851730
v -19.865440 31.652645 70.332955
v -20.116143 29.660718 72.249201
v -19.865440 26.896941 72.285331
v -19.180508 23.629142 70.619757
v -18.244873 20.225267 67.886653
v -20.116555 32.707963 60.779233
v -21.148173 32.236717 65.006586
v -21.903370 31.125487 68.403280
v -22.179791 29.192326 70.278470
v -21.903370 26.499504 70.324825
v -21.148173 23.308707 68.715110
v -20.116555 19.981012 66.065764
v -21.851906 32.037459 58.885291
v -22.972517 31.598576 62.993134
v -23.792860 30.534424 66.297060
v -24.093127 28.665217 68.126906
v -23.792860 26.050064 68.183908
v -22.972517 22.943896 66.634695
v -21.851906 19.700141 64.076366
v -23.440090 31.298673 56.847821
v -24.642146 30.893721 60.826484
v -25.522112 29.879591 64.029956
v -25.844202 28.078998 65.810367
v -25.522112 25.547714 65.878217
v -24.642146 22.533328 64.393573
v -23.440090 19.380865 61.932736
v -24.871537 30.493090 54.682113
v -26.147001 30.123175 58.522754
v -27.080705 29.161490 61.618688
v -27.422464 27.433614 63.345791
v -27.080705 24.991841 63.424468
v -26.147001 22.075875 62.007855
v -24.871537 19.021600 59.650153
v -26.138025 29.622654 52.404245
v -27.478437 29.288417 56.098905
v -28.459686 28.381069 59.080866
v -28.818849 26.729428 60.751031
v -28.459686 24.382216 60.840293
v -27.478437 21.570750 59.494548
v -26.138025 18.621057 57.244762
v -27.232748 28.689824 50.030918
v -28.629299 28.391447 53.572572
v -29.651645 27.539786 56.434810
v -30.025850 25.967300 58.044680
v -29.651645 23.719075 58.144072
v -28.629299 21.017588 56.871396
v -27.232748 18.178329 54.733418
v -28.150371 27.697614 47.579285
v -29.593980 27.434830 50.961883
v -30.650775 26.639673 53.699376
v -31.037589 25.148648 55.245886
v -30.650775 23.003189 55.354751
v -29.593980 20.416524 54.156707
v -28.150371 17.692962 52.133533
v -28.887078 26.649633 45.066776
v -30.368466 26.421747 48.285277
v -31.452918 25.683385 50.893760
v -31.849855 24.275513 52.374169
v -31.452918 22.235927 52.491663
v -30.368466 19.768257 51.369181
v -28.887078 17.165029 49.462905
v -29.440595 25.550101 42.510918
v -30.950369 25.356018 45.561319
v -32.055601 24.674236 48.037311
v -32.460143 23.350595 49.449222
v -32.055601 21.419309 49.574332
v -30.950369 19.074106 48.527723
v -29.440595 16.595184 46.739551
v -29.810213 24.403861 39.929160
v -31.338942 24.242121 42.808510
v -32.458050 23.616222 45.149336
v -32.867671 22.377287 46.490719
v -32.458050 20.556035 46.622290
v -31.338942 18.336051 45.651268
v -29.810213 15.984709 43.981534
v -29.996786 23.216372 37.338694
v -31.535082 23.085190 40.045108
v -32.661194 22.514028 42.248908
v -33.073379 21.359685 43.518123
v -32.661194 19.649507 43.654880
v -31.535082 17.556750 42.758592
v -29.996786 15.335537 41.206787
v -30.002717 21.993689 34.756287
v -31.541318 21.890996 37.288940
v -32.667652 21.373012 39.354684
v -33.079919 20.302586 40.550494
v -32.667652 18.703832 40.691073
v -31.541318 16.739558 39.868132
v -30.002717 14.650271 38.432947
v -29.831939 20.742421 32.198115
v -31.361782 20.665921 34.557234
v -32.481705 20.199185 36.484715
v -32.891625 19.211460 37.606307
v -32.481705 17.723802 37.749283
v -31.361782 15.888504 36.997812
v -29.831939 13.932176 35.677180
v -29.489872 19.469684 29.679610
v -31.002173 19.416897 31.866453
v -32.109254 18.999157 33.656282
v -32.514474 18.092415 34.703272
v -32.109254 16.714861 34.847191
v -31.002173 15.008276 34.164871
v -29.489872 13.185158 32.956023
v -28.983368 18.183029 27.215314
v -30.469695 18.151351 29.232143
v -31.557762 17.780075 30.885733
v -31.956022 16.952135 31.858176
v -31.557762 15.683054 32.001584
v -30.469695 14.104164 31.385702
v -28.983368 12.413731 30.285230
v -28.320654 16.890360 24.818750
v -29.772996 16.877113 26.668787
v -30.836183 16.549547 28.188332
v -31.225337 15.797801 29.086724
v -30.836183 14.634954 29.228201
v -29.772996 13.182004 28.675702
v -28.320654 11.622953 27.679624
v -27.511247 15.599840 22.502307
v -28.922080 15.602325 24.189690
v -29.954881 15.315542 25.578132
v -30.332913 14.637005 26.403405
v -29.954881 13.577574 26.541592
v -28.922080 12.248099 26.049141
v -27.511247 10.818363 25.152969
v -26.565868 14.319782 20.277142
v -27.928220 14.335332 21.806865
v -28.925531 14.086283 23.067854
v -29.290572 13.477640 23.821375
v -28.925531 12.518274 23.955001
v -27.928220 11.309121 23.519032
v -26.565868 10.005893 22.717850
v -25.496345 13.058537 18.153094
v -26.803850 13.084563 19.530943
v -27.761010 12.870127 20.668795
v -28.111355 12.327783 21.352347
v -27.761010 11.464638 21.480254
v -26.803850 10.372011 21.097035
v -25.496345 9.191772 20.385571
v 25.496345 -9.191772 20.385571
v 26.803850 -10.372011 21.097035
v 27.761010 -11.464638 21.480254
v 28.111355 -12.327783 21.352347
v 27.761010 -12.870127 20.668795
v 26.803850 -13.084563 19.530943
v 25.496345 -13.058537 18.153094
v 26.565868 -10.400629 22.539866
v 27.928220 -11.717633 23.318194
v 28.925531 -12.934206 23.733006
v 29.290572 -13.891096 23.582666
v 28.925531 -14.486502 22.818643
v 27.928220 -14.713519 21.553502
v 26.565868 -14.671289 20.024283
v 27.511247 -11.687650 24.761011
v 28.922080 -13.147724 25.606855
v 29.954881 -14.493541 26.052714
v 30.332913 -15.547517 25.877721
v 29.954881 -16.196906 25.029320
v 28.922080 -16.435168 23.631735
v 27.511247 -16.373929 21.945462
v 28.320654 -13.048488 27.036856
v 29.772996 -14.657291 27.950402
v 30.836183 -16.137038 28.426494
v 31.225337 -17.290941 28.224659
v 30.836183 -17.994888 27.288342
v 29.772996 -18.242885 25.753802
v 28.320654 -18.159781 23.905584
v 28.983368 -14.477639 29.354622
v 30.469695 -16.240103 30.335602
v 31.557762 -17.857792 30.840863
v 31.956022 -19.113922 30.610067
v 31.557762 -19.872657 29.582715
v 30.469695 -20.128733 27.907415
v 28.983368 -20.020913 25.893221
v 29.489872 -15.968454 31.701046
v 31.002173 -17.888710 32.748753
v 32.109254 -19.647617 33.281893
v 32.514474 -21.007708 33.020127
v 32.109254 -21.821122 31.899090
v 31.002173 -22.083508 30.079984
v 29.489872 -21.948174 27.896694
v 29.831939 -17.513175 34.062521
v 31.361782 -19.594482 35.175829
v 32.481705 -21.497097 35.735365
v 32.891625 -22.962287 35.440766
v 32.481705 -23.829937 34.223904
v 31.361782 -24.096793 32.258755
v 29.831939 -23.931256 29.904208
v 30.002717 -19.102983 36.425237
v 31.541318 -21.347671 37.602629
v 32.667652 -23.395650 38.186913
v 33.079919 -24.966465 37.857802
v 32.667652 -25.887587 36.543530
v 31.541318 -26.157036 34.430948
v 30.002717 -25.958773 31.903980
v 29.996786 -20.728071 38.775315
v 31.535082 -23.137486 40.014915
v 32.661194 -25.331614 40.622174
v 33.073379 -27.007958 40.257092
v 32.661194 -27.981482 38.844412
v 31.535082 -28.251651 36.583888
v 29.996786 -28.018356 33.884358
v 29.810213 -22.377736 41.098943
v 31.338942 -24.952197 42.398548
v 32.458050 -27.292361 43.026916
v 32.867671 -29.073500 42.624659
v 32.458050 -30.098070 41.113193
v 31.338942 -30.367132 38.705120
v 29.810213 -30.096771 35.833931
v 29.440595 -24.040484 43.382495
v 30.950369 -26.779250 44.739615
v 32.055601 -29.264414 45.387171
v 32.460143 -31.148985 44.946819
v 32.055601 -32.222976 43.336832
v 30.950369 -32.489188 40.782522
v 29.440595 -32.180047 37.741627
v 28.887078 -25.704156 45.612647
v 30.368466 -28.605403 47.024543
v 31.452918 -31.233597 47.689344
v 31.849855 -33.219605 47.210296
v 31.452918 -34.341150 45.502709
v 30.368466 -34.602887 42.804403
v 28.887078 -34.253618 39.596804
v 28.150371 -27.356062 47.776480
v 29.593980 -30.416870 49.240201
v 30.650775 -33.185187 49.920322
v 31.037589 -35.270017 49.402311
v 30.650775 -36.437026 47.598721
v 29.593980 -36.692823 44.759582
v 28.150371 -36.302484 41.389321
v 27.232748 -28.983134 49.861575
v 28.629299 -32.199485 51.374000
v 29.651645 -35.104086 52.067559
v 30.025850 -37.284517 51.510681
v 29.651645 -38.494706 49.613357
v 28.629299 -38.743280 46.637463
v 27.232748 -38.311366 43.109604
v 26.138025 -30.572080 51.856094
v 27.478437 -33.938868 53.413966
v 28.459686 -36.974996 54.119160
v 28.818849 -39.247222 53.523879
v 28.459686 -40.498132 51.535765
v 27.478437 -40.738415 48.428092
v 26.138025 -40.264889 44.748690
v 24.871537 -32.109554 53.748847
v 26.147001 -35.620604 55.348811
v 27.080705 -38.782604 56.063936
v 27.422464 -41.142258 55.431102
v 27.080705 -42.431280 53.355803
v 26.147001 -42.662440 50.122196
v 24.871537 -42.147748 46.298265
v 23.440090 -33.582321 55.529357
v 24.642146 -37.230420 57.167989
v 25.522112 -40.511773 57.891463
v 25.844202 -42.953951 57.222309
v 25.522112 -44.278353 55.064078
v 24.642146 -44.499806 51.711221
v 23.440090 -43.944890 47.750689
v 21.851906 -34.977429 57.187899
v 22.972517 -38.754366 58.861737
v 23.792860 -42.147726 59.592117
v 24.093127 -44.667022 58.888259
v 23.792860 -46.023964 56.651972
v 22.972517 -46.235391 53.187344
v 21.851906 -45.641690 49.099006
v 20.116555 -36.282378 58.715543
v 21.148173 -40.178996 60.421109
v 21.903370 -43.676235 61.157103
v 22.179791 -46.266777 60.420531
v 21.903370 -47.653333 58.111656
v 21.148173 -47.854678 54.543488
v 20.116555 -47.224124 50.336946
v 18.244873 -37.485285 60.104180
v 19.180508 -41.491542 61.838002
v 19.865440 -45.083803 62.578472
v 20.116143 -47.739284 61.811536
v 19.865440 -49.152462 59.436099
v 19.180508 -49.343933 55.773316
v 18.244873 -48.678933 51.458922
v 16.248872 -38.575043 61.346539
v 17.082148 -42.680075 63.105165
v 17.692148 -46.357834 63.849131
v 17.915423 -49.071559 63.054521
v 17.692148 -50.508311 60.619063
v 17.082148 -50.690372 56.871231
v 16.248872 -49.993786 52.460015
v 14.141634 -39.541465 62.436202
v 14.866846 -43.733671 64.216212
v 15.397739 -47.486797 64.962847
v 15.592058 -50.251720 64.143565
v 15.397739 -51.708959 61.655096
v 14.866846 -51.882317 57.832352
v 14.141634 -51.157427 53.335959
v 11.937202 -40.375427 63.367608
v 12.549366 -44.642546 65.165620
v 12.997502 -48.460377 65.914240
v 13.161531 -51.269146 65.073573
v 12.997502 -52.743755 62.539519
v 12.549366 -52.909339 58.652509
v 11.937202 -52.159807 54.083116
v 9.650457 -41.068988 64.136059
v 10.145352 -45.398193 65.948730
v 10.507640 -49.269603 66.698781
v 10.640247 -52.114606 65.840264
v 10.507640 -53.603448 63.268408
v 10.145352 -53.762384 59.328213
v 9.650457 -52.992210 54.698460
v 7.296991 -41.615498 64.737715
v 7.671196 -45.993489 66.561741
v 7.945132 -49.906975 67.312782
v 8.045400 -52.780384 66.440159
v 7.945132 -54.280307 63.838586
v 7.671196 -54.433890 59.856646
v 7.296991 -53.647357 55.179548
v 4.892973 -42.009688 65.169595
v 5.143895 -46.422795 67.001706
v 5.327583 -50.366551 67.753386
v 5.394817 -53.260371 66.870566
v 5.327583 -54.768214 64.247595
v 5.143895 -54.917874 60.235634
v 4.892973 -54.119491 55.524506
v 2.455010 -42.247743 65.429573
v 2.580908 -46.682028 67.266523
v 2.673072 -50.644032 68.018560
v 2.706806 -53.550147 67.129573
v 2.673072 -55.062744 64.493695
v 2.580908 -55.210010 60.463639
v 2.455010 -54.404450 55.732007
v 0.000000 -42.327352 65.516374
v 0.000000 -46.768715 67.354936
v 0.000000 -50.736816 68.107086
v 0.000000 -53.647037 67.216035
v 0.000000 -55.161219 64.575844
v 0.000000 -55.307681 60.539743
v 0.000000 -54.499717 55.801262
v -2.455010 -42.247743 65.429573
v -2.580908 -46.682028 67.266523
v -2.673072 -50.644032 68.018560
v -2.706806 -53.550147 67.129573
v -2.673072 -55.062744 64.493695
v -2.580908 -55.210010 60.463639
v -2.455010 -54.404450 55.732007
v -4.892973 -42.009688 65.169595
v -5.143895 -46.422795 67.001706
v -5.327583 -50.366551 67.753386
v -5.394817 -53.260371 66.870566
v -5.327583 -54.768214 64.247595
v -5.143895 -54.917874 60.235634
v -4.892973 -54.119491 55.524506
v -7.296991 -41.615498 64.737715
v -7.671196 -45.993489 66.561741
v -7.945132 -49.906975 67.312782
v -8.045400 -52.780384 66.440159
v -7.945132 -54.280307 63.838586
v -7.671196 -54.433890 59.856646
v -7.296991 -53.647357 55.179548
v -9.650457 -41.068988 64.136059
v -10.145352 -45.398193 65.948730
v -10.507640 -49.269603 66.698781
v -10.640247 -52.114606 65.840264
v -10.507640 -53.603448 63.268408
v -10.145352 -53.762384 59.328213
v -9.650457 -52.992210 54.698460
v -11.937202 -40.375427 63.367608
v -12.549366 -44.642546 65.165620
v -12.997502 -48.460377 65.914240
v -13.161531 -51.269146 65.073573
v -12.997502 -52.743755 62.539519
v -12.549366 -52.909339 58.652509
v -11.937202 -52.159807 54.083116
v -14.141634 -39.541465 62.436202
v -14.866846 -43.733671 64.216212
v -15.397739 -47.486797 64.962847
v -15.592058 -50.251720 64.143565
v -15.397739 -51.708959 61.655096
v -14.866846 -51.882317 57.832352
v -14.141634 -51.157427 53.335959
v -16.248872 -38.575043 61.346539
v -17.082148 -42.680075 63.105165
v -17.692148 -46.357834 63.849131
v -17.915423 -49.071559 63.054521
v -17.692148 -50.508311 60.619063
v -17.082148 -50.690372 56.871231
v -16.248872 -49.993786 52.460015
v -18.244873 -37.485285 60.104180
v -19.180508 -41.491542 61.838002
v -19.865440 -45.083803 62.578472
v -20.116143 -47.739284 61.811536
v -19.865440 -49.152462 59.436099
v -19.180508 -49.343933 55.773316
v -18.244873 -48.678933 51.458922
v -20.116555 -36.282378 58.715543
v -21.148173 -40.178996 60.421109
v -21.903370 -43.676235 61.157103
v -22.179791 -46.266777 60.420531
v -21.903370 -47.653333 58.111656
v -21.148173 -47.854678 54.543488
v -20.116555 -47.224124 50.336946
v -21.851906 -34.977429 57.187899
v -22.972517 -38.754366 58.861737
v -23.792860 -42.147726 59.592117
v -24.093127 -44.667022 58.888259
v -23.792860 -46.023964 56.651972
v -22.972517 -46.235391 53.187344
v -21.851906 -45.641690 49.099006
v -23.440090 -33.582321 55.529357
v -24.642146 -37.230420 57.167989
v -25.522112 -40.511773 57.891463
v -25.844202 -42.953951 57.222309
v -25.522112 -44.278353 55.064078
v -24.642146 -44.499806 51.711221
v -23.440090 -43.944890 47.750689
v -24.871537 -32.109554 53.748847
v -26.147001 -35.620604 55.348811
v -27.080705 -38.782604 56.063936
v -27.422464 -41.142258 55.431102
v -27.080705 -42.431280 53.355803
v -26.147001 -42.662440 50.122196
v -24.871537 -42.147748 46.298265
v -26.138025 -30.572080 51.856094
v -27.478437 -33.938868 53.413966
v -28.459686 -36.974996 54.119160
v -28.818849 -39.247222 53.523879
v -28.459686 -40.498132 51.535765
v -27.478437 -40.738415 48.428092
v -26.138025 -40.264889 44.748690
v -27.232748 -28.983134 49.861575
v -28.629299 -32.199485 51.374000
v -29.651645 -35.104086 52.067559
v -30.025850 -37.284517 51.510681
v -29.651645 -38.494706 49.613357
v -28.629299 -38.743280 46.637463
v -27.232748 -38.311366 43.109604
v -28.150371 -27.356062 47.776480
v -29.593980 -30.416870 49.240201
v -30.650775 -33.185187 49.920322
v -31.037589 -35.270017 49.402311
v -30.650775 -36.437026 47.598721
v -29.593980 -36.692823 44.759582
v -28.150371 -36.302484 41.389321
v -28.887078 -25.704156 45.612647
v -30.368466 -28.605403 47.024543
v -31.452918 -31.233597 47.689344
v -31.849855 -33.219605 47.210296
v -31.452918 -34.341150 45.502709
v -30.368466 -34.602887 42.804403
v -28.887078 -34.253618 39.596804
v -29.440595 -24.040484 43.382495
v -30.950369 -26.779250 44.739615
v -32.055601 -29.264414 45.387171
v -32.460143 -31.148985 44.946819
v -32.055601 -32.222976 43.336832
v -30.950369 -32.489188 40.782522
v -29.440595 -32.180047 37.741627
v -29.810213 -22.377736 41.098943
v -31.338942 -24.952197 42.398548
v -32.458050 -27.292361 43.026916
v -32.867671 -29.073500 42.624659
v -32.458050 -30.098070 41.113193
v -31.338942 -30.367132 38.705120
v -29.810213 -30.096771 35.833931
v -29.996786 -20.728071 38.775315
v -31.535082 -23.137486 40.014915
v -32.661194 -25.331614 40.622174
v -33.073379 -27.007958 40.257092
v -32.661194 -27.981482 38.844412
v -31.535082 -28.251651 36.583888
v -29.996786 -28.018356 33.884358
v -30.002717 -19.102983 36.425237
v -31.541318 -21.347671 37.602629
v -32.667652 -23.395650 38.186913
v -33.079919 -24.966465 37.857802
v -32.667652 -25.887587 36.543530
v -31.541318 -26.157036 34.430948
v -30.002717 -25.958773 31.903980
v -29.831939 -17.513175 34.062521
v -31.361782 -19.594482 35.175829
v -32.481705 -21.497097 35.735365
v -32.891625 -22.962287 35.440766
v -32.481705 -23.829937 34.223904
v -31.361782 -24.096793 32.258755
v -29.831939 -23.931256 29.904208
v -29.489872 -15.968454 31.701046
v -31.002173 -17.888710 32.748753
v -32.109254 -19.647617 33.281893
v -32.514474 -21.007708 33.020127
v -32.109254 -21.821122 31.899090
v -31.002173 -22.083508 30.079984
v -29.489872 -21.948174 27.896694
v -28.983368 -14.477639 29.354622
v -30.469695 -16.240103 30.335602
v -31.557762 -17.857792 30.840863
v -31.956022 -19.113922 30.610067
v -31.557762 -19.872657 29.582715
v -30.469695 -20.128733 27.907415
v -28.983368 -20.020913 25.893221
v -28.320654 -13.048488 27.036856
v -29.772996 -14.657291 27.950402
v -30.836183 -16.137038 28.426494
v -31.225337 -17.290941 28.224659
v -30.836183 -17.994888 27.288342
v -29.772996 -18.242885 25.753802
v -28.320654 -18.159781 23.905584
v -27.511247 -11.687650 24.761011
v -28.922080 -13.147724 25.606855
v -29.954881 -14.493541 26.052714
v -30.332913 -15.547517 25.877721
v -29.954881 -16.196906 25.029320
v -28.922080 -16.435168 23.631735
v -27.511247 -16.373929 21.945462
v -26.565868 -10.400629 22.539866
v -27.928220 -11.717633 23.318194
v -28.925531 -12.934206 23.733006
v -29.290572 -13.891096 23.582666
v -28.925531 -14.486502 22.818643
v -27.928220 -14.713519 21.553502
v -26.565868 -14.671289 20.024283
v -25.496345 -9.191772 20.385571
v -26.803850 -10.372011 21.097035
v -27.761010 -11.464638 21.480254
v -28.111355 -12.327783 21.352347
v -27.761010 -12.870127 20.668795
v -26.803850 -13.084563 19.530943
v -25.496345 -13.058537 18.153094
v 25.496345 -22.250309 2.232477
v 26.803850 -23.456574 1.566092
v 27.761010 -24.334765 0.811459
v 28.111355 -24.655567 0.000000
v 27.761010 -24.334765 -0.811459
v 26.803850 -23.456574 -1.566092
v 25.496345 -22.250309 -2.232477
v 26.565868 -24.720411 2.262724
v 27.928220 -26.052965 1.511329
v 28.925531 -27.020489 0.665152
v 29.290572 -27.368736 -0.238709
v 28.925531 -27.004776 -1.136357
v 27.928220 -26.022640 -1.965530
v 26.565868 -24.677182 -2.693567
v 27.511247 -27.287490 2.258704
v 28.922080 -28.750049 1.417164
v 29.954881 -29.809083 0.474583
v 30.332913 -30.184522 -0.525685
v 29.954881 -29.774480 -1.512272
v 28.922080 -28.683267 -2.417406
v 27.511247 -27.192292 -3.207507
v 28.320654 -29.938848 2.218106
v 29.772996 -31.534403 1.281615
v 30.836183 -32.686585 0.238162
v 31.225337 -33.088742 -0.862065
v 30.836183 -32.629841 -1.939859
v 29.772996 -31.424889 -2.921901
v 28.320654 -29.782734 -3.774039
v 28.983368 -32.660668 2.139308
v 30.469695 -34.391453 1.103460
v 31.557762 -35.637867 -0.044870
v 31.956022 -36.066057 -1.248109
v 31.557762 -35.555712 -2.418868
v 30.469695 -34.232897 -3.478287
v 28.983368 -32.434644 -4.392009
v 29.489872 -35.438138 2.021436
v 31.002173 -37.305607 0.882300
v 32.109254 -38.646774 -0.374389
v 32.514474 -39.100123 -1.683145
v 32.109254 -38.535983 -2.948101
v 31.002173 -37.091784 -4.084887
v 29.489872 -35.133332 -5.059329
v 29.831939 -38.255596 1.864406
v 31.361782 -40.260403 0.618595
v 32.481705 -41.696282 -0.749350
v 32.891625 -42.173747 -2.165541
v 32.481705 -41.553738 -3.525379
v 31.361782 -39.985298 -4.739058
v 29.831939 -37.863432 -5.772972
v 30.002717 -41.096672 1.668950
v 31.541318 -43.238667 0.313689
v 32.667652 -44.768662 -1.167770
v 33.079919 -45.269051 -2.692692
v 32.667652 -44.591419 -4.147543
v 31.541318 -42.896594 -5.437184
v 30.002717 -40.609044 -6.528966
v 29.996786 -43.944444 1.436621
v 31.535082 -46.222675 -0.030193
v 32.661194 -47.845642 -1.626734
v 33.073379 -48.367643 -3.261032
v 32.661194 -47.630989 -4.810468
v 31.535082 -45.808402 -6.174704
v 29.996786 -43.353893 -7.322429
v 29.810213 -46.781597 1.169784
v 31.338942 -49.194318 -0.409962
v 32.458050 -50.908583 -2.122419
v 32.867671 -51.450787 -3.866061
v 32.458050 -50.654105 -5.509097
v 31.338942 -48.703183 -6.946148
v 29.810213 -46.081480 -8.147603
v 29.440595 -49.590585 0.871577
v 30.950369 -52.135269 -0.821703
v 32.055601 -53.938650 -2.650140
v 32.460143 -54.499580 -4.502402
v 32.055601 -53.642285 -6.237500
v 30.950369 -51.563294 -7.745201
v 29.440595 -48.775231 -8.997924
v 28.887078 -52.353789 0.545871
v 30.368466 -55.027150 -1.260734
v 31.452918 -56.916982 -3.204416
v 31.849855 -57.495118 -5.163874
v 31.452918 -56.577077 -6.988953
v 30.368466 -54.371144 -8.564778
v 28.887078 -51.418647 -9.866102
v 28.150371 -55.053677 0.197195
v 29.593980 -57.851700 -1.721681
v 30.650775 -59.824860 -3.779054
v 31.037589 -60.418665 -5.843575
v 30.650775 -59.440215 -7.756030
v 29.593980 -57.109346 -9.397126
v 28.150371 -53.995445 -10.744213
v 27.232748 -57.672958 -0.169342
v 28.629299 -60.590932 -2.198572
v 29.651645 -62.643872 -4.367251
v 30.025850 -63.251817 -6.533999
v 29.651645 -62.213781 -8.530715
v 28.629299 -59.760868 -10.233933
v 27.232748 -56.489695 -11.623815
v 26.138025 -60.194734 -0.548151
v 27.478437 -63.227286 -2.684939
v 28.459686 -65.356065 -4.961706
v 28.818849 -65.976651 -7.227152
v 28.459686 -64.880348 -9.304528
v 27.478437 -62.309165 -11.066456
v 26.138025 -58.885947 -12.496072
v 24.871537 -62.602644 -0.933266
v 26.147001 -65.743779 -3.173942
v 27.080705 -67.944095 -5.554753
v 27.422464 -68.575871 -7.914689
v 27.080705 -67.423121 -10.068665
v 26.147001 -64.738315 -11.885659
v 24.871537 -61.169348 -13.351888
v 23.440090 -64.880994 -1.318465
v 24.642146 -68.124141 -3.658495
v 25.522112 -70.391364 -6.138493
v 25.844202 -71.032949 -8.588058
v 25.522112 -69.826067 -10.814139
v 24.642146 -67.033134 -12.682352
v 23.440090 -63.325755 -14.182047
v 21.851906 -67.014888 -1.697392
v 22.972517 -70.352942 -4.131397
v 23.792860 -72.682150 -6.704943
v 24.093127 -73.332240 -9.238647
v 23.792860 -72.074029 -11.531936
v 22.972517 -69.179286 -13.447351
v 21.851906 -65.341832 -14.977360
v 20.116555 -68.990341 -2.063689
v 21.148173 -72.415714 -4.585477
v 21.903370 -74.801722 -7.246178
v 22.179791 -75.459103 -9.857938
v 21.903370 -74.152837 -12.213169
v 21.148173 -71.163385 -14.171623
v 20.116555 -67.205136 -15.728818
v 18.244873 -70.794390 -2.411119
v 19.180508 -74.299051 -5.013728
v 19.865440 -76.736448 -7.754483
v 20.116143 -77.400003 -10.437665
v 19.865440 -76.049403 -12.849232
v 19.180508 -72.973075 -14.846441
v 18.244873 -68.904200 -16.427731
v 16.248872 -72.415183 -2.733697
v 17.082148 -75.990714 -5.409447
v 17.692148 -78.473887 -8.222496
v 17.915423 -79.142596 -10.969956
v 17.692148 -77.751804 -13.431949
v 17.082148 -74.597116 -15.463535
v 16.248872 -70.428599 -17.065881
v 14.141634 -73.842070 -3.025812
v 14.866846 -77.479706 -5.766364
v 15.397739 -80.002874 -8.643350
v 15.592058 -80.675817 -11.447484
v 15.397739 -79.249359 -13.953724
v 14.866846 -76.025445 -16.015229
v 14.141634 -71.769008 -17.635652
v 11.937202 -75.065672 -3.282341
v 12.549366 -78.756355 -6.078769
v 12.997502 -81.313594 -9.010797
v 13.161531 -81.989940 -11.863596
v 12.997502 -80.532689 -14.407672
v 12.549366 -77.249232 -16.494577
v 11.937202 -72.917256 -18.130160
v 9.650457 -76.077950 -3.498757
v 10.145352 -79.812372 -6.341623
v 10.507640 -82.397640 -9.319338
v 10.640247 -83.076645 -12.212441
v 10.507640 -81.593773 -14.787744
v 10.145352 -78.260932 -16.895484
v 9.650457 -73.866361 -18.543371
v 7.296991 -76.872255 -3.671221
v 7.671196 -80.640903 -6.550660
v 7.945132 -83.248066 -9.564317
v 8.045400 -83.929057 -12.489074
v 7.945132 -82.425990 -15.088832
v 7.671196 -79.054321 -17.212808
v 7.296991 -74.610569 -18.870200
v 4.892973 -77.443369 -3.796659
v 5.143895 -81.236577 -6.702467
v 5.327583 -83.859429 -9.742019
v 5.394817 -84.541794 -12.689551
v 5.327583 -83.024157 -15.306867
v 5.143895 -79.624526 -17.442457
v 4.892973 -75.145378 -19.106601
v 2.455010 -77.787544 -3.872832
v 2.580908 -81.595532 -6.794560
v 2.673072 -84.227817 -9.849738
v 2.706806 -84.910989 -12.811001
v 2.673072 -83.384550 -15.438887
v 2.580908 -79.968053 -17.581451
v 2.455010 -75.467559 -19.249632
v 0.000000 -77.902520 -3.898375
v 0.000000 -81.715443 -6.825427
v 0.000000 -84.350875 -9.885829
v 0.000000 -85.034313 -12.851679
v 0.000000 -83.504931 -15.483095
v 0.000000 -80.082796 -17.627985
v 0.000000 -75.575169 -19.297509
v -2.455010 -77.787544 -3.872832
v -2.580908 -81.595532 -6.794560
v -2.673072 -84.227817 -9.849738
v -2.706806 -84.910989 -12.811001
v -2.673072 -83.384550 -15.438887
v -2.580908 -79.968053 -17.581451
v -2.455010 -75.467559 -19.249632
v -4.892973 -77.443369 -3.796659
v -5.143895 -81.236577 -6.702467
v -5.327583 -83.859429 -9.742019
v -5.394817 -84.541794 -12.689551
v -5.327583 -83.024157 -15.306867
v -5.143895 -79.624526 -17.442457
v -4.892973 -75.145378 -19.106601
v -7.296991 -76.872255 -3.671221
v -7.671196 -80.640903 -6.550660
v -7.945132 -83.248066 -9.564317
v -8.045400 -83.929057 -12.489074
v -7.945132 -82.425990 -15.088832
v -7.671196 -79.054321 -17.212808
v -7.296991 -74.610569 -18.870200
v -9.650457 -76.077950 -3.498757
v -10.145352 -79.812372 -6.341623
v -10.507640 -82.397640 -9.319338
v -10.640247 -83.076645 -12.212441
v -10.507640 -81.593773 -14.787744
v -10.145352 -78.260932 -16.895484
v -9.650457 -73.866361 -18.543371
v -11.937202 -75.065672 -3.282341
v -12.549366 -78.756355 -6.078769
v -12.997502 -81.313594 -9.010797
v -13.161531 -81.989940 -11.863596
v -12.997502 -80.532689 -14.407672
v -12.549366 -77.249232 -16.494577
v -11.937202 -72.917256 -18.130160
v -14.141634 -73.842070 -3.025812
v -14.866846 -77.479706 -5.766364
v -15.397739 -80.002874 -8.643350
v -15.592058 -80.675817 -11.447484
v -15.397739 -79.249359 -13.953724
v -14.866846 -76.025445 -16.015229
v -14.141634 -71.769008 -17.635652
v -16.248872 -72.415183 -2.733697
v -17.082148 -75.990714 -5.409447
v -17.692148 -78.473887 -8.222496
v -17.915423 -79.142596 -10.969956
v -17.692148 -77.751804 -13.431949
v -17.082148 -74.597116 -15.463535
v -16.248872 -70.428599 -17.065881
v -18.244873 -70.794390 -2.411119
v -19.180508 -74.299051 -5.013728
v -19.865440 -76.736448 -7.754483
v -20.116143 -77.400003 -10.437665
v -19.865440 -76.049403 -12.849232
v -19.180508 -72.973075 -14.846441
v -18.244873 -68.904200 -16.427731
v -20.116555 -68.990341 -2.063689
v -21.148173 -72.415714 -4.585477
v -21.903370 -74.801722 -7.246178
v -22.179791 -75.459103 -9.857938
v -21.903370 -74.152837 -12.213169
v -21.148173 -71.163385 -14.171623
v -20.116555 -67.205136 -15.728818
v -21.851906 -67.014888 -1.697392
v -22.972517 -70.352942 -4.131397
v -23.792860 -72.682150 -6.704943
v -24.093127 -73.332240 -9.238647
v -23.792860 -72.074029 -11.531936
v -22.972517 -69.179286 -13.447351
v -21.851906 -65.341832 -14.977360
v -23.440090 -64.880994 -1.318465
v -24.642146 -68.124141 -3.658495
v -25.522112 -70.391364 -6.138493
v -25.844202 -71.032949 -8.588058
v -25.522112 -69.826067 -10.814139
v -24.642146 -67.033134 -12.682352
v -23.440090 -63.325755 -14.182047
v -24.871537 -62.602644 -0.933266
v -26.147001 -65.743779 -3.173942
v -27.080705 -67.944095 -5.554753
v -27.422464 -68.575871 -7.914689
v -27.080705 -67.423121 -10.068665
v -26.147001 -64.738315 -11.885659
v -24.871537 -61.169348 -13.351888
v -26.138025 -60.194734 -0.548151
v -27.478437 -63.227286 -2.684939
v -28.459686 -65.356065 -4.961706
v -28.818849 -65.976651 -7.227152
v -28.459686 -64.880348 -9.304528
v -27.478437 -62.309165 -11.066456
v -26.138025 -58.885947 -12.496072
v -27.232748 -57.672958 -0.169342
v -28.629299 -60.590932 -2.198572
v -29.651645 -62.643872 -4.367251
v -30.025850 -63.251817 -6.533999
v -29.651645 -62.213781 -8.530715
v -28.629299 -59.760868 -10.233933
v -27.232748 -56.489695 -11.623815
v -28.150371 -55.053677 0.197195
v -29.593980 -57.851700 -1.721681
v -30.650775 -59.824860 -3.779054
v -31.037589 -60.418665 -5.843575
v -30.650775 -59.440215 -7.756030
v -29.593980 -57.109346 -9.397126
v -28.150371 -53.995445 -10.744213
v -28.887078 -52.353789 0.545871
v -30.368466 -55.027150 -1.260734
v -31.452918 -56.916982 -3.204416
v -31.849855 -57.495118 -5.163874
v -31.452918 -56.577077 -6.988953
v -30.368466 -54.371144 -8.564778
v -28.887078 -51.418647 -9.866102
v -29.440595 -49.590585 0.871577
v -30.950369 -52.135269 -0.821703
v -32.055601 -53.938650 -2.650140
v -32.460143 -54.499580 -4.502402
v -32.055601 -53.642285 -6.237500
v -30.950369 -51.563294 -7.745201
v -29.440595 -48.775231 -8.997924
v -29.810213 -46.781597 1.169784
v -31.338942 -49.194318 -0.409962
v -32.458050 -50.908583 -2.122419
v -32.867671 -51.450787 -3.866061
v -32.458050 -50.654105 -5.509097
v -31.338942 -48.703183 -6.946148
v -29.810213 -46.081480 -8.147603
v -29.996786 -43.944444 1.436621
v -31.535082 -46.222675 -0.030193
v -32.661194 -47.845642 -1.626734
v -33.073379 -48.367643 -3.261032
v -32.661194 -47.630989 -4.810468
v -31.535082 -45.808402 -6.174704
v -29.996786 -43.353893 -7.322429
v -30.002717 -41.096672 1.668950
v -31.541318 -43.238667 0.313689
v -32.667652 -44.768662 -1.167770
v -33.079919 -45.269051 -2.692692
v -32.667652 -44.591419 -4.147543
v -31.541318 -42.896594 -5.437184
v -30.002717 -40.609044 -6.528966
v -29.831939 -38.255596 1.864406
v -31.361782 -40.260403 0.618595
v -32.481705 -41.696282 -0.749350
v -32.891625 -42.173747 -2.165541
v -32.481705 -41.553738 -3.525379
v -31.361782 -39.985298 -4.739058
v -29.831939 -37.863432 -5.772972
v -29.489872 -35.438138 2.021436
v -31.002173 -37.305607 0.882300
v -32.109254 -38.646774 -0.374389
v -32.514474 -39.100123 -1.683145
v -32.109254 -38.535983 -2.948101
v -31.002173 -37.091784 -4.084887
v -29.489872 -35.133332 -5.059329
v -28.983368 -32.660668 2.139308
v -30.469695 -34.391453 1.103460
v -31.557762 -35.637867 -0.044870
v -31.956022 -36.066057 -1.248109
v -31.557762 -35.555712 -2.418868
v -30.469695 -34.232897 -3.478287
v -28.983368 -32.434644 -4.392009
v -28.320654 -29.938848 2.218106
v -29.772996 -31.534403 1.281615
v -30.836183 -32.686585 0.238162
v -31.225337 -33.088742 -0.862065
v -30.836183 -32.629841 -1.939859
v -29.772996 -31.424889 -2.921901
v -28.320654 -29.782734 -3.774039
v -27.511247 -27.287490 2.258704
v -28.922080 -28.750049 1.417164
v -29.954881 -29.809083 0.474583
v -30.332913 -30.184522 -0.525685
v -29.954881 -29.774480 -1.512272
v -28.922080 -28.683267 -2.417406
v -27.511247 -27.192292 -3.207507
v -26.565868 -24.720411 2.262724
v -27.928220 -26.052965 1.511329
v -28.925531 -27.020489 0.665152
v -29.290572 -27.368736 -0.238709
v -28.925531 -27.004776 -1.136357
v -27.928220 -26.022640 -1.965530
v -26.565868 -24.677182 -2.693567
v -25.496345 -22.250309 2.232477
v -26.803850 -23.456574 1.566092
v -27.761010 -24.334765 0.811459
v -28.111355 -24.655567 0.000000
v -27.761010 -24.334765 -0.811459
v -26.803850 -23.456574 -1.566092
v -25.496345 -22.250309 -2.232477
v 25.496345 -13.058537 -18.153094
v 26.803850 -13.084563 -19.530943
v 27.761010 -12.870127 -20.668795
v 28.111355 -12.327783 -21.352347
v 27.761010 -11.464638 -21.480254
v 26.803850 -10.372011 -21.097035
v 25.496345 -9.191772 -20.385571
v 26.565868 -14.319782 -20.277142
v 27.928220 -14.335332 -21.806865
v 28.925531 -14.086283 -23.067854
v 29.290572 -13.477640 -23.821375
v 28.925531 -12.518274 -23.955001
v 27.928220 -11.309121 -23.519032
v 26.565868 -10.005893 -22.717850
v 27.511247 -15.599840 -22.502307
v 28.922080 -15.602325 -24.189690
v 29.954881 -15.315542 -25.578132
v 30.332913 -14.637005 -26.403405
v 29.954881 -13.577574 -26.541592
v 28.922080 -12.248099 -26.049141
v 27.511247 -10.818363 -25.152969
v 28.320654 -16.890360 -24.818750
v 29.772996 -16.877113 -26.668787
v 30.836183 -16.549547 -28.188332
v 31.225337 -15.797801 -29.086724
v 30.836183 -14.634954 -29.228201
v 29.772996 -13.182004 -28.675702
v 28.320654 -11.622953 -27.679624
v 28.983368 -18.183029 -27.215314
v 30.469695 -18.151351 -29.232143
v 31.557762 -17.780075 -30.885733
v 31.956022 -16.952135 -31.858176
v 31.557762 -15.683054 -32.001584
v 30.469695 -14.104164 -31.385702
v 28.983368 -12.413731 -30.285230
v 29.489872 -19.469684 -29.679610
v 31.002173 -19.416897 -31.866453
v 32.109254 -18.999157 -33.656282
v 32.514474 -18.092415 -34.703272
v 32.109254 -16.714861 -34.847191
v 31.002173 -15.008276 -34.164871
v 29.489872 -13.185158 -32.956023
v 29.831939 -20.742421 -32.198115
v 31.361782 -20.665921 -34.557234
v 32.481705 -20.199185 -36.484715
v 32.891625 -19.211460 -37.606307
v 32.481705 -17.723802 -37.749283
v 31.361782 -15.888504 -36.997812
v 29.831939 -13.932176 -35.677180
v 30.002717 -21.993689 -34.756287
v 31.541318 -21.890996 -37.288940
v 32.667652 -21.373012 -39.354684
v 33.079919 -20.302586 -40.550494
v 32.667652 -18.703832 -40.691073
v 31.541318 -16.739558 -39.868132
v 30.002717 -14.650271 -38.432947
v 29.996786 -23.216372 -37.338694
v 31.535082 -23.085190 -40.045108
v 32.661194 -22.514028 -42.248908
v 33.073379 -21.359685 -43.518123
v 32.661194 -19.649507 -43.654880
v 31.535082 -17.556750 -42.758592
v 29.996786 -15.335537 -41.206787
v 29.810213 -24.403861 -39.929160
v 31.338942 -24.242121 -42.808510
v 32.458050 -23.616222 -45.149336
v 32.867671 -22.377287 -46.490719
v 32.458050 -20.556035 -46.622290
v 31.338942 -18.336051 -45.651268
v 29.810213 -15.984709 -43.981534
v 29.440595 -25.550101 -42.510918
v 30.950369 -25.356018 -45.561319
v 32.055601 -24.674236 -48.037311
v 32.460143 -23.350595 -49.449222
v 32.055601 -21.419309 -49.574332
v 30.950369 -19.074106 -48.527723
v 29.440595 -16.595184 -46.739551
v 28.887078 -26.649633 -45.066776
v 30.368466 -26.421747 -48.285277
v 31.452918 -25.683385 -50.893760
v 31.849855 -24.275513 -52.374169
v 31.452918 -22.235927 -52.491663
v 30.368466 -19.768257 -51.369181
v 28.887078 -17.165029 -49.462905
v 28.150371 -27.697614 -47.579285
v 29.593980 -27.434830 -50.961883
v 30.650775 -26.639673 -53.699376
v 31.037589 -25.148648 -55.245886
v 30.650775 -23.003189 -55.354751
v 29.593980 -20.416524 -54.156707
v 28.150371 -17.692962 -52.133533
v 27.232748 -28.689824 -50.030918
v 28.629299 -28.391447 -53.572572
v 29.651645 -27.539786 -56.434810
v 30.025850 -25.967300 -58.044680
v 29.651645 -23.719075 -58.144072
v 28.629299 -21.017588 -56.871396
v 27.232748 -18.178329 -54.733418
v 26.138025 -29.622654 -52.404245
v 27.478437 -29.288417 -56.098905
v 28.459686 -28.381069 -59.080866
v 28.818849 -26.729428 -60.751031
v 28.459686 -24.382216 -60.840293
v 27.478437 -21.570750 -59.494548
v 26.138025 -18.621057 -57.244762
v 24.871537 -30.493090 -54.682113
v 26.147001 -30.123175 -58.522754
v 27.080705 -29.161490 -61.618688
v 27.422464 -27.433614 -63.345791
v 27.080705 -24.991841 -63.424468
v 26.147001 -22.075875 -62.007855
v 24.871537 -19.021600 -59.650153
v 23.440090 -31.298673 -56.847821
v 24.642146 -30.893721 -60.826484
v 25.522112 -29.879591 -64.029956
v 25.844202 -28.078998 -65.810367
v 25.522112 -25.547714 -65.878217
v 24.642146 -22.533328 -64.393573
v 23.440090 -19.380865 -61.932736
v 21.851906 -32.037459 -58.885291
v 22.972517 -31.598576 -62.993134
v 23.792860 -30.534424 -66.297060
v 24.093127 -28.665217 -68.126906
v 23.792860 -26.050064 -68.183908
v 22.972517 -22.943896 -66.634695
v 21.851906 -19.700141 -64.076366
v 20.116555 -32.707963 -60.779233
v 21.148173 -32.236717 -65.006586
v 21.903370 -31.125487 -68.403280
v 22.179791 -29.192326 -70.278470
v 21.903370 -26.499504 -70.324825
v 21.148173 -23.308707 -68.715110
v 20.116555 -19.981012 -66.065764
v 18.244873 -33.309104 -62.515300
v 19.180508 -32.807510 -66.851730
v 19.865440 -31.652645 -70.332955
v 20.116143 -29.660718 -72.249201
v 19.865440 -26.896941 -72.285331
v 19.180508 -23.629142 -70.619757
v 18.244873 -20.225267 -67.886653
v 16.248872 -33.840140 -64.080237
v 17.082148 -33.310639 -68.514612
v 17.692148 -32.116053 -72.071628
v 17.915423 -30.071037 -74.024477
v 17.692148 -27.243493 -74.051012
v 17.082148 -23.906744 -72.334765
v 16.248872 -20.434813 -69.525896
v 14.141634 -34.300605 -65.462014
v 14.866846 -33.746036 -69.982576
v 15.397739 -32.516077 -73.606196
v 15.592058 -30.424096 -75.591049
v 15.397739 -27.540400 -75.608821
v 14.866846 -24.143128 -73.847581
v 14.141634 -20.611582 -70.971610
v 11.937202 -34.690245 -66.649950
v 12.549366 -34.113809 -71.244389
v 12.997502 -32.853218 -74.925037
v 13.161531 -30.720794 -76.937169
v 12.997502 -27.788934 -76.947191
v 12.549366 -24.339893 -75.147086
v 11.937202 -20.757449 -72.213276
v 9.650457 -35.008962 -67.634816
v 10.145352 -34.414179 -72.290353
v 10.507640 -33.128037 -76.018119
v 10.640247 -30.962038 -78.052705
v 10.507640 -27.990325 -78.056152
v 10.145352 -24.498548 -76.223697
v 9.650457 -20.874150 -73.241830
v 7.296991 -35.256757 -68.408936
v 7.671196 -34.647414 -73.112401
v 7.945132 -33.341092 -76.877099
v 8.045400 -31.148673 -78.929233
v 7.945132 -28.145683 -78.927418
v 7.671196 -24.620431 -77.069454
v 7.296991 -20.963212 -74.049748
v 4.892973 -35.433681 -68.966255
v 5.143895 -34.813782 -73.704173
v 5.327583 -33.492878 -77.495405
v 5.394817 -31.281424 -79.560117
v 5.327583 -28.255943 -79.554462
v 5.143895 -24.706653 -77.678091
v 4.892973 -21.025887 -74.631107
v 2.455010 -35.539801 -69.302405
v 2.580908 -34.913504 -74.061084
v 2.673072 -33.583785 -77.868298
v 2.706806 -31.360842 -79.940574
v 2.673072 -28.321806 -79.932582
v 2.580908 -24.758043 -78.045091
v 2.455010 -21.063109 -74.981639
v 0.000000 -35.575168 -69.414749
v 0.000000 -34.946728 -74.180363
v 0.000000 -33.614059 -77.992915
v 0.000000 -31.387276 -80.067715
v 0.000000 -28.343712 -80.058939
v 0.000000 -24.775115 -78.167728
v 0.000000 -21.075452 -75.098771
v -2.455010 -35.539801 -69.302405
v -2.580908 -34.913504 -74.061084
v -2.673072 -33.583785 -77.868298
v -2.706806 -31.360842 -79.940574
v -2.673072 -28.321806 -79.932582
v -2.580908 -24.758043 -78.045091
v -2.455010 -21.063109 -74.981639
v -4.892973 -35.433681 -68.966255
v -5.143895 -34.813782 -73.704173
v -5.327583 -33.492878 -77.495405
v -5.394817 -31.281424 -79.560117
v -5.327583 -28.255943 -79.554462
v -5.143895 -24.706653 -77.678091
v -4.892973 -21.025887 -74.631107
v -7.296991 -35.256757 -68.408936
v -7.671196 -34.647414 -73.112401
v -7.945132 -33.341092 -76.877099
v -8.045400 -31.148673 -78.929233
v -7.945132 -28.145683 -78.927418
v -7.671196 -24.620431 -77.069454
v -7.296991 -20.963212 -74.049748
v -9.650457 -35.008962 -67.634816
v -10.145352 -34.414179 -72.290353
v -10.507640 -33.128037 -76.018119
v -10.640247 -30.962038 -78.052705
v -10.507640 -27.990325 -78.056152
v -10.145352 -24.498548 -76.223697
v -9.650457 -20.874150 -73.241830
v -11.937202 -34.690245 -66.649950
v -12.549366 -34.113809 -71.244389
v -12.997502 -32.853218 -74.925037
v -13.161531 -30.720794 -76.937169
v -12.997502 -27.788934 -76.947191
v -12.549366 -24.339893 -75.147086
v -11.937202 -20.757449 -72.213276
v -14.141634 -34.300605 -65.462014
v -14.866846 -33.746036 -69.982576
v -15.397739 -32.516077 -73.606196
v -15.592058 -30.424096 -75.591049
v -15.397739 -27.540400 -75.608821
v -14.866846 -24.143128 -73.847581
v -14.141634 -20.611582 -70.971610
v -16.248872 -33.840140 -64.080237
v -17.082148 -33.310639 -68.514612
v -17.692148 -32.116053 -72.071628
v -17.915423 -30.071037 -74.024477
v -17.692148 -27.243493 -74.051012
v -17.082148 -23.906744 -72.334765
v -16.248872 -20.434813 -69.525896
v -18.244873 -33.309104 -62.515300
v -19.180508 -32.807510 -66.851730
v -19.865440 -31.652645 -70.332955
v -20.116143 -29.660718 -72.249201
v -19.865440 -26.896941 -72.285331
v -19.180508 -23.629142 -70.619757
v -18.244873 -20.225267 -67.886653
v -20.116555 -32.707963 -60.779233
v -21.148173 -32.236717 -65.006586
v -21.903370 -31.125487 -68.403280
v -22.179791 -29.192326 -70.278470
v -21.903370 -26.499504 -70.324825
v -21.148173 -23.308707 -68.715110
v -20.116555 -19.981012 -66.065764
v -21.851906 -32.037459 -58.885291
v -22.972517 -31.598576 -62.993134
v -23.792860 -30.534424 -66.297060
v -24.093127 -28.665217 -68.126906
v -23.792860 -26.050064 -68.183908
v -22.972517 -22.943896 -66.634695
v -21.851906 -19.700141 -64.076366
v -23.440090 -31.298673 -56.847821
v -24.642146 -30.893721 -60.826484
v -25.522112 -29.879591 -64.029956
v -25.844202 -28.078998 -65.810367
v -25.522112 -25.547714 -65.878217
v -24.642146 -22.533328 -64.393573
v -23.440090 -19.380865 -61.932736
v -24.871537 -30.493090 -54.682113
v -26.147001 -30.123175 -58.522754
v -27.080705 -29.161490 -61.618688
v -27.422464 -27.433614 -63.345791
v -27.080705 -24.991841 -63.424468
v -26.147001 -22.075875 -62.007855
v -24.871537 -19.021600 -59.650153
v -26.138025 -29.622654 -52.404245
v -27.478437 -29.288417 -56.098905
v -28.459686 -28.381069 -59.080866
v -28.818849 -26.729428 -60.751031
v -28.459686 -24.382216 -60.840293
v -27.478437 -21.570750 -59.494548
v -26.138025 -18.621057 -57.244762
v -27.232748 -28.689824 -50.030918
v -28.629299 -28.391447 -53.572572
v -29.651645 -27.539786 -56.434810
v -30.025850 -25.967300 -58.044680
v -29.651645 -23.719075 -58.144072
v -28.629299 -21.017588 -56.871396
v -27.232748 -18.178329 -54.733418
v -28.150371 -27.697614 -47.579285
v -29.593980 -27.434830 -50.961883
v -30.650775 -26.639673 -53.699376
v -31.037589 -25.148648 -55.245886
v -30.650775 -23.003189 -55.354751
v -29.593980 -20.416524 -54.156707
v -28.150371 -17.692962 -52.133533
v -28.887078 -26.649633 -45.066776
v -30.368466 -26.421747 -48.285277
v -31.452918 -25.683385 -50.893760
v -31.849855 -24.275513 -52.374169
v -31.452918 -22.235927 -52.491663
v -30.368466 -19.768257 -51.369181
v -28.887078 -17.165029 -49.462905
v -29.440595 -25.550101 -42.510918
v -30.950369 -25.356018 -45.561319
v -32.055601 -24.674236 -48.037311
v -32.460143 -23.350595 -49.449222
v -32.055601 -21.419309 -49.574332
v -30.950369 -19.074106 -48.527723
v -29.440595 -16.595184 -46.739551
v -29.810213 -24.403861 -39.929160
v -31.338942 -24.242121 -42.808510
v -32.458050 -23.616222 -45.149336
v -32.867671 -22.377287 -46.490719
v -32.458050 -20.556035 -46.622290
v -31.338942 -18.336051 -45.651268
v -29.810213 -15.984709 -43.981534
v -29.996786 -23.216372 -37.338694
v -31.535082 -23.085190 -40.045108
v -32.661194 -22.514028 -42.248908
v -33.073379 -21.359685 -43.518123
v -32.661194 -19.649507 -43.654880
v -31.535082 -17.556750 -42.758592
v -29.996786 -15.335537 -41.206787
v -30.002717 -21.993689 -34.756287
v -31.541318 -21.890996 -37.288940
v -32.667652 -21.373012 -39.354684
v -33.079919 -20.302586 -40.550494
v -32.667652 -18.703832 -40.691073
v -31.541318 -16.739558 -39.868132
v -30.002717 -14.650271 -38.432947
v -29.831939 -20.742421 -32.198115
v -31.361782 -20.665921 -34.557234
v -32.481705 -20.199185 -36.484715
v -32.891625 -19.211460 -37.606307
v -32.481705 -17.723802 -37.749283
v -31.361782 -15.888504 -36.997812
v -29.831939 -13.932176 -35.677180
v -29.489872 -19.469684 -29.679610
v -31.002173 -19.416897 -31.866453
v -32.109254 -18.999157 -33.656282
v -32.514474 -18.092415 -34.703272
v -32.109254 -16.714861 -34.847191
v -31.002173 -15.008276 -34.164871
v -29.489872 -13.185158 -32.956023
v -28.983368 -18.183029 -27.215314
v -30.469695 -18.151351 -29.232143
v -31.557762 -17.780075 -30.885733
v -31.956022 -16.952135 -31.858176
v -31.557762 -15.683054 -32.001584
v -30.469695 -14.104164 -31.385702
v -28.983368 -12.413731 -30.285230
v -28.320654 -16.890360 -24.818750
v -29.772996 -16.877113 -26.668787
v -30.836183 -16.549547 -28.188332
v -31.225337 -15.797801 -29.086724
v -30.836183 -14.634954 -29.228201
v -29.772996 -13.182004 -28.675702
v -28.320654 -11.622953 -27.679624
v -27.511247 -15.599840 -22.502307
v -28.922080 -15.602325 -24.189690
v -29.954881 -15.315542 -25.578132
v -30.332913 -14.637005 -26.403405
v -29.954881 -13.577574 -26.541592
v -28.922080 -12.248099 -26.049141
v -27.511247 -10.818363 -25.152969
v -26.565868 -14.319782 -20.277142
v -27.928220 -14.335332 -21.806865
v -28.925531 -14.086283 -23.067854
v -29.290572 -13.477640 -23.821375
v -28.925531 -12.518274 -23.955001
v -27.928220 -11.309121 -23.519032
v -26.565868 -10.005893 -22.717850
v -25.496345 -13.058537 -18.153094
v -26.803850 -13.084563 -19.530943
v -27.761010 -12.870127 -20.668795
v -28.111355 -12.327783 -21.352347
v -27.761010 -11.464638 -21.480254
v -26.803850 -10.372011 -21.097035
v -25.496345 -9.191772 -20.385571
v 25.496345 9.191772 -20.385571
v 26.803850 10.372011 -21.097035
v 27.761010 11.464638 -21.480254
v 28.111355 12.327783 -21.352347
v 27.761010 12.870127 -20.668795
v 26.803850 13.084563 -19.530943
v 25.496345 13.058537 -18.153094
v 26.565868 10.400629 -22.539866
v 27.928220 11.717633 -23.318194
v 28.925531 12.934206 -23.733006
v 29.290572 13.891096 -23.582666
v 28.925531 14.486502 -22.818643
v 27.928220 14.713519 -21.553502
v 26.565868 14.671289 -20.024283
v 27.511247 11.687650 -24.761011
v 28.922080 13.147724 -25.606855
v 29.954881 14.493541 -26.052714
v 30.332913 15.547517 -25.877721
v 29.954881 16.196906 -25.029320
v 28.922080 16.435168 -23.631735
v 27.511247 16.373929 -21.945462
v 28.320654 13.048488 -27.036856
v 29.772996 14.657291 -27.950402
v 30.836183 16.137038 -28.426494
v 31.225337 17.290941 -28.224659
v 30.836183 17.994888 -27.288342
v 29.772996 18.242885 -25.753802
v 28.320654 18.159781 -23.905584
v 28.983368 14.477639 -29.354622
v 30.469695 16.240103 -30.335602
v 31.557762 17.857792 -30.840863
v 31.956022 19.113922 -30.610067
v 31.557762 19.872657 -29.582715
v 30.469695 20.128733 -27.907415
v 28.983368 20.020913 -25.893221
v 29.489872 15.968454 -31.701046
v 31.002173 17.888710 -32.748753
v 32.109254 19.647617 -33.281893
v 32.514474 21.007708 -33.020127
v 32.109254 21.821122 -31.899090
v 31.002173 22.083508 -30.079984
v 29.489872 21.948174 -27.896694
v 29.831939 17.513175 -34.062521
v 31.361782 19.594482 -35.175829
v 32.481705 21.497097 -35.735365
v 32.891625 22.962287 -35.440766
v 32.481705 23.829937 -34.223904
v 31.361782 24.096793 -32.258755
v 29.831939 23.931256 -29.904208
v 30.002717 19.102983 -36.425237
v 31.541318 21.347671 -37.602629
v 32.667652 23.395650 -38.186913
v 33.079919 24.966465 -37.857802
v 32.667652 25.887587 -36.543530
v 31.541318 26.157036 -34.430948
v 30.002717 25.958773 -31.903980
v 29.996786 20.728071 -38.775315
v 31.535082 23.137486 -40.014915
v 32.661194 25.331614 -40.622174
v 33.073379 27.007958 -40.257092
v 32.661194 27.981482 -38.844412
v 31.535082 28.251651 -36.583888
v 29.996786 28.018356 -33.884358
v 29.810213 22.377736 -41.098943
v 31.338942 24.952197 -42.398548
v 32.458050 27.292361 -43.026916
v 32.867671 29.073500 -42.624659
v 32.458050 30.098070 -41.113193
v 31.338942 30.367132 -38.705120
v 29.810213 30.096771 -35.833931
v 29.440595 24.040484 -43.382495
v 30.950369 26.779250 -44.739615
v 32.055601 29.264414 -45.387171
v 32.460143 31.148985 -44.946819
v 32.055601 32.222976 -43.336832
v 30.950369 32.489188 -40.782522
v 29.440595 32.180047 -37.741627
v 28.887078 25.704156 -45.612647
v 30.368466 28.605403 -47.024543
v 31.452918 31.233597 -47.689344
v 31.849855 33.219605 -47.210296
v 31.452918 34.341150 -45.502709
v 30.368466 34.602887 -42.804403
v 28.887078 34.253618 -39.596804
v 28.150371 27.356062 -47.776480
v 29.593980 30.416870 -49.240201
v 30.650775 33.185187 -49.920322
v 31.037589 35.270017 -49.402311
v 30.650775 36.437026 -47.598721
v 29.593980 36.692823 -44.759582
v 28.150371 36.302484 -41.389321
v 27.232748 28.983134 -49.861575
v 28.629299 32.199485 -51.374000
v 29.651645 35.104086 -52.067559
v 30.025850 37.284517 -51.510681
v 29.651645 38.494706 -49.613357
v 28.629299 38.743280 -46.637463
v 27.232748 38.311366 -43.109604
v 26.138025 30.572080 -51.856094
v 27.478437 33.938868 -53.413966
v 28.459686 36.974996 -54.119160
v 28.818849 39.247222 -53.523879
v 28.459686 40.498132 -51.535765
v 27.478437 40.738415 -48.428092
v 26.138025 40.264889 -44.748690
v 24.871537 32.109554 -53.748847
v 26.147001 35.620604 -55.348811
v 27.080705 38.782604 -56.063936
v 27.422464 41.142258 -55.431102
v 27.080705 42.431280 -53.355803
v 26.147001 42.662440 -50.122196
v 24.871537 42.147748 -46.298265
v 23.440090 33.582321 -55.529357
v 24.642146 37.230420 -57.167989
v 25.522112 40.511773 -57.891463
v 25.844202 42.953951 -57.222309
v 25.522112 44.278353 -55.064078
v 24.642146 44.499806 -51.711221
v 23.440090 43.944890 -47.750689
v 21.851906 34.977429 -57.187899
v 22.972517 38.754366 -58.861737
v 23.792860 42.147726 -59.592117
v 24.093127 44.667022 -58.888259
v 23.792860 46.023964 -56.651972
v 22.972517 46.235391 -53.187344
v 21.851906 45.641690 -49.099006
v 20.116555 36.282378 -58.715543
v 21.148173 40.178996 -60.421109
v 21.903370 43.676235 -61.157103
v 22.179791 46.266777 -60.420531
v 21.903370 47.653333 -58.111656
v 21.148173 47.854678 -54.543488
v 20.116555 47.224124 -50.336946
v 18.244873 37.485285 -60.104180
v 19.180508 41.491542 -61.838002
v 19.865440 45.083803 -62.578472
v 20.116143 47.739284 -61.811536
v 19.865440 49.152462 -59.436099
v 19.180508 49.343933 -55.773316
v 18.244873 48.678933 -51.458922
v 16.248872 38.575043 -61.346539
v 17.082148 42.680075 -63.105165
v 17.692148 46.357834 -63.849131
v 17.915423 49.071559 -63.054521
v 17.692148 50.508311 -60.619063
v 17.082148 50.690372 -56.871231
v 16.248872 49.993786 -52.460015
v 14.141634 39.541465 -62.436202
v 14.866846 43.733671 -64.216212
v 15.397739 47.486797 -64.962847
v 15.592058 50.251720 -64.143565
v 15.397739 51.708959 -61.655096
v 14.866846 51.882317 -57.832352
v 14.141634 51.157427 -53.335959
v 11.937202 40.375427 -63.367608
v 12.549366 44.642546 -65.165620
v 12.997502 48.460377 -65.914240
v 13.161531 51.269146 -65.073573
v 12.997502 52.743755 -62.539519
v 12.549366 52.909339 -58.652509
v 11.937202 52.159807 -54.083116
v 9.650457 41.068988 -64.136059
v 10.145352 45.398193 -65.948730
v 10.507640 49.269603 -66.698781
v 10.640247 52.114606 -65.840264
v 10.507640 53.603448 -63.268408
v 10.145352 53.762384 -59.328213
v 9.650457 52.992210 -54.698460
v 7.296991 41.615498 -64.737715
v 7.671196 45.993489 -66.561741
v 7.945132 49.906975 -67.312782
v 8.045400 52.780384 -66.440159
v 7.945132 54.280307 -63.838586
v 7.671196 54.433890 -59.856646
v 7.296991 53.647357 -55.179548
v 4.892973 42.009688 -65.169595
v 5.143895 46.422795 -67.001706
v 5.327583 50.366551 -67.753386
v 5.394817 53.260371 -66.870566
v 5.327583 54.768214 -64.247595
v 5.143895 54.917874 -60.235634
v 4.892973 54.119491 -55.524506
v 2.455010 42.247743 -65.429573
v 2.580908 46.682028 -67.266523
v 2.673072 50.644032 -68.018560
v 2.706806 53.550147 -67.129573
v 2.673072 55.062744 -64.493695
v 2.580908 55.210010 -60.463639
v 2.455010 54.404450 -55.732007
v 0.000000 42.327352 -65.516374
v 0.000000 46.768715 -67.354936
v 0.000000 50.736816 -68.107086
v 0.000000 53.647037 -67.216035
v 0.000000 55.161219 -64.575844
v 0.000000 55.307681 -60.539743
v 0.000000 54.499717 -55.801262
v -2.455010 42.247743 -65.429573
v -2.580908 46.682028 -67.266523
v -2.673072 50.644032 -68.018560
v -2.706806 53.550147 -67.129573
v -2.673072 55.062744 -64.493695
v -2.580908 55.210010 -60.463639
v -2.455010 54.404450 -55.732007
v -4.892973 42.009688 -65.169595
v -5.143895 46.422795 -67.001706
v -5.327583 50.366551 -67.753386
v -5.394817 53.260371 -66.870566
v -5.327583 54.768214 -64.247595
v -5.143895 54.917874 -60.235634
v -4.892973 54.119491 -55.524506
v -7.296991 41.615498 -64.737715
v -7.671196 45.993489 -66.561741
v -7.945132 49.906975 -67.312782
v -8.045400 52.780384 -66.440159
v -7.945132 54.280307 -63.838586
v -7.671196 54.433890 -59.856646
v -7.296991 53.647357 -55.179548
v -9.650457 41.068988 -64.136059
v -10.145352 45.398193 -65.948730
v -10.507640 49.269603 -66.698781
v -10.640247 52.114606 -65.840264
v -10.507640 53.603448 -63.268408
v -10.145352 53.762384 -59.328213
v -9.650457 52.992210 -54.698460
v -11.937202 40.375427 -63.367608
v -12.549366 44.642546 -65.165620
v -12.997502 48.460377 -65.914240
v -13.161531 51.269146 -65.073573
v -12.997502 52.743755 -62.539519
v -12.549366 52.909339 -58.652509
v -11.937202 52.159807 -54.083116
v -14.141634 39.541465 -62.436202
v -14.866846 43.733671 -64.216212
v -15.397739 47.486797 -64.962847
v -15.592058 50.251720 -64.143565
v -15.397739 51.708959 -61.655096
v -14.866846 51.882317 -57.832352
v -14.141634 51.157427 -53.335959
v -16.248872 38.575043 -61.346539
v -17.082148 42.680075 -63.105165
v -17.692148 46.357834 -63.849131
v -17.915423 49.071559 -63.054521
v -17.692148 50.508311 -60.619063
v -17.082148 50.690372 -56.871231
v -16.248872 49.993786 -52.460015
v -18.244873 37.485285 -60.104180
v -19.180508 41.491542 -61.838002
v -19.865440 45.083803 -62.578472
v -20.116143 47.739284 -61.811536
v -19.865440 49.152462 -59.436099
v -19.180508 49.343933 -55.773316
v -18.244873 48.678933 -51.458922
v -20.116555 36.282378 -58.715543
v -21.148173 40.178996 -60.421109
v -21.903370 43.676235 -61.157103
v -22.179791 46.266777 -60.420531
v -21.903370 47.653333 -58.111656
v -21.148173 47.854678 -54.543488
v -20.116555 47.224124 -50.336946
v -21.851906 34.977429 -57.187899
v -22.972517 38.754366 -58.861737
v -23.792860 42.147726 -59.592117
v -24.093127 44.667022 -58.888259
v -23.792860 46.023964 -56.651972
v -22.972517 46.235391 -53.187344
v -21.851906 45.641690 -49.099006
v -23.440090 33.582321 -55.529357
v -24.642146 37.230420 -57.167989
v -25.522112 40.511773 -57.891463
v -25.844202 42.953951 -57.222309
v -25.522112 44.278353 -55.064078
v -24.642146 44.499806 -51.711221
v -23.440090 43.944890 -47.750689
v -24.871537 32.109554 -53.748847
v -26.147001 35.620604 -55.348811
v -27.080705 38.782604 -56.063936
v -27.422464 41.142258 -55.431102
v -27.080705 42.431280 -53.355803
v -26.147001 42.662440 -50.122196
v -24.871537 42.147748 -46.298265
v -26.138025 30.572080 -51.856094
v -27.478437 33.938868 -53.413966
v -28.459686 36.974996 -54.119160
v -28.818849 39.247222 -53.523879
v -28.459686 40.498132 -51.535765
v -27.478437 40.738415 -48.428092
v -26.138025 40.264889 -44.748690
v -27.232748 28.983134 -49.861575
v -28.629299 32.199485 -51.374000
v -29.651645 35.104086 -52.067559
v -30.025850 37.284517 -51.510681
v -29.651645 38.494706 -49.613357
v -28.629299 38.743280 -46.637463
v -27.232748 38.311366 -43.109604
v -28.150371 27.356062 -47.776480
v -29.593980 30.416870 -49.240201
v -30.650775 33.185187 -49.920322
v -31.037589 35.270017 -49.402311
v -30.650775 36.437026 -47.598721
v -29.593980 36.692823 -44.759582
v -28.150371 36.302484 -41.389321
v -28.887078 25.704156 -45.612647
v -30.368466 28.605403 -47.024543
v -31.452918 31.233597 -47.689344
v -31.849855 33.219605 -47.210296
v -31.452918 34.341150 -45.502709
v -30.368466 34.602887 -42.804403
v -28.887078 34.253618 -39.596804
v -29.440595 24.040484 -43.382495
v -30.950369 26.779250 -44.739615
v -32.055601 29.264414 -45.387171
v -32.460143 31.148985 -44.946819
v -32.055601 32.222976 -43.336832
v -30.950369 32.489188 -40.782522
v -29.440595 32.180047 -37.741627
v -29.810213 22.377736 -41.098943
v -31.338942 24.952197 -42.398548
v -32.458050 27.292361 -43.026916
v -32.867671 29.073500 -42.624659
v -32.458050 30.098070 -41.113193
v -31.338942 30.367132 -38.705120
v -29.810213 30.096771 -35.833931
v -29.996786 20.728071 -38.775315
v -31.535082 23.137486 -40.014915
v -32.661194 25.331614 -40.622174
v -33.073379 27.007958 -40.257092
v -32.661194 27.981482 -38.844412
v -31.535082 28.251651 -36.583888
v -29.996786 28.018356 -33.884358
v -30.002717 19.102983 -36.425237
v -31.541318 21.347671 -37.602629
v -32.667652 23.395650 -38.186913
v -33.079919 24.966465 -37.857802
v -32.667652 25.887587 -36.543530
v -31.541318 26.157036 -34.430948
v -30.002717 25.958773 -31.903980
v -29.831939 17.513175 -34.062521
v -31.361782 19.594482 -35.175829
v -32.481705 21.497097 -35.735365
v -32.891625 22.962287 -35.440766
v -32.481705 23.829937 -34.223904
v -31.361782 24.096793 -32.258755
v -29.831939 23.931256 -29.904208
v -29.489872 15.968454 -31.701046
v -31.002173 17.888710 -32.748753
v -32.109254 19.647617 -33.281893
v -32.514474 21.007708 -33.020127
v -32.109254 21.821122 -31.899090
v -31.002173 22.083508 -30.079984
v -29.489872 21.948174 -27.896694
v -28.983368 14.477639 -29.354622
v -30.469695 16.240103 -30.335602
v -31.557762 17.857792 -30.840863
v -31.956022 19.113922 -30.610067
v -31.557762 19.872657 -29.582715
v -30.469695 20.128733 -27.907415
v -28.983368 20.020913 -25.893221
v -28.320654 13.048488 -27.036856
v -29.772996 14.657291 -27.950402
v -30.836183 16.137038 -28.426494
v -31.225337 17.290941 -28.224659
v -30.836183 17.994888 -27.288342
v -29.772996 18.242885 -25.753802
v -28.320654 18.159781 -23.905584
v -27.511247 11.687650 -24.761011
v -28.922080 13.147724 -25.606855
v -29.954881 14.493541 -26.052714
v -30.332913 15.547517 -25.877721
v -29.954881 16.196906 -25.029320
v -28.922080 16.435168 -23.631735
v -27.511247 16.373929 -21.945462
v -26.565868 10.400629 -22.539866
v -27.928220 11.717633 -23.318194
v -28.925531 12.934206 -23.733006
v -29.290572 13.891096 -23.582666
v -28.925531 14.486502 -22.818643
v -27.928220 14.713519 -21.553502
v -26.565868 14.671289 -20.024283
v -25.496345 9.191772 -20.385571
v -26.803850 10.372011 -21.097035
v -27.761010 11.464638 -21.480254
v -28.111355 12.327783 -21.352347
v -27.761010 12.870127 -20.668795
v -26.803850 13.084563 -19.530943
v -25.496345 13.058537 -18.153094
vt 0.000000 0.000000
vt 0.166667 0.000000
vt 0.333333 0.000000
vt 0.500000 0.000000
vt 0.666667 0.000000
vt 0.833333 0.000000
vt 1.000000 0.000000
vt 0.000000 0.018519
vt 0.166667 0.018519
vt 0.333333 0.018519
vt 0.500000 0.018519
vt 0.666667 0.018519
vt 0.833333 0.018519
vt 1.000000 0.018519
vt 0.000000 0.037037
vt 0.166667 0.037037
vt 0.333333 0.037037
vt 0.500000 0.037037
vt 0.666667 0.037037
vt 0.833333 0.037037
vt 1.000000 0.037037
vt 0.000000 0.055556
vt 0.166667 0.055556
vt 0.333333 0.055556
vt 0.500000 0.055556
vt 0.666667 0.055556
vt 0.833333 0.055556
vt 1.000000 0.055556
vt 0.000000 0.074074
vt 0.166667 0.074074
vt 0.333333 0.074074
vt 0.500000 0.074074
vt 0.666667 0.074074
vt 0.833333 0.074074
vt 1.000000 0.074074
vt 0.000000 0.092593
vt 0.166667 0.092593
vt 0.333333 0.092593
vt 0.500000 0.092593
vt 0.666667 0.092593
vt 0.833333 0.092593
vt 1.000000 0.092593
vt 0.000000 0.111111
vt 0.166667 0.111111
vt 0.333333 0.111111
vt 0.500000 0.111111
vt 0.666667 0.111111
vt 0.833333 0.111111
vt 1.000000 0.111111
vt 0.000000 0.129630
vt 0.166667 0.129630
vt 0.333333 0.129630
vt 0.500000 0.129630
vt 0.666667 0.129630
vt 0.833333 0.129630
vt 1.000000 0.129630
vt 0.000000 0.148148
vt 0.166667 0.148148
vt 0.333333 0.148148
vt 0.500000 0.148148
vt 0.666667 0.148148
vt 0.833333 0.148148
vt 1.000000 0.148148
vt 0.000000 0.166667
vt 0.166667 0.166667
vt 0.333333 0.166667
vt 0.500000 0.166667
vt 0.666667 0.166667
vt 0.833333 0.166667
vt 1.000000 0.166667
vt 0.000000 0.185185
vt 0.166667 0.185185
vt 0.333333 0.185185
vt 0.500000 0.185185
vt 0.666667 0.185185
vt 0.833333 0.185185
vt 1.000000 0.185185
vt 0.000000 0.203704
vt 0.166667 0.203704
vt 0.333333 0.203704
vt 0.500000 0.203704
vt 0.666667 0.203704
vt 0.833333 0.203704
vt 1.000000 0.203704
vt 0.000000 0.222222
vt 0.166667 0.222222
vt 0.333333 0.222222
vt 0.500000 0.222222
vt 0.666667 0.222222
vt 0.833333 0.222222
vt 1.000000 0.222222
vt 0.000000 0.240741
vt 0.166667 0.240741
vt 0.333333 0.240741
vt 0.500000 0.240741
vt 0.666667 0.240741
vt 0.833333 0.240741
vt 1.000000 0.240741
vt 0.000000 0.259259
vt 0.166667 0.259259
vt 0.333333 0.259259
vt 0.500000 0.259259
vt 0.666667 0.259259
vt 0.833333 0.259259
vt 1.000000 0.259259
vt 0.000000 0.277778
vt 0.166667 0.277778
vt 0.333333 0.277778
vt 0.500000 0.277778
vt 0.666667 0.277778
vt 0.833333 0.277778
vt 1.000000 0.277778
vt 0.000000 0.296296
vt 0.166667 0.296296
vt 0.333333 0.296296
vt 0.500000 0.296296
vt 0.666667 0.296296
vt 0.833333 0.296296
vt 1.000000 0.296296
vt 0.000000 0.314815
vt 0.166667 0.314815
vt 0.333333 0.314815
vt 0.500000 0.314815
vt 0.666667 0.314815
vt 0.833333 0.314815
vt 1.000000 0.314815
vt 0.000000 0.333333
vt 0.166667 0.333333
vt 0.333333 0.333333
vt 0.500000 0.333333
vt 0.666667 0.333333
vt 0.833333 0.333333
vt 1.000000 0.333333
vt 0.000000 0.351852
vt 0.166667 0.351852
vt 0.333333 0.351852
vt 0.500000 0.351852
vt 0.666667 0.351852
vt 0.833333 0.351852
vt 1.000000 0.351852
vt 0.000000 0.370370
vt 0.166667 0.370370
vt 0.333333 0.370370
vt 0.500000 0.370370
vt 0.666667 0.370370
vt 0.833333 0.370370
vt 1.000000 0.370370
vt 0.000000 0.388889
vt 0.166667 0.388889
vt 0.333333 0.388889
vt 0.500000 0.388889
vt 0.666667 0.388889
vt 0.833333 0.388889
vt 1.000000 0.388889
vt 0.000000 0.407407
vt 0.166667 0.407407
vt 0.333333 0.407407
vt 0.500000 0.407407
vt 0.666667 0.407407
vt 0.833333 0.407407
vt 1.000000 0.407407
vt 0.000000 0.425926
vt 0.166667 0.425926
vt 0.333333 0.425926
vt 0.500000 0.425926
vt 0.666667 0.425926
vt 0.833333 0.425926
vt 1.000000 0.425926
vt 0.000000 0.444444
vt 0.166667 0.444444
vt 0.333333 0.444444
vt 0.500000 0.444444
vt 0.666667 0.444444
vt 0.833333 0.444444
vt 1.000000 0.444444
vt 0.000000 0.462963
vt 0.166667 0.462963
vt 0.333333 0.462963
vt 0.500000 0.462963
vt 0.666667 0.462963
vt 0.833333 0.462963
vt 1.000000 0.462963
vt 0.000000 0.481481
vt 0.166667 0.481481
vt 0.333333 0.481481
vt 0.500000 0.481481
vt 0.666667 0.481481
vt 0.833333 0.481481
vt 1.000000 0.481481
vt 0.000000 0.500000
vt 0.166667 0.500000
vt 0.333333 0.500000
vt 0.500000 0.500000
vt 0.666667 0.500000
vt 0.833333 0.500000
vt 1.000000 0.500000
vt 0.000000 0.518519
vt 0.166667 0.518519
vt 0.333333 0.518519
vt 0.500000 0.518519
vt 0.666667 0.518519
vt 0.833333 0.518519
vt 1.000000 0.518519
vt 0.000000 0.537037
vt 0.166667 0.537037
vt 0.333333 0.537037
vt 0.500000 0.537037
vt 0.666667 0.537037
vt 0.833333 0.537037
vt 1.000000 0.537037
vt 0.000000 0.555556
vt 0.166667 0.555556
vt 0.333333 0.555556
vt 0.500000 0.555556
vt 0.666667 0.555556
vt 0.833333 0.555556
vt 1.000000 0.555556
vt 0.000000 0.574074
vt 0.166667 0.574074
vt 0.333333 0.574074
vt 0.500000 0.574074
vt 0.666667 0.574074
vt 0.833333 0.574074
vt 1.000000 0.574074
vt 0.000000 0.592593
vt 0.166667 0.592593
vt 0.333333 0.592593
vt 0.500000 0.592593
vt 0.666667 0.592593
vt 0.833333 0.592593
vt 1.000000 0.592593
vt 0.000000 0.611111
vt 0.166667 0.611111
vt 0.333333 0.611111
vt 0.500000 0.611111
vt 0.666667 0.611111
vt 0.833333 0.611111
vt 1.000000 0.611111
vt 0.000000 0.629630
vt 0.166667 0.629630
vt 0.333333 0.629630
vt 0.500000 0.629630
vt 0.666667 0.629630
vt 0.833333 0.629630
vt 1.000000 0.629630
vt 0.000000 0.648148
vt 0.166667 0.648148
vt 0.333333 0.648148
vt 0.500000 0.648148
vt 0.666667 0.648148
vt 0.833333 0.648148
vt 1.000000 0.648148
vt 0.000000 0.666667
vt 0.166667 0.666667
vt 0.333333 0.666667
vt 0.500000 0.666667
vt 0.666667 0.666667
vt 0.833333 0.666667
vt 1.000000 0.666667
vt 0.000000 0.685185
vt 0.166667 0.685185
vt 0.333333 0.685185
vt 0.500000 0.685185
vt 0.666667 0.685185
vt 0.833333 0.685185
vt 1.000000 0.685185
vt 0.000000 0.703704
vt 0.166667 0.703704
vt 0.333333 0.703704
vt 0.500000 0.703704
vt 0.666667 0.703704
vt 0.833333 0.703704
vt 1.000000 0.703704
vt 0.000000 0.722222
vt 0.166667 0.722222
vt 0.333333 0.722222
vt 0.500000 0.722222
vt 0.666667 0.722222
vt 0.833333 0.722222
vt 1.000000 0.722222
vt 0.000000 0.740741
vt 0.166667 0.740741
vt 0.333333 0.740741
vt 0.500000 0.740741
vt 0.666667 0.740741
vt 0.833333 0.740741
vt 1.000000 0.740741
vt 0.000000 0.759259
vt 0.166667 0.759259
vt 0.333333 0.759259
vt 0.500000 0.759259
vt 0.666667 0.759259
vt 0.833333 0.759259
vt 1.000000 0.759259
vt 0.000000 0.777778
vt 0.166667 0.777778
vt 0.333333 0.777778
vt 0.500000 0.777778
vt 0.666667 0.777778
vt 0.833333 0.777778
vt 1.000000 0.777778
vt 0.000000 0.796296
vt 0.166667 0.796296
vt 0.333333 0.796296
vt 0.500000 0.796296
vt 0.666667 0.796296
vt 0.833333 0.796296
vt 1.000000 0.796296
vt 0.000000 0.814815
vt 0.166667 0.814815
vt 0.333333 0.814815
vt 0.500000 0.814815
vt 0.666667 0.814815
vt 0.833333 0.814815
vt 1.000000 0.814815
vt 0.000000 0.833333
vt 0.166667 0.833333
vt 0.333333 0.833333
vt 0.500000 0.833333
vt 0.666667 0.833333
vt 0.833333 0.833333
vt 1.000000 0.833333
vt 0.000000 0.851852
vt 0.166667 0.851852
vt 0.333333 0.851852
vt 0.500000 0.851852
vt 0.666667 0.851852
vt 0.833333 0.851852
vt 1.000000 0.851852
vt 0.000000 0.870370
vt 0.166667 0.870370
vt 0.333333 0.870370
vt 0.500000 0.870370
vt 0.666667 0.870370
vt 0.833333 0.870370
vt 1.000000 0.870370
vt 0.000000 0.888889
vt 0.166667 0.888889
vt 0.333333 0.888889
vt 0.500000 0.888889
vt 0.666667 0.888889
vt 0.833333 0.888889
vt 1.000000 0.888889
vt 0.000000 0.907407
vt 0.166667 0.907407
vt 0.333333 0.907407
vt 0.500000 0.907407
vt 0.666667 0.907407
vt 0.833333 0.907407
vt 1.000000 0.907407
vt 0.000000 0.925926
vt 0.166667 0.925926
vt 0.333333 0.925926
vt 0.500000 0.925926
vt 0.666667 0.925926
vt 0.833333 0.925926
vt 1.000000 0.925926
vt 0.000000 0.944444
vt 0.166667 0.944444
vt 0.333333 0.944444
vt 0.500000 0.944444
vt 0.666667 0.944444
vt 0.833333 0.944444
vt 1.000000 0.944444
vt 0.000000 0.962963
vt 0.166667 0.962963
vt 0.333333 0.962963
vt 0.500000 0.962963
vt 0.666667 0.962963
vt 0.833333 0.962963
vt 1.000000 0.962963
vt 0.000000 0.981481
vt 0.166667 0.981481
vt 0.333333 0.981481
vt 0.500000 0.981481
vt 0.666667 0.981481
vt 0.833333 0.981481
vt 1.000000 0.981481
vt 0.000000 1.000000
vt 0.166667 1.000000
vt 0.333333 1.000000
vt 0.500000 1.000000
vt 0.666667 1.000000
vt 0.833333 1.000000
vt 1.000000 1.000000
vt 0.000000 0.000000
vt 0.166667 0.000000
vt 0.333333 0.000000
vt 0.500000 0.000000
vt 0.666667 0.000000
vt 0.833333 0.000000
vt 1.000000 0.000000
vt 0.000000 0.018519
vt 0.166667 0.018519
vt 0.333333 0.018519
vt 0.500000 0.018519
vt 0.666667 0.018519
vt 0.833333 0.018519
vt 1.000000 0.018519
vt 0.000000 0.037037
vt 0.166667 0.037037
vt 0.333333 0.037037
vt 0.500000 0.037037
vt 0.666667 0.037037
vt 0.833333 0.037037
vt 1.000000 0.037037
vt 0.000000 0.055556
vt 0.166667 0.055556
vt 0.333333 0.055556
vt 0.500000 0.055556
vt 0.666667 0.055556
vt 0.833333 0.055556
vt 1.000000 0.055556
vt 0.000000 0.074074
vt 0.166667 0.074074
vt 0.333333 0.074074
vt 0.500000 0.074074
vt 0.666667 0.074074
vt 0.833333 0.074074
vt 1.000000 0.074074
vt 0.000000 0.092593
vt 0.166667 0.092593
vt 0.333333 0.092593
vt 0.500000 0.092593
vt 0.666667 0.092593
vt 0.833333 0.092593
vt 1.000000 0.092593
vt 0.000000 0.111111
vt 0.166667 0.111111
vt 0.333333 0.111111
vt 0.500000 0.111111
vt 0.666667 0.111111
vt 0.833333 0.111111
vt 1.000000 0.111111
vt 0.000000 0.129630
vt 0.166667 0.129630
vt 0.333333 0.129630
vt 0.500000 0.129630
vt 0.666667 0.129630
vt 0.833333 0.129630
vt 1.000000 0.129630
vt 0.000000 0.148148
vt 0.166667 0.148148
vt 0.333333 0.148148
vt 0.500000 0.148148
vt 0.666667 0.148148
vt 0.833333 0.148148
vt 1.000000 0.148148
vt 0.000000 0.166667
vt 0.166667 0.166667
vt 0.333333 0.166667
vt 0.500000 0.166667
vt 0.666667 0.166667
vt 0.833333 0.166667
vt 1.000000 0.166667
vt 0.000000 0.185185
vt 0.166667 0.185185
vt 0.333333 0.185185
vt 0.500000 0.185185
vt 0.666667 0.185185
vt 0.833333 0.185185
vt 1.000000 0.185185
vt 0.000000 0.203704
vt 0.166667 0.203704
vt 0.333333 0.203704
vt 0.500000 0.203704
vt 0.666667 0.203704
vt 0.833333 0.203704
vt 1.000000 0.203704
vt 0.000000 0.222222
vt 0.166667 0.222222
vt 0.333333 0.222222
vt 0.500000 0.222222
vt 0.666667 0.222222
vt 0.833333 0.222222
vt 1.000000 0.222222
vt 0.000000 0.240741
vt 0.166667 0.240741
vt 0.333333 0.240741
vt 0.500000 0.240741
vt 0.666667 0.240741
vt 0.833333 0.240741
vt 1.000000 0.240741
vt 0.000000 0.259259
vt 0.166667 0.259259
vt 0.333333 0.259259
vt 0.500000 0.259259
vt 0.666667 0.259259
vt 0.833333 0.259259
vt 1.000000 0.259259
vt 0.000000 0.277778
vt 0.166667 0.277778
vt 0.333333 0.277778
vt 0.500000 0.277778
vt 0.666667 0.277778
vt 0.833333 0.277778
vt 1.000000 0.277778
vt 0.000000 0.296296
vt 0.166667 0.296296
vt 0.333333 0.296296
vt 0.500000 0.296296
vt 0.666667 0.296296
vt 0.833333 0.296296
vt 1.000000 0.296296
vt 0.000000 0.314815
vt 0.166667 0.314815
vt 0.333333 0.314815
vt 0.500000 0.314815
vt 0.666667 0.314815
vt 0.833333 0.314815
vt 1.000000 0.314815
vt 0.000000 0.333333
vt 0.166667 0.333333
vt 0.333333 0.333333
vt 0.500000 0.333333
vt 0.666667 0.333333
vt 0.833333 0.333333
vt 1.000000 0.333333
vt 0.000000 0.351852
vt 0.166667 0.351852
vt 0.333333 0.351852
vt 0.500000 0.351852
vt 0.666667 0.351852
vt 0.833333 0.351852
vt 1.000000 0.351852
vt 0.000000 0.370370
vt 0.166667 0.370370
vt 0.333333 0.370370
vt 0.500000 0.370370
vt 0.666667 0.370370
vt 0.833333 0.370370
vt 1.000000 0.370370
vt 0.000000 0.388889
vt 0.166667 0.388889
vt 0.333333 0.388889
vt 0.500000 0.388889
vt 0.666667 0.388889
vt 0.833333 0.388889
vt 1.000000 0.388889
vt 0.000000 0.407407
vt 0.166667 0.407407
vt 0.333333 0.407407
vt 0.500000 0.407407
vt 0.666667 0.407407
vt 0.833333 0.407407
vt 1.000000 0.407407
vt 0.000000 0.425926
vt 0.166667 0.425926
vt 0.333333 0.425926
vt 0.500000 0.425926
vt 0.666667 0.425926
vt 0.833333 0.425926
vt 1.000000 0.425926
vt 0.000000 0.444444
vt 0.166667 0.444444
vt 0.333333 0.444444
vt 0.500000 0.444444
vt 0.666667 0.444444
vt 0.833333 0.444444
vt 1.000000 0.444444
vt 0.000000 0.462963
vt 0.166667 0.462963
vt 0.333333 0.462963
vt 0.500000 0.462963
vt 0.666667 0.462963
vt 0.833333 0.462963
vt 1.000000 0.462963
vt 0.000000 0.481481
vt 0.166667 0.481481
vt 0.333333 0.481481
vt 0.500000 0.481481
vt 0.666667 0.481481
vt 0.833333 0.481481
vt 1.000000 0.481481
vt 0.000000 0.500000
vt 0.166667 0.500000
vt 0.333333 0.500000
vt 0.500000 0.500000
vt 0.666667 0.500000
vt 0.833333 0.500000
vt 1.000000 0.500000
vt 0.000000 0.518519
vt 0.166667 0.518519
vt 0.333333 0.518519
vt 0.500000 0.518519
vt 0.666667 0.518519
vt 0.833333 0.518519
vt 1.000000 0.518519
vt 0.000000 0.537037
vt 0.166667 0.537037
vt 0.333333 0.537037
vt 0.500000 0.537037
vt 0.666667 0.537037
vt 0.833333 0.537037
vt 1.000000 0.537037
vt 0.000000 0.555556
vt 0.166667 0.555556
vt 0.333333 0.555556
vt 0.500000 0.555556
vt 0.666667 0.555556
vt 0.833333 0.555556
vt 1.000000 0.555556
vt 0.000000 0.574074
vt 0.166667 0.574074
vt 0.333333 0.574074
vt 0.500000 0.574074
vt 0.666667 0.574074
vt 0.833333 0.574074
vt 1.000000 0.574074
vt 0.000000 0.592593
vt 0.166667 0.592593
vt 0.333333 0.592593
vt 0.500000 0.592593
vt 0.666667 0.592593
vt 0.833333 0.592593
vt 1.000000 0.592593
vt 0.000000 0.611111
vt 0.166667 0.611111
vt 0.333333 0.611111
vt 0.500000 0.611111
vt 0.666667 0.611111
vt 0.833333 0.611111
vt 1.000000 0.611111
vt 0.000000 0.629630
vt 0.166667 0.629630
vt 0.333333 0.629630
vt 0.500000 0.629630
vt 0.666667 0.629630
vt 0.833333 0.629630
vt 1.000000 0.629630
vt 0.000000 0.648148
vt 0.166667 0.648148
vt 0.333333 0.648148
vt 0.500000 0.648148
vt 0.666667 0.648148
vt 0.833333 0.648148
vt 1.000000 0.648148
vt 0.000000 0.666667
vt 0.166667 0.666667
vt 0.333333 0.666667
vt 0.500000 0.666667
vt 0.666667 0.666667
vt 0.833333 0.666667
vt 1.000000 0.666667
vt 0.000000 0.685185
vt 0.166667 0.685185
vt 0.333333 0.685185
vt 0.500000 0.685185
vt 0.666667 0.685185
vt 0.833333 0.685185
vt 1.000000 0.685185
vt 0.000000 0.703704
vt 0.166667 0.703704
vt 0.333333 0.703704
vt 0.500000 0.703704
vt 0.666667 0.703704
vt 0.833333 0.703704
vt 1.000000 0.703704
vt 0.000000 0.722222
vt 0.166667 0.722222
vt 0.333333 0.722222
vt 0.500000 0.722222
vt 0.666667 0.722222
vt 0.833333 0.722222
vt 1.000000 0.722222
vt 0.000000 0.740741
vt 0.166667 0.740741
vt 0.333333 0.740741
vt 0.500000 0.740741
vt 0.666667 0.740741
vt 0.833333 0.740741
vt 1.000000 0.740741
vt 0.000000 0.759259
vt 0.166667 0.759259
vt 0.333333 0.759259
vt 0.500000 0.759259
vt 0.666667 0.759259
vt 0.833333 0.759259
vt 1.000000 0.759259
vt 0.000000 0.777778
vt 0.166667 0.777778
vt 0.333333 0.777778
vt 0.500000 0.777778
vt 0.666667 0.777778
vt 0.833333 0.777778
vt 1.000000 0.777778
vt 0.000000 0.796296
vt 0.166667 0.796296
vt 0.333333 0.796296
vt 0.500000 0.796296
vt 0.666667 0.796296
vt 0.833333 0.796296
vt 1.000000 0.796296
vt 0.000000 0.814815
vt 0.166667 0.814815
vt 0.333333 0.814815
vt 0.500000 0.814815
vt 0.666667 0.814815
vt 0.833333 0.814815
vt 1.000000 0.814815
vt 0.000000 0.833333
vt 0.166667 0.833333
vt 0.333333 0.833333
vt 0.500000 0.833333
vt 0.666667 0.833333
vt 0.833333 0.833333
vt 1.000000 0.833333
vt 0.000000 0.851852
vt 0.166667 0.851852
vt 0.333333 0.851852
vt 0.500000 0.851852
vt 0.666667 0.851852
vt 0.833333 0.851852
vt 1.000000 0.851852
vt 0.000000 0.870370
vt 0.166667 0.870370
vt 0.333333 0.870370
vt 0.500000 0.870370
vt 0.666667 0.870370
vt 0.833333 0.870370
vt 1.000000 0.870370
vt 0.000000 0.888889
vt 0.166667 0.888889
vt 0.333333 0.888889
vt 0.500000 0.888889
vt 0.666667 0.888889
vt 0.833333 0.888889
vt 1.000000 0.888889
vt 0.000000 0.907407
vt 0.166667 0.907407
vt 0.333333 0.907407
vt 0.500000 0.907407
vt 0.666667 0.907407
vt 0.833333 0.907407
vt 1.000000 0.907407
vt 0.000000 0.925926
vt 0.166667 0.925926
vt 0.333333 0.925926
vt 0.500000 0.925926
vt 0.666667 0.925926
vt 0.833333 0.925926
vt 1.000000 0.925926
vt 0.000000 0.944444
vt 0.166667 0.944444
vt 0.333333 0.944444
vt 0.500000 0.944444
vt 0.666667 0.944444
vt 0.833333 0.944444
vt 1.000000 0.944444
vt 0.000000 0.962963
vt 0.166667 0.962963
vt 0.333333 0.962963
vt 0.500000 0.962963
vt 0.666667 0.962963
vt 0.833333 0.962963
vt 1.000000 0.962963
vt 0.000000 0.981481
vt 0.166667 0.981481
vt 0.333333 0.981481
vt 0.500000 0.981481
vt 0.666667 0.981481
vt 0.833333 0.981481
vt 1.000000 0.981481
vt 0.000000 1.000000
vt 0.166667 1.000000
vt 0.333333 1.000000
vt 0.500000 1.000000
vt 0.666667 1.000000
vt 0.833333 1.000000
vt 1.000000 1.000000
vt 0.000000 0.000000
vt 0.166667 0.000000
vt 0.333333 0.000000
vt 0.500000 0.000000
vt 0.666667 0.000000
vt 0.833333 0.000000
vt 1.000000 0.000000
vt 0.000000 0.018519
vt 0.166667 0.018519
vt 0.333333 0.018519
vt 0.500000 0.018519
vt 0.666667 0.018519
vt 0.833333 0.018519
vt 1.000000 0.018519
vt 0.000000 0.037037
vt 0.166667 0.037037
vt 0.333333 0.037037
vt 0.500000 0.037037
vt 0.666667 0.037037
vt 0.833333 0.037037
vt 1.000000 0.037037
vt 0.000000 0.055556
vt 0.166667 0.055556
vt 0.333333 0.055556
vt 0.500000 0.055556
vt 0.666667 0.055556
vt 0.833333 0.055556
vt 1.000000 0.055556
vt 0.000000 0.074074
vt 0.166667 0.074074
vt 0.333333 0.074074
vt 0.500000 0.074074
vt 0.666667 0.074074
vt 0.833333 0.074074
vt 1.000000 0.074074
vt 0.000000 0.092593
vt 0.166667 0.092593
vt 0.333333 0.092593
vt 0.500000 0.092593
vt 0.666667 0.092593
vt 0.833333 0.092593
vt 1.000000 0.092593
vt 0.000000 0.111111
vt 0.166667 0.111111
vt 0.333333 0.111111
vt 0.500000 0.111111
vt 0.666667 0.111111
vt 0.833333 0.111111
vt 1.000000 0.111111
vt 0.000000 0.129630
vt 0.166667 0.129630
vt 0.333333 0.129630
vt 0.500000 0.129630
vt 0.666667 0.129630
vt 0.833333 0.129630
vt 1.000000 0.129630
vt 0.000000 0.148148
vt 0.166667 0.148148
vt 0.333333 0.148148
vt 0.500000 0.148148
vt 0.666667 0.148148
vt 0.833333 0.148148
vt 1.000000 0.148148
vt 0.000000 0.166667
vt 0.166667 0.166667
vt 0.333333 0.166667
vt 0.500000 0.166667
vt 0.666667 0.166667
vt 0.833333 0.166667
vt 1.000000 0.166667
vt 0.000000 0.185185
vt 0.166667 0.185185
vt 0.333333 0.185185
vt 0.500000 0.185185
vt 0.666667 0.185185
vt 0.833333 0.185185
vt 1.000000 0.185185
vt 0.000000 0.203704
vt 0.166667 0.203704
vt 0.333333 0.203704
vt 0.500000 0.203704
vt 0.666667 0.203704
vt 0.833333 0.203704
vt 1.000000 0.203704
vt 0.000000 0.222222
vt 0.166667 0.222222
vt 0.333333 0.222222
vt 0.500000 0.222222
vt 0.666667 0.222222
vt 0.833333 0.222222
vt 1.000000 0.222222
vt 0.000000 0.240741
vt 0.166667 0.240741
vt 0.333333 0.240741
vt 0.500000 0.240741
vt 0.666667 0.240741
vt 0.833333 0.240741
vt 1.000000 0.240741
vt 0.000000 0.259259
vt 0.166667 0.259259
vt 0.333333 0.259259
vt 0.500000 0.259259
vt 0.666667 0.259259
vt 0.833333 0.259259
vt 1.000000 0.259259
vt 0.000000 0.277778
vt 0.166667 0.277778
vt 0.333333 0.277778
vt 0.500000 0.277778
vt 0.666667 0.277778
vt 0.833333 0.277778
vt 1.000000 0.277778
vt 0.000000 0.296296
vt 0.166667 0.296296
vt 0.333333 0.296296
vt 0.500000 0.296296
vt 0.666667 0.296296
vt 0.833333 0.296296
vt 1.000000 0.296296
vt 0.000000 0.314815
vt 0.166667 0.314815
vt 0.333333 0.314815
vt 0.500000 0.314815
vt 0.666667 0.314815
vt 0.833333 0.314815
vt 1.000000 0.314815
vt 0.000000 0.333333
vt 0.166667 0.333333
vt 0.333333 0.333333
vt 0.500000 0.333333
vt 0.666667 0.333333
vt 0.833333 0.333333
vt 1.000000 0.333333
vt 0.000000 0.351852
vt 0.166667 0.351852
vt 0.333333 0.351852
vt 0.500000 0.351852
vt 0.666667 0.351852
vt 0.833333 0.351852
vt 1.000000 0.351852
vt 0.000000 0.370370
vt 0.166667 0.370370
vt 0.333333 0.370370
vt 0.500000 0.370370
vt 0.666667 0.370370
vt 0.833333 0.370370
vt 1.000000 0.370370
vt 0.000000 0.388889
vt 0.166667 0.388889
vt 0.333333 0.388889
vt 0.500000 0.388889
vt 0.666667 0.388889
vt 0.833333 0.388889
vt 1.000000 0.388889
vt 0.000000 0.407407
vt 0.166667 0.407407
vt 0.333333 0.407407
vt 0.500000 0.407407
vt 0.666667 0.407407
vt 0.833333 0.407407
vt 1.000000 0.407407
vt 0.000000 0.425926
vt 0.166667 0.425926
vt 0.333333 0.425926
vt 0.500000 0.425926
vt 0.666667 0.425926
vt 0.833333 0.425926
vt 1.000000 0.425926
vt 0.000000 0.444444
vt 0.166667 0.444444
vt 0.333333 0.444444
vt 0.500000 0.444444
vt 0.666667 0.444444
vt 0.833333 0.444444
vt 1.000000 0.444444
vt 0.000000 0.462963
vt 0.166667 0.462963
vt 0.333333 0.462963
vt 0.500000 0.462963
vt 0.666667 0.462963
vt 0.833333 0.462963
vt 1.000000 0.462963
vt 0.000000 0.481481
vt 0.166667 0.481481
vt 0.333333 0.481481
vt 0.500000 0.481481
vt 0.666667 0.481481
vt 0.833333 0.481481
vt 1.000000 0.481481
vt 0.000000 0.500000
vt 0.166667 0.500000
vt 0.333333 0.500000
vt 0.500000 0.500000
vt 0.666667 0.500000
vt 0.833333 0.500000
vt 1.000000 0.500000
vt 0.000000 0.518519
vt 0.166667 0.518519
vt 0.333333 0.518519
vt 0.500000 0.518519
vt 0.666667 0.518519
vt 0.833333 0.518519
vt 1.000000 0.518519
vt 0.000000 0.537037
vt 0.166667 0.537037
vt 0.333333 0.537037
vt 0.500000 0.537037
vt 0.666667 0.537037
vt 0.833333 0.537037
vt 1.000000 0.537037
vt 0.000000 0.555556
vt 0.166667 0.555556
vt 0.333333 0.555556
vt 0.500000 0.555556
vt 0.666667 0.555556
vt 0.833333 0.555556
vt 1.000000 0.555556
vt 0.000000 0.574074
vt 0.166667 0.574074
vt 0.333333 0.574074
vt 0.500000 0.574074
vt 0.666667 0.574074
vt 0.833333 0.574074
vt 1.000000 0.574074
vt 0.000000 0.592593
vt 0.166667 0.592593
vt 0.333333 0.592593
vt 0.500000 0.592593
vt 0.666667 0.592593
vt 0.833333 0.592593
vt 1.000000 0.592593
vt 0.000000 0.611111
vt 0.166667 0.611111
vt 0.333333 0.611111
vt 0.500000 0.611111
vt 0.666667 0.611111
vt 0.833333 0.611111
vt 1.000000 0.611111
vt 0.000000 0.629630
vt 0.166667 0.629630
vt 0.333333 0.629630
vt 0.500000 0.629630
vt 0.666667 0.629630
vt 0.833333 0.629630
vt 1.000000 0.629630
vt 0.000000 0.648148
vt 0.166667 0.648148
vt 0.333333 0.648148
vt 0.500000 0.648148
vt 0.666667 0.648148
vt 0.833333 0.648148
vt 1.000000 0.648148
vt 0.000000 0.666667
vt 0.166667 0.666667
vt 0.333333 0.666667
vt 0.500000 0.666667
vt 0.666667 0.666667
vt 0.833333 0.666667
vt 1.000000 0.666667
vt 0.000000 0.685185
vt 0.166667 0.685185
vt 0.333333 0.685185
vt 0.500000 0.685185
vt 0.666667 0.685185
vt 0.833333 0.685185
vt 1.000000 0.685185
vt 0.000000 0.703704
vt 0.166667 0.703704
vt 0.333333 0.703704
vt 0.500000 0.703704
vt 0.666667 0.703704
vt 0.833333 0.703704
vt 1.000000 0.703704
vt 0.000000 0.722222
vt 0.166667 0.722222
vt 0.333333 0.722222
vt 0.500000 0.722222
vt 0.666667 0.722222
vt 0.833333 0.722222
vt 1.000000 0.722222
vt 0.000000 0.740741
vt 0.166667 0.740741
vt 0.333333 0.740741
vt 0.500000 0.740741
vt 0.666667 0.740741
vt 0.833333 0.740741
vt 1.000000 0.740741
vt 0.000000 0.759259
vt 0.166667 0.759259
vt 0.333333 0.759259
vt 0.500000 0.759259
vt 0.666667 0.759259
vt 0.833333 0.759259
vt 1.000000 0.759259
vt 0.000000 0.777778
vt 0.166667 0.777778
vt 0.333333 0.777778
vt 0.500000 0.777778
vt 0.666667 0.777778
vt 0.833333 0.777778
vt 1.000000 0.777778
vt 0.000000 0.796296
vt 0.166667 0.796296
vt 0.333333 0.796296
vt 0.500000 0.796296
vt 0.666667 0.796296
vt 0.833333 0.796296
vt 1.000000 0.796296
vt 0.000000 0.814815
vt 0.166667 0.814815
vt 0.333333 0.814815
vt 0.500000 0.814815
vt 0.666667 0.814815
vt 0.833333 0.814815
vt 1.000000 0.814815
vt 0.000000 0.833333
vt 0.166667 0.833333
vt 0.333333 0.833333
vt 0.500000 0.833333
vt 0.666667 0.833333
vt 0.833333 0.833333
vt 1.000000 0.833333
vt 0.000000 0.851852
vt 0.166667 0.851852
vt 0.333333 0.851852
vt 0.500000 0.851852
vt 0.666667 0.851852
vt 0.833333 0.851852
vt 1.000000 0.851852
vt 0.000000 0.870370
vt 0.166667 0.870370
vt 0.333333 0.870370
vt 0.500000 0.870370
vt 0.666667 0.870370
vt 0.833333 0.870370
vt 1.000000 0.870370
vt 0.000000 0.888889
vt 0.166667 0.888889
vt 0.333333 0.888889
vt 0.500000 0.888889
vt 0.666667 0.888889
vt 0.833333 0.888889
vt 1.000000 0.888889
vt 0.000000 0.907407
vt 0.166667 0.907407
vt 0.333333 0.907407
vt 0.500000 0.907407
vt 0.666667 0.907407
vt 0.833333 0.907407
vt 1.000000 0.907407
vt 0.000000 0.925926
vt 0.166667 0.925926
vt 0.333333 0.925926
vt 0.500000 0.925926
vt 0.666667 0.925926
vt 0.833333 0.925926
vt 1.000000 0.925926
vt 0.000000 0.944444
vt 0.166667 0.944444
vt 0.333333 0.944444
vt 0.500000 0.944444
vt 0.666667 0.944444
vt 0.833333 0.944444
vt 1.000000 0.944444
vt 0.000000 0.962963
vt 0.166667 0.962963
vt 0.333333 0.962963
vt 0.500000 0.962963
vt 0.666667 0.962963
vt 0.833333 0.962963
vt 1.000000 0.962963
vt 0.000000 0.981481
vt 0.166667 0.981481
vt 0.333333 0.981481
vt 0.500000 0.981481
vt 0.666667 0.981481
vt 0.833333 0.981481
vt 1.000000 0.981481
vt 0.000000 1.000000
vt 0.166667 1.000000
vt 0.333333 1.000000
vt 0.500000 1.000000
vt 0.666667 1.000000
vt 0.833333 1.000000
vt 1.000000 1.000000
vt 0.000000 0.000000
vt 0.166667 0.000000
vt 0.333333 0.000000
vt 0.500000 0.000000
vt 0.666667 0.000000
vt 0.833333 0.000000
vt 1.000000 0.000000
vt 0.000000 0.018519
vt 0.166667 0.018519
vt 0.333333 0.018519
vt 0.500000 0.018519
vt 0.666667 0.018519
vt 0.833333 0.018519
vt 1.000000 0.018519
vt 0.000000 0.037037
vt 0.166667 0.037037
vt 0.333333 0.037037
vt 0.500000 0.037037
vt 0.666667 0.037037
vt 0.833333 0.037037
vt 1.000000 0.037037
vt 0.000000 0.055556
vt 0.166667 0.055556
vt 0.333333 0.055556
vt 0.500000 0.055556
vt 0.666667 0.055556
vt 0.833333 0.055556
vt 1.000000 0.055556
vt 0.000000 0.074074
vt 0.166667 0.074074
vt 0.333333 0.074074
vt 0.500000 0.074074
vt 0.666667 0.074074
vt 0.833333 0.074074
vt 1.000000 0.074074
vt 0.000000 0.092593
vt 0.166667 0.092593
vt 0.333333 0.092593
vt 0.500000 0.092593
vt 0.666667 0.092593
vt 0.833333 0.092593
vt 1.000000 0.092593
vt 0.000000 0.111111
vt 0.166667 0.111111
vt 0.333333 0.111111
vt 0.500000 0.111111
vt 0.666667 0.111111
vt 0.833333 0.111111
vt 1.000000 0.111111
vt 0.000000 0.129630
vt 0.166667 0.129630
vt 0.333333 0.129630
vt 0.500000 0.129630
vt 0.666667 0.129630
vt 0.833333 0.129630
vt 1.000000 0.129630
vt 0.000000 0.148148
vt 0.166667 0.148148
vt 0.333333 0.148148
vt 0.500000 0.148148
vt 0.666667 0.148148
vt 0.833333 0.148148
vt 1.000000 0.148148
vt 0.000000 0.166667
vt 0.166667 0.166667
vt 0.333333 0.166667
vt 0.500000 0.166667
vt 0.666667 0.166667
vt 0.833333 0.166667
vt 1.000000 0.166667
vt 0.000000 0.185185
vt 0.166667 0.185185
vt 0.333333 0.185185
vt 0.500000 0.185185
vt 0.666667 0.185185
vt 0.833333 0.185185
vt 1.000000 0.185185
vt 0.000000 0.203704
vt 0.166667 0.203704
vt 0.333333 0.203704
vt 0.500000 0.203704
vt 0.666667 0.203704
vt 0.833333 0.203704
vt 1.000000 0.203704
vt 0.000000 0.222222
vt 0.166667 0.222222
vt 0.333333 0.222222
vt 0.500000 0.222222
vt 0.666667 0.222222
vt 0.833333 0.222222
vt 1.000000 0.222222
vt 0.000000 0.240741
vt 0.166667 0.240741
vt 0.333333 0.240741
vt 0.500000 0.240741
vt 0.666667 0.240741
vt 0.833333 0.240741
vt 1.000000 0.240741
vt 0.000000 0.259259
vt 0.166667 0.259259
vt 0.333333 0.259259
vt 0.500000 0.259259
vt 0.666667 0.259259
vt 0.833333 0.259259
vt 1.000000 0.259259
vt 0.000000 0.277778
vt 0.166667 0.277778
vt 0.333333 0.277778
vt 0.500000 0.277778
vt 0.666667 0.277778
vt 0.833333 0.277778
vt 1.000000 0.277778
vt 0.000000 0.296296
vt 0.166667 0.296296
vt 0.333333 0.296296
vt 0.500000 0.296296
vt 0.666667 0.296296
vt 0.833333 0.296296
vt 1.000000 0.296296
vt 0.000000 0.314815
vt 0.166667 0.314815
vt 0.333333 0.314815
vt 0.500000 0.314815
vt 0.666667 0.314815
vt 0.833333 0.314815
vt 1.000000 0.314815
vt 0.000000 0.333333
vt 0.166667 0.333333
vt 0.333333 0.333333
vt 0.500000 0.333333
vt 0.666667 0.333333
vt 0.833333 0.333333
vt 1.000000 0.333333
vt 0.000000 0.351852
vt 0.166667 0.351852
vt 0.333333 0.351852
vt 0.500000 0.351852
vt 0.666667 0.351852
vt 0.833333 0.351852
vt 1.000000 0.351852
vt 0.000000 0.370370
vt 0.166667 0.370370
vt 0.333333 0.370370
vt 0.500000 0.370370
vt 0.666667 0.370370
vt 0.833333 0.370370
vt 1.000000 0.370370
vt 0.000000 0.388889
vt 0.166667 0.388889
vt 0.333333 0.388889
vt 0.500000 0.388889
vt 0.666667 0.388889
vt 0.833333 0.388889
vt 1.000000 0.388889
vt 0.000000 0.407407
vt 0.166667 0.407407
vt 0.333333 0.407407
vt 0.500000 0.407407
vt 0.666667 0.407407
vt 0.833333 0.407407
vt 1.000000 0.407407
vt 0.000000 0.425926
vt 0.166667 0.425926
vt 0.333333 0.425926
vt 0.500000 0.425926
vt 0.666667 0.425926
vt 0.833333 0.425926
vt 1.000000 0.425926
vt 0.000000 0.444444
vt 0.166667 0.444444
vt 0.333333 0.444444
vt 0.500000 0.444444
vt 0.666667 0.444444
vt 0.833333 0.444444
vt 1.000000 0.444444
vt 0.000000 0.462963
vt 0.166667 0.462963
vt 0.333333 0.462963
vt 0.500000 0.462963
vt 0.666667 0.462963
vt 0.833333 0.462963
vt 1.000000 0.462963
vt 0.000000 0.481481
vt 0.166667 0.481481
vt 0.333333 0.481481
vt 0.500000 0.481481
vt 0.666667 0.481481
vt 0.833333 0.481481
vt 1.000000 0.481481
vt 0.000000 0.500000
vt 0.166667 0.500000
vt 0.333333 0.500000
vt 0.500000 0.500000
vt 0.666667 0.500000
vt 0.833333 0.500000
vt 1.000000 0.500000
vt 0.000000 0.518519
vt 0.166667 0.518519
vt 0.333333 0.518519
vt 0.500000 0.518519
vt 0.666667 0.518519
vt 0.833333 0.518519
vt 1.000000 0.518519
vt 0.000000 0.537037
vt 0.166667 0.537037
vt 0.333333 0.537037
vt 0.500000 0.537037
vt 0.666667 0.537037
vt 0.833333 0.537037
vt 1.000000 0.537037
vt 0.000000 0.555556
vt 0.166667 0.555556
vt 0.333333 0.555556
vt 0.500000 0.555556
vt 0.666667 0.555556
vt 0.833333 0.555556
vt 1.000000 0.555556
vt 0.000000 0.574074
vt 0.166667 0.574074
vt 0.333333 0.574074
vt 0.500000 0.574074
vt 0.666667 0.574074
vt 0.833333 0.574074
vt 1.000000 0.574074
vt 0.000000 0.592593
vt 0.166667 0.592593
vt 0.333333 0.592593
vt 0.500000 0.592593
vt 0.666667 0.592593
vt 0.833333 0.592593
vt 1.000000 0.592593
vt 0.000000 0.611111
vt 0.166667 0.611111
vt 0.333333 0.611111
vt 0.500000 0.611111
vt 0.666667 0.611111
vt 0.833333 0.611111
vt 1.000000 0.611111
vt 0.000000 0.629630
vt 0.166667 0.629630
vt 0.333333 0.629630
vt 0.500000 0.629630
vt 0.666667 0.629630
vt 0.833333 0.629630
vt 1.000000 0.629630
vt 0.000000 0.648148
vt 0.166667 0.648148
vt 0.333333 0.648148
vt 0.500000 0.648148
vt 0.666667 0.648148
vt 0.833333 0.648148
vt 1.000000 0.648148
vt 0.000000 0.666667
vt 0.166667 0.666667
vt 0.333333 0.666667
vt 0.500000 0.666667
vt 0.666667 0.666667
vt 0.833333 0.666667
vt 1.000000 0.666667
vt 0.000000 0.685185
vt 0.166667 0.685185
vt 0.333333 0.685185
vt 0.500000 0.685185
vt 0.666667 0.685185
vt 0.833333 0.685185
vt 1.000000 0.685185
vt 0.000000 0.703704
vt 0.166667 0.703704
vt 0.333333 0.703704
vt 0.500000 0.703704
vt 0.666667 0.703704
vt 0.833333 0.703704
vt 1.000000 0.703704
vt 0.000000 0.722222
vt 0.166667 0.722222
vt 0.333333 0.722222
vt 0.500000 0.722222
vt 0.666667 0.722222
vt 0.833333 0.722222
vt 1.000000 0.722222
vt 0.000000 0.740741
vt 0.166667 0.740741
vt 0.333333 0.740741
vt 0.500000 0.740741
vt 0.666667 0.740741
vt 0.833333 0.740741
vt 1.000000 0.740741
vt 0.000000 0.759259
vt 0.166667 0.759259
vt 0.333333 0.759259
vt 0.500000 0.759259
vt 0.666667 0.759259
vt 0.833333 0.759259
vt 1.000000 0.759259
vt 0.000000 0.777778
vt 0.166667 0.777778
vt 0.333333 0.777778
vt 0.500000 0.777778
vt 0.666667 0.777778
vt 0.833333 0.777778
vt 1.000000 0.777778
vt 0.000000 0.796296
vt 0.166667 0.796296
vt 0.333333 0.796296
vt 0.500000 0.796296
vt 0.666667 0.796296
vt 0.833333 0.796296
vt 1.000000 0.796296
vt 0.000000 0.814815
vt 0.166667 0.814815
vt 0.333333 0.814815
vt 0.500000 0.814815
vt 0.666667 0.814815
vt 0.833333 0.814815
vt 1.000000 0.814815
vt 0.000000 0.833333
vt 0.166667 0.833333
vt 0.333333 0.833333
vt 0.500000 0.833333
vt 0.666667 0.833333
vt 0.833333 0.833333
vt 1.000000 0.833333
vt 0.000000 0.851852
vt 0.166667 0.851852
vt 0.333333 0.851852
vt 0.500000 0.851852
vt 0.666667 0.851852
vt 0.833333 0.851852
vt 1.000000 0.851852
vt 0.000000 0.870370
vt 0.166667 0.870370
vt 0.333333 0.870370
vt 0.500000 0.870370
vt 0.666667 0.870370
vt 0.833333 0.870370
vt 1.000000 0.870370
vt 0.000000 0.888889
vt 0.166667 0.888889
vt 0.333333 0.888889
vt 0.500000 0.888889
vt 0.666667 0.888889
vt 0.833333 0.888889
vt 1.000000 0.888889
vt 0.000000 0.907407
vt 0.166667 0.907407
vt 0.333333 0.907407
vt 0.500000 0.907407
vt 0.666667 0.907407
vt 0.833333 0.907407
vt 1.000000 0.907407
vt 0.000000 0.925926
vt 0.166667 0.925926
vt 0.333333 0.925926
vt 0.500000 0.925926
vt 0.666667 0.925926
vt 0.833333 0.925926
vt 1.000000 0.925926
vt 0.000000 0.944444
vt 0.166667 0.944444
vt 0.333333 0.944444
vt 0.500000 0.944444
vt 0.666667 0.944444
vt 0.833333 0.944444
vt 1.000000 0.944444
vt 0.000000 0.962963
vt 0.166667 0.962963
vt 0.333333 0.962963
vt 0.500000 0.962963
vt 0.666667 0.962963
vt 0.833333 0.962963
vt 1.000000 0.962963
vt 0.000000 0.981481
vt 0.166667 0.981481
vt 0.333333 0.981481
vt 0.500000 0.981481
vt 0.666667 0.981481
vt 0.833333 0.981481
vt 1.000000 0.981481
vt 0.000000 1.000000
vt 0.166667 1.000000
vt 0.333333 1.000000
vt 0.500000 1.000000
vt 0.666667 1.000000
vt 0.833333 1.000000
vt 1.000000 1.000000
vt 0.000000 0.000000
vt 0.166667 0.000000
vt 0.333333 0.000000
vt 0.500000 0.000000
vt 0.666667 0.000000
vt 0.833333 0.000000
vt 1.000000 0.000000
vt 0.000000 0.018519
vt 0.166667 0.018519
vt 0.333333 0.018519
vt 0.500000 0.018519
vt 0.666667 0.018519
vt 0.833333 0.018519
vt 1.000000 0.018519
vt 0.000000 0.037037
vt 0.166667 0.037037
vt 0.333333 0.037037
vt 0.500000 0.037037
vt 0.666667 0.037037
vt 0.833333 0.037037
vt 1.000000 0.037037
vt 0.000000 0.055556
vt 0.166667 0.055556
vt 0.333333 0.055556
vt 0.500000 0.055556
vt 0.666667 0.055556
vt 0.833333 0.055556
vt 1.000000 0.055556
vt 0.000000 0.074074
vt 0.166667 0.074074
vt 0.333333 0.074074
vt 0.500000 0.074074
vt 0.666667 0.074074
vt 0.833333 0.074074
vt 1.000000 0.074074
vt 0.000000 0.092593
vt 0.166667 0.092593
vt 0.333333 0.092593
vt 0.500000 0.092593
vt 0.666667 0.092593
vt 0.833333 0.092593
vt 1.000000 0.092593
vt 0.000000 0.111111
vt 0.166667 0.111111
vt 0.333333 0.111111
vt 0.500000 0.111111
vt 0.666667 0.111111
vt 0.833333 0.111111
vt 1.000000 0.111111
vt 0.000000 0.129630
vt 0.166667 0.129630
vt 0.333333 0.129630
vt 0.500000 0.129630
vt 0.666667 0.129630
vt 0.833333 0.129630
vt 1.000000 0.129630
vt 0.000000 0.148148
vt 0.166667 0.148148
vt 0.333333 0.148148
vt 0.500000 0.148148
vt 0.666667 0.148148
vt 0.833333 0.148148
vt 1.000000 0.148148
vt 0.000000 0.166667
vt 0.166667 0.166667
vt 0.333333 0.166667
vt 0.500000 0.166667
vt 0.666667 0.166667
vt 0.833333 0.166667
vt 1.000000 0.166667
vt 0.000000 0.185185
vt 0.166667 0.185185
vt 0.333333 0.185185
vt 0.500000 0.185185
vt 0.666667 0.185185
vt 0.833333 0.185185
vt 1.000000 0.185185
vt 0.000000 0.203704
vt 0.166667 0.203704
vt 0.333333 0.203704
vt 0.500000 0.203704
vt 0.666667 0.203704
vt 0.833333 0.203704
vt 1.000000 0.203704
vt 0.000000 0.222222
vt 0.166667 0.222222
vt 0.333333 0.222222
vt 0.500000 0.222222
vt 0.666667 0.222222
vt 0.833333 0.222222
vt 1.000000 0.222222
vt 0.000000 0.240741
vt 0.166667 0.240741
vt 0.333333 0.240741
vt 0.500000 0.240741
vt 0.666667 0.240741
vt 0.833333 0.240741
vt 1.000000 0.240741
vt 0.000000 0.259259
vt 0.166667 0.259259
vt 0.333333 0.259259
vt 0.500000 0.259259
vt 0.666667 0.259259
vt 0.833333 0.259259
vt 1.000000 0.259259
vt 0.000000 0.277778
vt 0.166667 0.277778
vt 0.333333 0.277778
vt 0.500000 0.277778
vt 0.666667 0.277778
vt 0.833333 0.277778
vt 1.000000 0.277778
vt 0.000000 0.296296
vt 0.166667 0.296296
vt 0.333333 0.296296
vt 0.500000 0.296296
vt 0.666667 0.296296
vt 0.833333 0.296296
vt 1.000000 0.296296
vt 0.000000 0.314815
vt 0.166667 0.314815
vt 0.333333 0.314815
vt 0.500000 0.314815
vt 0.666667 0.314815
vt 0.833333 0.314815
vt 1.000000 0.314815
vt 0.000000 0.333333
vt 0.166667 0.333333
vt 0.333333 0.333333
vt 0.500000 0.333333
vt 0.666667 0.333333
vt 0.833333 0.333333
vt 1.000000 0.333333
vt 0.000000 0.351852
vt 0.166667 0.351852
vt 0.333333 0.351852
vt 0.500000 0.351852
vt 0.666667 0.351852
vt 0.833333 0.351852
vt 1.000000 0.351852
vt 0.000000 0.370370
vt 0.166667 0.370370
vt 0.333333 0.370370
vt 0.500000 0.370370
vt 0.666667 0.370370
vt 0.833333 0.370370
vt 1.000000 0.370370
vt 0.000000 0.388889
vt 0.166667 0.388889
vt 0.333333 0.388889
vt 0.500000 0.388889
vt 0.666667 0.388889
vt 0.833333 0.388889
vt 1.000000 0.388889
vt 0.000000 0.407407
vt 0.166667 0.407407
vt 0.333333 0.407407
vt 0.500000 0.407407
vt 0.666667 0.407407
vt 0.833333 0.407407
vt 1.000000 0.407407
vt 0.000000 0.425926
vt 0.166667 0.425926
vt 0.333333 0.425926
vt 0.500000 0.425926
vt 0.666667 0.425926
vt 0.833333 0.425926
vt 1.000000 0.425926
vt 0.000000 0.444444
vt 0.166667 0.444444
vt 0.333333 0.444444
vt 0.500000 0.444444
vt 0.666667 0.444444
vt 0.833333 0.444444
vt 1.000000 0.444444
vt 0.000000 0.462963
vt 0.166667 0.462963
vt 0.333333 0.462963
vt 0.500000 0.462963
vt 0.666667 0.462963
vt 0.833333 0.462963
vt 1.000000 0.462963
vt 0.000000 0.481481
vt 0.166667 0.481481
vt 0.333333 0.481481
vt 0.500000 0.481481
vt 0.666667 0.481481
vt 0.833333 0.481481
vt 1.000000 0.481481
vt 0.000000 0.500000
vt 0.166667 0.500000
vt 0.333333 0.500000
vt 0.500000 0.500000
vt 0.666667 0.500000
vt 0.833333 0.500000
vt 1.000000 0.500000
vt 0.000000 0.518519
vt 0.166667 0.518519
vt 0.333333 0.518519
vt 0.500000 0.518519
vt 0.666667 0.518519
vt 0.833333 0.518519
vt 1.000000 0.518519
vt 0.000000 0.537037
vt 0.166667 0.537037
vt 0.333333 0.537037
vt 0.500000 0.537037
vt 0.666667 0.537037
vt 0.833333 0.537037
vt 1.000000 0.537037
vt 0.000000 0.555556
vt 0.166667 0.555556
vt 0.333333 0.555556
vt 0.500000 0.555556
vt 0.666667 0.555556
vt 0.833333 0.555556
vt 1.000000 0.555556
vt 0.000000 0.574074
vt 0.166667 0.574074
vt 0.333333 0.574074
vt 0.500000 0.574074
vt 0.666667 0.574074
vt 0.833333 0.574074
vt 1.000000 0.574074
vt 0.000000 0.592593
vt 0.166667 0.592593
vt 0.333333 0.592593
vt 0.500000 0.592593
vt 0.666667 0.592593
vt 0.833333 0.592593
vt 1.000000 0.592593
vt 0.000000 0.611111
vt 0.166667 0.611111
vt 0.333333 0.611111
vt 0.500000 0.611111
vt 0.666667 0.611111
vt 0.833333 0.611111
vt 1.000000 0.611111
vt 0.000000 0.629630
vt 0.166667 0.629630
vt 0.333333 0.629630
vt 0.500000 0.629630
vt 0.666667 0.629630
vt 0.833333 0.629630
vt 1.000000 0.629630
vt 0.000000 0.648148
vt 0.166667 0.648148
vt 0.333333 0.648148
vt 0.500000 0.648148
vt 0.666667 0.648148
vt 0.833333 0.648148
vt 1.000000 0.648148
vt 0.000000 0.666667
vt 0.166667 0.666667
vt 0.333333 0.666667
vt 0.500000 0.666667
vt 0.666667 0.666667
vt 0.833333 0.666667
vt 1.000000 0.666667
vt 0.000000 0.685185
vt 0.166667 0.685185
vt 0.333333 0.685185
vt 0.500000 0.685185
vt 0.666667 0.685185
vt 0.833333 0.685185
vt 1.000000 0.685185
vt 0.000000 0.703704
vt 0.166667 0.703704
vt 0.333333 0.703704
vt 0.500000 0.703704
vt 0.666667 0.703704
vt 0.833333 0.703704
vt 1.000000 0.703704
vt 0.000000 0.722222
vt 0.166667 0.722222
vt 0.333333 0.722222
vt 0.500000 0.722222
vt 0.666667 0.722222
vt 0.833333 0.722222
vt 1.000000 0.722222
vt 0.000000 0.740741
vt 0.166667 0.740741
vt 0.333333 0.740741
vt 0.500000 0.740741
vt 0.666667 0.740741
vt 0.833333 0.740741
vt 1.000000 0.740741
vt 0.000000 0.759259
vt 0.166667 0.759259
vt 0.333333 0.759259
vt 0.500000 0.759259
vt 0.666667 0.759259
vt 0.833333 0.759259
vt 1.000000 0.759259
vt 0.000000 0.777778
vt 0.166667 0.777778
vt 0.333333 0.777778
vt 0.500000 0.777778
vt 0.666667 0.777778
vt 0.833333 0.777778
vt 1.000000 0.777778
vt 0.000000 0.796296
vt 0.166667 0.796296
vt 0.333333 0.796296
vt 0.500000 0.796296
vt 0.666667 0.796296
vt 0.833333 0.796296
vt 1.000000 0.796296
vt 0.000000 0.814815
vt 0.166667 0.814815
vt 0.333333 0.814815
vt 0.500000 0.814815
vt 0.666667 0.814815
vt 0.833333 0.814815
vt 1.000000 0.814815
vt 0.000000 0.833333
vt 0.166667 0.833333
vt 0.333333 0.833333
vt 0.500000 0.833333
vt 0.666667 0.833333
vt 0.833333 0.833333
vt 1.000000 0.833333
vt 0.000000 0.851852
vt 0.166667 0.851852
vt 0.333333 0.851852
vt 0.500000 0.851852
vt 0.666667 0.851852
vt 0.833333 0.851852
vt 1.000000 0.851852
vt 0.000000 0.870370
vt 0.166667 0.870370
vt 0.333333 0.870370
vt 0.500000 0.870370
vt 0.666667 0.870370
vt 0.833333 0.870370
vt 1.000000 0.870370
vt 0.000000 0.888889
vt 0.166667 0.888889
vt 0.333333 0.888889
vt 0.500000 0.888889
vt 0.666667 0.888889
vt 0.833333 0.888889
vt 1.000000 0.888889
vt 0.000000 0.907407
vt 0.166667 0.907407
vt 0.333333 0.907407
vt 0.500000 0.907407
vt 0.666667 0.907407
vt 0.833333 0.907407
vt 1.000000 0.907407
vt 0.000000 0.925926
vt 0.166667 0.925926
vt 0.333333 0.925926
vt 0.500000 0.925926
vt 0.666667 0.925926
vt 0.833333 0.925926
vt 1.000000 0.925926
vt 0.000000 0.944444
vt 0.166667 0.944444
vt 0.333333 0.944444
vt 0.500000 0.944444
vt 0.666667 0.944444
vt 0.833333 0.944444
vt 1.000000 0.944444
vt 0.000000 0.962963
vt 0.166667 0.962963
vt 0.333333 0.962963
vt 0.500000 0.962963
vt 0.666667 0.962963
vt 0.833333 0.962963
vt 1.000000 0.962963
vt 0.000000 0.981481
vt 0.166667 0.981481
vt 0.333333 0.981481
vt 0.500000 0.981481
vt 0.666667 0.981481
vt 0.833333 0.981481
vt 1.000000 0.981481
vt 0.000000 1.000000
vt 0.166667 1.000000
vt 0.333333 1.000000
vt 0.500000 1.000000
vt 0.666667 1.000000
vt 0.833333 1.000000
vt 1.000000 1.000000
vt 0.000000 0.000000
vt 0.166667 0.000000
vt 0.333333 0.000000
vt 0.500000 0.000000
vt 0.666667 0.000000
vt 0.833333 0.000000
vt 1.000000 0.000000
vt 0.000000 0.018519
vt 0.166667 0.018519
vt 0.333333 0.018519
vt 0.500000 0.018519
vt 0.666667 0.018519
vt 0.833333 0.018519
vt 1.000000 0.018519
vt 0.000000 0.037037
vt 0.166667 0.037037
vt 0.333333 0.037037
vt 0.500000 0.037037
vt 0.666667 0.037037
vt 0.833333 0.037037
vt 1.000000 0.037037
vt 0.000000 0.055556
vt 0.166667 0.055556
vt 0.333333 0.055556
vt 0.500000 0.055556
vt 0.666667 0.055556
vt 0.833333 0.055556
vt 1.000000 0.055556
vt 0.000000 0.074074
vt 0.166667 0.074074
vt 0.333333 0.074074
vt 0.500000 0.074074
vt 0.666667 0.074074
vt 0.833333 0.074074
vt 1.000000 0.074074
vt 0.000000 0.092593
vt 0.166667 0.092593
vt 0.333333 0.092593
vt 0.500000 0.092593
vt 0.666667 0.092593
vt 0.833333 0.092593
vt 1.000000 0.092593
vt 0.000000 0.111111
vt 0.166667 0.111111
vt 0.333333 0.111111
vt 0.500000 0.111111
vt 0.666667 0.111111
vt 0.833333 0.111111
vt 1.000000 0.111111
vt 0.000000 0.129630
vt 0.166667 0.129630
vt 0.333333 0.129630
vt 0.500000 0.129630
vt 0.666667 0.129630
vt 0.833333 0.129630
vt 1.000000 0.129630
vt 0.000000 0.148148
vt 0.166667 0.148148
vt 0.333333 0.148148
vt 0.500000 0.148148
vt 0.666667 0.148148
vt 0.833333 0.148148
vt 1.000000 0.148148
vt 0.000000 0.166667
vt 0.166667 0.166667
vt 0.333333 0.166667
vt 0.500000 0.166667
vt 0.666667 0.166667
vt 0.833333 0.166667
vt 1.000000 0.166667
vt 0.000000 0.185185
vt 0.166667 0.185185
vt 0.333333 0.185185
vt 0.500000 0.185185
vt 0.666667 0.185185
vt 0.833333 0.185185
vt 1.000000 0.185185
vt 0.000000 0.203704
vt 0.166667 0.203704
vt 0.333333 0.203704
vt 0.500000 0.203704
vt 0.666667 0.203704
vt 0.833333 0.203704
vt 1.000000 0.203704
vt 0.000000 0.222222
vt 0.166667 0.222222
vt 0.333333 0.222222
vt 0.500000 0.222222
vt 0.666667 0.222222
vt 0.833333 0.222222
vt 1.000000 0.222222
vt 0.000000 0.240741
vt 0.166667 0.240741
vt 0.333333 0.240741
vt 0.500000 0.240741
vt 0.666667 0.240741
vt 0.833333 0.240741
vt 1.000000 0.240741
vt 0.000000 0.259259
vt 0.166667 0.259259
vt 0.333333 0.259259
vt 0.500000 0.259259
vt 0.666667 0.259259
vt 0.833333 0.259259
vt 1.000000 0.259259
vt 0.000000 0.277778
vt 0.166667 0.277778
vt 0.333333 0.277778
vt 0.500000 0.277778
vt 0.666667 0.277778
vt 0.833333 0.277778
vt 1.000000 0.277778
vt 0.000000 0.296296
vt 0.166667 0.296296
vt 0.333333 0.296296
vt 0.500000 0.296296
vt 0.666667 0.296296
vt 0.833333 0.296296
vt 1.000000 0.296296
vt 0.000000 0.314815
vt 0.166667 0.314815
vt 0.333333 0.314815
vt 0.500000 0.314815
vt 0.666667 0.314815
vt 0.833333 0.314815
vt 1.000000 0.314815
vt 0.000000 0.333333
vt 0.166667 0.333333
vt 0.333333 0.333333
vt 0.500000 0.333333
vt 0.666667 0.333333
vt 0.833333 0.333333
vt 1.000000 0.333333
vt 0.000000 0.351852
vt 0.166667 0.351852
vt 0.333333 0.351852
vt 0.500000 0.351852
vt 0.666667 0.351852
vt 0.833333 0.351852
vt 1.000000 0.351852
vt 0.000000 0.370370
vt 0.166667 0.370370
vt 0.333333 0.370370
vt 0.500000 0.370370
vt 0.666667 0.370370
vt 0.833333 0.370370
vt 1.000000 0.370370
vt 0.000000 0.388889
vt 0.166667 0.388889
vt 0.333333 0.388889
vt 0.500000 0.388889
vt 0.666667 0.388889
vt 0.833333 0.388889
vt 1.000000 0.388889
vt 0.000000 0.407407
vt 0.166667 0.407407
vt 0.333333 0.407407
vt 0.500000 0.407407
vt 0.666667 0.407407
vt 0.833333 0.407407
vt 1.000000 0.407407
vt 0.000000 0.425926
vt 0.166667 0.425926
vt 0.333333 0.425926
vt 0.500000 0.425926
vt 0.666667 0.425926
vt 0.833333 0.425926
vt 1.000000 0.425926
vt 0.000000 0.444444
vt 0.166667 0.444444
vt 0.333333 0.444444
vt 0.500000 0.444444
vt 0.666667 0.444444
vt 0.833333 0.444444
vt 1.000000 0.444444
vt 0.000000 0.462963
vt 0.166667 0.462963
vt 0.333333 0.462963
vt 0.500000 0.462963
vt 0.666667 0.462963
vt 0.833333 0.462963
vt 1.000000 0.462963
vt 0.000000 0.481481
vt 0.166667 0.481481
vt 0.333333 0.481481
vt 0.500000 0.481481
vt 0.666667 0.481481
vt 0.833333 0.481481
vt 1.000000 0.481481
vt 0.000000 0.500000
vt 0.166667 0.500000
vt 0.333333 0.500000
vt 0.500000 0.500000
vt 0.666667 0.500000
vt 0.833333 0.500000
vt 1.000000 0.500000
vt 0.000000 0.518519
vt 0.166667 0.518519
vt 0.333333 0.518519
vt 0.500000 0.518519
vt 0.666667 0.518519
vt 0.833333 0.518519
vt 1.000000 0.518519
vt 0.000000 0.537037
vt 0.166667 0.537037
vt 0.333333 0.537037
vt 0.500000 0.537037
vt 0.666667 0.537037
vt 0.833333 0.537037
vt 1.000000 0.537037
vt 0.000000 0.555556
vt 0.166667 0.555556
vt 0.333333 0.555556
vt 0.500000 0.555556
vt 0.666667 0.555556
vt 0.833333 0.555556
vt 1.000000 0.555556
vt 0.000000 0.574074
vt 0.166667 0.574074
vt 0.333333 0.574074
vt 0.500000 0.574074
vt 0.666667 0.574074
vt 0.833333 0.574074
vt 1.000000 0.574074
vt 0.000000 0.592593
vt 0.166667 0.592593
vt 0.333333 0.592593
vt 0.500000 0.592593
vt 0.666667 0.592593
vt 0.833333 0.592593
vt 1.000000 0.592593
vt 0.000000 0.611111
vt 0.166667 0.611111
vt 0.333333 0.611111
vt 0.500000 0.611111
vt 0.666667 0.611111
vt 0.833333 0.611111
vt 1.000000 0.611111
vt 0.000000 0.629630
vt 0.166667 0.629630
vt 0.333333 0.629630
vt 0.500000 0.629630
vt 0.666667 0.629630
vt 0.833333 0.629630
vt 1.000000 0.629630
vt 0.000000 0.648148
vt 0.166667 0.648148
vt 0.333333 0.648148
vt 0.500000 0.648148
vt 0.666667 0.648148
vt 0.833333 0.648148
vt 1.000000 0.648148
vt 0.000000 0.666667
vt 0.166667 0.666667
vt 0.333333 0.666667
vt 0.500000 0.666667
vt 0.666667 0.666667
vt 0.833333 0.666667
vt 1.000000 0.666667
vt 0.000000 0.685185
vt 0.166667 0.685185
vt 0.333333 0.685185
vt 0.500000 0.685185
vt 0.666667 0.685185
vt 0.833333 0.685185
vt 1.000000 0.685185
vt 0.000000 0.703704
vt 0.166667 0.703704
vt 0.333333 0.703704
vt 0.500000 0.703704
vt 0.666667 0.703704
vt 0.833333 0.703704
vt 1.000000 0.703704
vt 0.000000 0.722222
vt 0.166667 0.722222
vt 0.333333 0.722222
vt 0.500000 0.722222
vt 0.666667 0.722222
vt 0.833333 0.722222
vt 1.000000 0.722222
vt 0.000000 0.740741
vt 0.166667 0.740741
vt 0.333333 0.740741
vt 0.500000 0.740741
vt 0.666667 0.740741
vt 0.833333 0.740741
vt 1.000000 0.740741
vt 0.000000 0.759259
vt 0.166667 0.759259
vt 0.333333 0.759259
vt 0.500000 0.759259
vt 0.666667 0.759259
vt 0.833333 0.759259
vt 1.000000 0.759259
vt 0.000000 0.777778
vt 0.166667 0.777778
vt 0.333333 0.777778
vt 0.500000 0.777778
vt 0.666667 0.777778
vt 0.833333 0.777778
vt 1.000000 0.777778
vt 0.000000 0.796296
vt 0.166667 0.796296
vt 0.333333 0.796296
vt 0.500000 0.796296
vt 0.666667 0.796296
vt 0.833333 0.796296
vt 1.000000 0.796296
vt 0.000000 0.814815
vt 0.166667 0.814815
vt 0.333333 0.814815
vt 0.500000 0.814815
vt 0.666667 0.814815
vt 0.833333 0.814815
vt 1.000000 0.814815
vt 0.000000 0.833333
vt 0.166667 0.833333
vt 0.333333 0.833333
vt 0.500000 0.833333
vt 0.666667 0.833333
vt 0.833333 0.833333
vt 1.000000 0.833333
vt 0.000000 0.851852
vt 0.166667 0.851852
vt 0.333333 0.851852
vt 0.500000 0.851852
vt 0.666667 0.851852
vt 0.833333 0.851852
vt 1.000000 0.851852
vt 0.000000 0.870370
vt 0.166667 0.870370
vt 0.333333 0.870370
vt 0.500000 0.870370
vt 0.666667 0.870370
vt 0.833333 0.870370
vt 1.000000 0.870370
vt 0.000000 0.888889
vt 0.166667 0.888889
vt 0.333333 0.888889
vt 0.500000 0.888889
vt 0.666667 0.888889
vt 0.833333 0.888889
vt 1.000000 0.888889
vt 0.000000 0.907407
vt 0.166667 0.907407
vt 0.333333 0.907407
vt 0.500000 0.907407
vt 0.666667 0.907407
vt 0.833333 0.907407
vt 1.000000 0.907407
vt 0.000000 0.925926
vt 0.166667 0.925926
vt 0.333333 0.925926
vt 0.500000 0.925926
vt 0.666667 0.925926
vt 0.833333 0.925926
vt 1.000000 0.925926
vt 0.000000 0.944444
vt 0.166667 0.944444
vt 0.333333 0.944444
vt 0.500000 0.944444
vt 0.666667 0.944444
vt 0.833333 0.944444
vt 1.000000 0.944444
vt 0.000000 0.962963
vt 0.166667 0.962963
vt 0.333333 0.962963
vt 0.500000 0.962963
vt 0.666667 0.962963
vt 0.833333 0.962963
vt 1.000000 0.962963
vt 0.000000 0.981481
vt 0.166667 0.981481
vt 0.333333 0.981481
vt 0.500000 0.981481
vt 0.666667 0.981481
vt 0.833333 0.981481
vt 1.000000 0.981481
vt 0.000000 1.000000
vt 0.166667 1.000000
vt 0.333333 1.000000
vt 0.500000 1.000000
vt 0.666667 1.000000
vt 0.833333 1.000000
vt 1.000000 1.000000
usemtl neutron_corona
s off
f 1/1 2/2 9/9
f 1/1 9/9 8/8
f 2/2 3/3 10/10
f 2/2 10/10 9/9
f 3/3 4/4 11/11
f 3/3 11/11 10/10
f 4/4 5/5 12/12
f 4/4 12/12 11/11
f 5/5 6/6 13/13
f 5/5 13/13 12/12
f 6/6 7/7 14/14
f 6/6 14/14 13/13
f 8/8 9/9 16/16
f 8/8 16/16 15/15
f 9/9 10/10 17/17
f 9/9 17/17 16/16
f 10/10 11/11 18/18
f 10/10 18/18 17/17
f 11/11 12/12 19/19
f 11/11 19/19 18/18
f 12/12 13/13 20/20
f 12/12 20/20 19/19
f 13/13 14/14 21/21
f 13/13 21/21 20/20
f 15/15 16/16 23/23
f 15/15 23/23 22/22
f 16/16 17/17 24/24
f 16/16 24/24 23/23
f 17/17 18/18 25/25
f 17/17 25/25 24/24
f 18/18 19/19 26/26
f 18/18 26/26 25/25
f 19/19 20/20 27/27
f 19/19 27/27 26/26
f 20/20 21/21 28/28
f 20/20 28/28 27/27
f 22/22 23/23 30/30
f 22/22 30/30 29/29
f 23/23 24/24 31/31
f 23/23 31/31 30/30
f 24/24 25/25 32/32
f 24/24 32/32 31/31
f 25/25 26/26 33/33
f 25/25 33/33 32/32
f 26/26 27/27 34/34
f 26/26 34/34 33/33
f 27/27 28/28 35/35
f 27/27 35/35 34/34
f 29/29 30/30 37/37
f 29/29 37/37 36/36
f 30/30 31/31 38/38
f 30/30 38/38 37/37
f 31/31 32/32 39/39
f 31/31 39/39 38/38
f 32/32 33/33 40/40
f 32/32 40/40 39/39
f 33/33 34/34 41/41
f 33/33 41/41 40/40
f 34/34 35/35 42/42
f 34/34 42/42 41/41
f 36/36 37/37 44/44
f 36/36 44/44 43/43
f 37/37 38/38 45/45
f 37/37 45/45 44/44
f 38/38 39/39 46/46
f 38/38 46/46 45/45
f 39/39 40/40 47/47
f 39/39 47/47 46/46
f 40/40 41/41 48/48
f 40/40 48/48 47/47
f 41/41 42/42 49/49
f 41/41 49/49 48/48
f 43/43 44/44 51/51
f 43/43 51/51 50/50
f 44/44 45/45 52/52
f 44/44 52/52 51/51
f 45/45 46/46 53/53
f 45/45 53/53 52/52
f 46/46 47/47 54/54
f 46/46 54/54 53/53
f 47/47 48/48 55/55
f 47/47 55/55 54/54
f 48/48 49/49 56/56
f 48/48 56/56 55/55
f 50/50 51/51 58/58
f 50/50 58/58 57/57
f 51/51 52/52 59/59
f 51/51 59/59 58/58
f 52/52 53/53 60/60
f 52/52 60/60 59/59
f 53/53 54/54 61/61
f 53/53 61/61 60/60
f 54/54 55/55 62/62
f 54/54 62/62 61/61
f 55/55 56/56 63/63
f 55/55 63/63 62/62
f 57/57 58/58 65/65
f 57/57 65/65 64/64
f 58/58 59/59 66/66
f 58/58 66/66 65/65
f 59/59 60/60 67/67
f 59/59 67/67 66/66
f 60/60 61/61 68/68
f 60/60 68/68 67/67
f 61/61 62/62 69/69
f 61/61 69/69 68/68
f 62/62 63/63 70/70
f 62/62 70/70 69/69
f 64/64 65/65 72/72
f 64/64 72/72 71/71
f 65/65 66/66 73/73
f 65/65 73/73 72/72
f 66/66 67/67 74/74
f 66/66 74/74 73/73
f 67/67 68/68 75/75
f 67/67 75/75 74/74
f 68/68 69/69 76/76
f 68/68 76/76 75/75
f 69/69 70/70 77/77
f 69/69 77/77 76/76
f 71/71 72/72 79/79
f 71/71 79/79 78/78
f 72/72 73/73 80/80
f 72/72 80/80 79/79
f 73/73 74/74 81/81
f 73/73 81/81 80/80
f 74/74 75/75 82/82
f 74/74 82/82 81/81
f 75/75 76/76 83/83
f 75/75 83/83 82/82
f 76/76 77/77 84/84
f 76/76 84/84 83/83
f 78/78 79/79 86/86
f 78/78 86/86 85/85
f 79/79 80/80 87/87
f 79/79 87/87 86/86
f 80/80 81/81 88/88
f 80/80 88/88 87/87
f 81/81 82/82 89/89
f 81/81 89/89 88/88
f 82/82 83/83 90/90
f 82/82 90/90 89/89
f 83/83 84/84 91/91
f 83/83 91/91 90/90
f 85/85 86/86 93/93
f 85/85 93/93 92/92
f 86/86 87/87 94/94
f 86/86 94/94 93/93
f 87/87 88/88 95/95
f 87/87 95/95 94/94
f 88/88 89/89 96/96
f 88/88 96/96 95/95
f 89/89 90/90 97/97
f 89/89 97/97 96/96
f 90/90 91/91 98/98
f 90/90 98/98 97/97
f 92/92 93/93 100/100
f 92/92 100/100 99/99
f 93/93 94/94 101/101
f 93/93 101/101 100/100
f 94/94 95/95 102/102
f 94/94 102/102 101/101
f 95/95 96/96 103/103
f 95/95 103/103 102/102
f 96/96 97/97 104/104
f 96/96 104/104 103/103
f 97/97 98/98 105/105
f 97/97 105/105 104/104
f 99/99 100/100 107/107
f 99/99 107/107 106/106
f 100/100 101/101 108/108
f 100/100 108/108 107/107
f 101/101 102/102 109/109
f 101/101 109/109 108/108
f 102/102 103/103 110/110
f 102/102 110/110 109/109
f 103/103 104/104 111/111
f 103/103 111/111 110/110
f 104/104 105/105 112/112
f 104/104 112/112 111/111
f 106/106 107/107 114/114
f 106/106 114/114 113/113
f 107/107 108/108 115/115
f 107/107 115/115 114/114
f 108/108 109/109 116/116
f 108/108 116/116 115/115
f 109/109 110/110 117/117
f 109/109 117/117 116/116
f 110/110 111/111 118/118
f 110/110 118/118 117/117
f 111/111 112/112 119/119
f 111/111 119/119 118/118
f 113/113 114/114 121/121
f 113/113 121/121 120/120
f 114/114 115/115 122/122
f 114/114 122/122 121/121
f 115/115 116/116 123/123
f 115/115 123/123 122/122
f 116/116 117/117 124/124
f 116/116 124/124 123/123
f 117/117 118/118 125/125
f 117/117 125/125 124/124
f 118/118 119/119 126/126
f 118/118 126/126 125/125
f 120/120 121/121 128/128
f 120/120 128/128 127/127
f 121/121 122/122 129/129
f 121/121 129/129 128/128
f 122/122 123/123 130/130
f 122/122 130/130 129/129
f 123/123 124/124 131/131
f 123/123 131/131 130/130
f 124/124 125/125 132/132
f 124/124 132/132 131/131
f 125/125 126/126 133/133
f 125/125 133/133 132/132
f 127/127 128/128 135/135
f 127/127 135/135 134/134
f 128/128 129/129 136/136
f 128/128 136/136 135/135
f 129/129 130/130 137/137
f 129/129 137/137 136/136
f 130/130 131/131 138/138
f 130/130 138/138 137/137
f 131/131 132/132 139/139
f 131/131 139/139 138/138
f 132/132 133/133 140/140
f 132/132 140/140 139/139
f 134/134 135/135 142/142
f 134/134 142/142 141/141
f 135/135 136/136 143/143
f 135/135 143/143 142/142
f 136/136 137/137 144/144
f 136/136 144/144 143/143
f 137/137 138/138 145/145
f 137/137 145/145 144/144
f 138/138 139/139 146/146
f 138/138 146/146 145/145
f 139/139 140/140 147/147
f 139/139 147/147 146/146
f 141/141 142/142 149/149
f 141/141 149/149 148/148
f 142/142 143/143 150/150
f 142/142 150/150 149/149
f 143/143 144/144 151/151
f 143/143 151/151 150/150
f 144/144 145/145 152/152
f 144/144 152/152 151/151
f 145/145 146/146 153/153
f 145/145 153/153 152/152
f 146/146 147/147 154/154
f 146/146 154/154 153/153
f 148/148 149/149 156/156
f 148/148 156/156 155/155
f 149/149 150/150 157/157
f 149/149 157/157 156/156
f 150/150 151/151 158/158
f 150/150 158/158 157/157
f 151/151 152/152 159/159
f 151/151 159/159 158/158
f 152/152 153/153 160/160
f 152/152 160/160 159/159
f 153/153 154/154 161/161
f 153/153 161/161 160/160
f 155/155 156/156 163/163
f 155/155 163/163 162/162
f 156/156 157/157 164/164
f 156/156 164/164 163/163
f 157/157 158/158 165/165
f 157/157 165/165 164/164
f 158/158 159/159 166/166
f 158/158 166/166 165/165
f 159/159 160/160 167/167
f 159/159 167/167 166/166
f 160/160 161/161 168/168
f 160/160 168/168 167/167
f 162/162 163/163 170/170
f 162/162 170/170 169/169
f 163/163 164/164 171/171
f 163/163 171/171 170/170
f 164/164 165/165 172/172
f 164/164 172/172 171/171
f 165/165 166/166 173/173
f 165/165 173/173 172/172
f 166/166 167/167 174/174
f 166/166 174/174 173/173
f 167/167 168/168 175/175
f 167/167 175/175 174/174
f 169/169 170/170 177/177
f 169/169 177/177 176/176
f 170/170 171/171 178/178
f 170/170 178/178 177/177
f 171/171 172/172 179/179
f 171/171 179/179 178/178
f 172/172 173/173 180/180
f 172/172 180/180 179/179
f 173/173 174/174 181/181
f 173/173 181/181 180/180
f 174/174 175/175 182/182
f 174/174 182/182 181/181
f 176/176 177/177 184/184
f 176/176 184/184 183/183
f 177/177 178/178 185/185
f 177/177 185/185 184/184
f 178/178 179/179 186/186
f 178/178 186/186 185/185
f 179/179 180/180 187/187
f 179/179 187/187 186/186
f 180/180 181/181 188/188
f 180/180 188/188 187/187
f 181/181 182/182 189/189
f 181/181 189/189 188/188
f 183/183 184/184 191/191
f 183/183 191/191 190/190
f 184/184 185/185 192/192
f 184/184 192/192 191/191
f 185/185 186/186 193/193
f 185/185 193/193 192/192
f 186/186 187/187 194/194
f 186/186 194/194 193/193
f 187/187 188/188 195/195
f 187/187 195/195 194/194
f 188/188 189/189 196/196
f 188/188 196/196 195/195
f 190/190 191/191 198/198
f 190/190 198/198 197/197
f 191/191 192/192 199/199
f 191/191 199/199 198/198
f 192/192 193/193 200/200
f 192/192 200/200 199/199
f 193/193 194/194 201/201
f 193/193 201/201 200/200
f 194/194 195/195 202/202
f 194/194 202/202 201/201
f 195/195 196/196 203/203
f 195/195 203/203 202/202
f 197/197 198/198 205/205
f 197/197 205/205 204/204
f 198/198 199/199 206/206
f 198/198 206/206 205/205
f 199/199 200/200 207/207
f 199/199 207/207 206/206
f 200/200 201/201 208/208
f 200/200 208/208 207/207
f 201/201 202/202 209/209
f 201/201 209/209 208/208
f 202/202 203/203 210/210
f 202/202 210/210 209/209
f 204/204 205/205 212/212
f 204/204 212/212 211/211
f 205/205 206/206 213/213
f 205/205 213/213 212/212
f 206/206 207/207 214/214
f 206/206 214/214 213/213
f 207/207 208/208 215/215
f 207/207 215/215 214/214
f 208/208 209/209 216/216
f 208/208 216/216 215/215
f 209/209 210/210 217/217
f 209/209 217/217 216/216
f 211/211 212/212 219/219
f 211/211 219/219 218/218
f 212/212 213/213 220/220
f 212/212 220/220 219/219
f 213/213 214/214 221/221
f 213/213 221/221 220/220
f 214/214 215/215 222/222
f 214/214 222/222 221/221
f 215/215 216/216 223/223
f 215/215 223/223 222/222
f 216/216 217/217 224/224
f 216/216 224/224 223/223
f 218/218 219/219 226/226
f 218/218 226/226 225/225
f 219/219 220/220 227/227
f 219/219 227/227 226/226
f 220/220 221/221 228/228
f 220/220 228/228 227/227
f 221/221 222/222 229/229
f 221/221 229/229 228/228
f 222/222 223/223 230/230
f 222/222 230/230 229/229
f 223/223 224/224 231/231
f 223/223 231/231 230/230
f 225/225 226/226 233/233
f 225/225 233/233 232/232
f 226/226 227/227 234/234
f 226/226 234/234 233/233
f 227/227 228/228 235/235
f 227/227 235/235 234/234
f 228/228 229/229 236/236
f 228/228 236/236 235/235
f 229/229 230/230 237/237
f 229/229 237/237 236/236
f 230/230 231/231 238/238
f 230/230 238/238 237/237
f 232/232 233/233 240/240
f 232/232 240/240 239/239
f 233/233 234/234 241/241
f 233/233 241/241 240/240
f 234/234 235/235 242/242
f 234/234 242/242 241/241
f 235/235 236/236 243/243
f 235/235 243/243 242/242
f 236/236 237/237 244/244
f 236/236 244/244 243/243
f 237/237 238/238 245/245
f 237/237 245/245 244/244
f 239/239 240/240 247/247
f 239/239 247/247 246/246
f 240/240 241/241 248/248
f 240/240 248/248 247/247
f 241/241 242/242 249/249
f 241/241 249/249 248/248
f 242/242 243/243 250/250
f 242/242 250/250 249/249
f 243/243 244/244 251/251
f 243/243 251/251 250/250
f 244/244 245/245 252/252
f 244/244 252/252 251/251
f 246/246 247/247 254/254
f 246/246 254/254 253/253
f 247/247 248/248 255/255
f 247/247 255/255 254/254
f 248/248 249/249 256/256
f 248/248 256/256 255/255
f 249/249 250/250 257/257
f 249/249 257/257 256/256
f 250/250 251/251 258/258
f 250/250 258/258 257/257
f 251/251 252/252 259/259
f 251/251 259/259 258/258
f 253/253 254/254 261/261
f 253/253 261/261 260/260
f 254/254 255/255 262/262
f 254/254 262/262 261/261
f 255/255 256/256 263/263
f 255/255 263/263 262/262
f 256/256 257/257 264/264
f 256/256 264/264 263/263
f 257/257 258/258 265/265
f 257/257 265/265 264/264
f 258/258 259/259 266/266
f 258/258 266/266 265/265
f 260/260 261/261 268/268
f 260/260 268/268 267/267
f 261/261 262/262 269/269
f 261/261 269/269 268/268
f 262/262 263/263 270/270
f 262/262 270/270 269/269
f 263/263 264/264 271/271
f 263/263 271/271 270/270
f 264/264 265/265 272/272
f 264/264 272/272 271/271
f 265/265 266/266 273/273
f 265/265 273/273 272/272
f 267/267 268/268 275/275
f 267/267 275/275 274/274
f 268/268 269/269 276/276
f 268/268 276/276 275/275
f 269/269 270/270 277/277
f 269/269 277/277 276/276
f 270/270 271/271 278/278
f 270/270 278/278 277/277
f 271/271 272/272 279/279
f 271/271 279/279 278/278
f 272/272 273/273 280/280
f 272/272 280/280 279/279
f 274/274 275/275 282/282
f 274/274 282/282 281/281
f 275/275 276/276 283/283
f 275/275 283/283 282/282
f 276/276 277/277 284/284
f 276/276 284/284 283/283
f 277/277 278/278 285/285
f 277/277 285/285 284/284
f 278/278 279/279 286/286
f 278/278 286/286 285/285
f 279/279 280/280 287/287
f 279/279 287/287 286/286
f 281/281 282/282 289/289
f 281/281 289/289 288/288
f 282/282 283/283 290/290
f 282/282 290/290 289/289
f 283/283 284/284 291/291
f 283/283 291/291 290/290
f 284/284 285/285 292/292
f 284/284 292/292 291/291
f 285/285 286/286 293/293
f 285/285 293/293 292/292
f 286/286 287/287 294/294
f 286/286 294/294 293/293
f 288/288 289/289 296/296
f 288/288 296/296 295/295
f 289/289 290/290 297/297
f 289/289 297/297 296/296
f 290/290 291/291 298/298
f 290/290 298/298 297/297
f 291/291 292/292 299/299
f 291/291 299/299 298/298
f 292/292 293/293 300/300
f 292/292 300/300 299/299
f 293/293 294/294 301/301
f 293/293 301/301 300/300
f 295/295 296/296 303/303
f 295/295 303/303 302/302
f 296/296 297/297 304/304
f 296/296 304/304 303/303
f 297/297 298/298 305/305
f 297/297 305/305 304/304
f 298/298 299/299 306/306
f 298/298 306/306 305/305
f 299/299 300/300 307/307
f 299/299 307/307 306/306
f 300/300 301/301 308/308
f 300/300 308/308 307/307
f 302/302 303/303 310/310
f 302/302 310/310 309/309
f 303/303 304/304 311/311
f 303/303 311/311 310/310
f 304/304 305/305 312/312
f 304/304 312/312 311/311
f 305/305 306/306 313/313
f 305/305 313/313 312/312
f 306/306 307/307 314/314
f 306/306 314/314 313/313
f 307/307 308/308 315/315
f 307/307 315/315 314/314
f 309/309 310/310 317/317
f 309/309 317/317 316/316
f 310/310 311/311 318/318
f 310/310 318/318 317/317
f 311/311 312/312 319/319
f 311/311 319/319 318/318
f 312/312 313/313 320/320
f 312/312 320/320 319/319
f 313/313 314/314 321/321
f 313/313 321/321 320/320
f 314/314 315/315 322/322
f 314/314 322/322 321/321
f 316/316 317/317 324/324
f 316/316 324/324 323/323
f 317/317 318/318 325/325
f 317/317 325/325 324/324
f 318/318 319/319 326/326
f 318/318 326/326 325/325
f 319/319 320/320 327/327
f 319/319 327/327 326/326
f 320/320 321/321 328/328
f 320/320 328/328 327/327
f 321/321 322/322 329/329
f 321/321 329/329 328/328
f 323/323 324/324 331/331
f 323/323 331/331 330/330
f 324/324 325/325 332/332
f 324/324 332/332 331/331
f 325/325 326/326 333/333
f 325/325 333/333 332/332
f 326/326 327/327 334/334
f 326/326 334/334 333/333
f 327/327 328/328 335/335
f 327/327 335/335 334/334
f 328/328 329/329 336/336
f 328/328 336/336 335/335
f 330/330 331/331 338/338
f 330/330 338/338 337/337
f 331/331 332/332 339/339
f 331/331 339/339 338/338
f 332/332 333/333 340/340
f 332/332 340/340 339/339
f 333/333 334/334 341/341
f 333/333 341/341 340/340
f 334/334 335/335 342/342
f 334/334 342/342 341/341
f 335/335 336/336 343/343
f 335/335 343/343 342/342
f 337/337 338/338 345/345
f 337/337 345/345 344/344
f 338/338 339/339 346/346
f 338/338 346/346 345/345
f 339/339 340/340 347/347
f 339/339 347/347 346/346
f 340/340 341/341 348/348
f 340/340 348/348 347/347
f 341/341 342/342 349/349
f 341/341 349/349 348/348
f 342/342 343/343 350/350
f 342/342 350/350 349/349
f 344/344 345/345 352/352
f 344/344 352/352 351/351
f 345/345 346/346 353/353
f 345/345 353/353 352/352
f 346/346 347/347 354/354
f 346/346 354/354 353/353
f 347/347 348/348 355/355
f 347/347 355/355 354/354
f 348/348 349/349 356/356
f 348/348 356/356 355/355
f 349/349 350/350 357/357
f 349/349 357/357 356/356
f 351/351 352/352 359/359
f 351/351 359/359 358/358
f 352/352 353/353 360/360
f 352/352 360/360 359/359
f 353/353 354/354 361/361
f 353/353 361/361 360/360
f 354/354 355/355 362/362
f 354/354 362/362 361/361
f 355/355 356/356 363/363
f 355/355 363/363 362/362
f 356/356 357/357 364/364
f 356/356 364/364 363/363
f 358/358 359/359 366/366
f 358/358 366/366 365/365
f 359/359 360/360 367/367
f 359/359 367/367 366/366
f 360/360 361/361 368/368
f 360/360 368/368 367/367
f 361/361 362/362 369/369
f 361/361 369/369 368/368
f 362/362 363/363 370/370
f 362/362 370/370 369/369
f 363/363 364/364 371/371
f 363/363 371/371 370/370
f 365/365 366/366 373/373
f 365/365 373/373 372/372
f 366/366 367/367 374/374
f 366/366 374/374 373/373
f 367/367 368/368 375/375
f 367/367 375/375 374/374
f 368/368 369/369 376/376
f 368/368 376/376 375/375
f 369/369 370/370 377/377
f 369/369 377/377 376/376
f 370/370 371/371 378/378
f 370/370 378/378 377/377
f 372/372 373/373 380/380
f 372/372 380/380 379/379
f 373/373 374/374 381/381
f 373/373 381/381 380/380
f 374/374 375/375 382/382
f 374/374 382/382 381/381
f 375/375 376/376 383/383
f 375/375 383/383 382/382
f 376/376 377/377 384/384
f 376/376 384/384 383/383
f 377/377 378/378 385/385
f 377/377 385/385 384/384
f 386/386 387/387 394/394
f 386/386 394/394 393/393
f 387/387 388/388 395/395
f 387/387 395/395 394/394
f 388/388 389/389 396/396
f 388/388 396/396 395/395
f 389/389 390/390 397/397
f 389/389 397/397 396/396
f 390/390 391/391 398/398
f 390/390 398/398 397/397
f 391/391 392/392 399/399
f 391/391 399/399 398/398
f 393/393 394/394 401/401
f 393/393 401/401 400/400
f 394/394 395/395 402/402
f 394/394 402/402 401/401
f 395/395 396/396 403/403
f 395/395 403/403 402/402
f 396/396 397/397 404/404
f 396/396 404/404 403/403
f 397/397 398/398 405/405
f 397/397 405/405 404/404
f 398/398 399/399 406/406
f 398/398 406/406 405/405
f 400/400 401/401 408/408
f 400/400 408/408 407/407
f 401/401 402/402 409/409
f 401/401 409/409 408/408
f 402/402 403/403 410/410
f 402/402 410/410 409/409
f 403/403 404/404 411/411
f 403/403 411/411 410/410
f 404/404 405/405 412/412
f 404/404 412/412 411/411
f 405/405 406/406 413/413
f 405/405 413/413 412/412
f 407/407 408/408 415/415
f 407/407 415/415 414/414
f 408/408 409/409 416/416
f 408/408 416/416 415/415
f 409/409 410/410 417/417
f 409/409 417/417 416/416
f 410/410 411/411 418/418
f 410/410 418/418 417/417
f 411/411 412/412 419/419
f 411/411 419/419 418/418
f 412/412 413/413 420/420
f 412/412 420/420 419/419
f 414/414 415/415 422/422
f 414/414 422/422 421/421
f 415/415 416/416 423/423
f 415/415 423/423 422/422
f 416/416 417/417 424/424
f 416/416 424/424 423/423
f 417/417 418/418 425/425
f 417/417 425/425 424/424
f 418/418 419/419 426/426
f 418/418 426/426 425/425
f 419/419 420/420 427/427
f 419/419 427/427 426/426
f 421/421 422/422 429/429
f 421/421 429/429 428/428
f 422/422 423/423 430/430
f 422/422 430/430 429/429
f 423/423 424/424 431/431
f 423/423 431/431 430/430
f 424/424 425/425 432/432
f 424/424 432/432 431/431
f 425/425 426/426 433/433
f 425/425 433/433 432/432
f 426/426 427/427 434/434
f 426/426 434/434 433/433
f 428/428 429/429 436/436
f 428/428 436/436 435/435
f 429/429 430/430 437/437
f 429/429 437/437 436/436
f 430/430 431/431 438/438
f 430/430 438/438 437/437
f 431/431 432/432 439/439
f 431/431 439/439 438/438
f 432/432 433/433 440/440
f 432/432 440/440 439/439
f 433/433 434/434 441/441
f 433/433 441/441 440/440
f 435/435 436/436 443/443
f 435/435 443/443 442/442
f 436/436 437/437 444/444
f 436/436 444/444 443/443
f 437/437 438/438 445/445
f 437/437 445/445 444/444
f 438/438 439/439 446/446
f 438/438 446/446 445/445
f 439/439 440/440 447/447
f 439/439 447/447 446/446
f 440/440 441/441 448/448
f 440/440 448/448 447/447
f 442/442 443/443 450/450
f 442/442 450/450 449/449
f 443/443 444/444 451/451
f 443/443 451/451 450/450
f 444/444 445/445 452/452
f 444/444 452/452 451/451
f 445/445 446/446 453/453
f 445/445 453/453 452/452
f 446/446 447/447 454/454
f 446/446 454/454 453/453
f 447/447 448/448 455/455
f 447/447 455/455 454/454
f 449/449 450/450 457/457
f 449/449 457/457 456/456
f 450/450 451/451 458/458
f 450/450 458/458 457/457
f 451/451 452/452 459/459
f 451/451 459/459 458/458
f 452/452 453/453 460/460
f 452/452 460/460 459/459
f 453/453 454/454 461/461
f 453/453 461/461 460/460
f 454/454 455/455 462/462
f 454/454 462/462 461/461
f 456/456 457/457 464/464
f 456/456 464/464 463/463
f 457/457 458/458 465/465
f 457/457 465/465 464/464
f 458/458 459/459 466/466
f 458/458 466/466 465/465
f 459/459 460/460 467/467
f 459/459 467/467 466/466
f 460/460 461/461 468/468
f 460/460 468/468 467/467
f 461/461 462/462 469/469
f 461/461 469/469 468/468
f 463/463 464/464 471/471
f 463/463 471/471 470/470
f 464/464 465/465 472/472
f 464/464 472/472 471/471
f 465/465 466/466 473/473
f 465/465 473/473 472/472
f 466/466 467/467 474/474
f 466/466 474/474 473/473
f 467/467 468/468 475/475
f 467/467 475/475 474/474
f 468/468 469/469 476/476
f 468/468 476/476 475/475
f 470/470 471/471 478/478
f 470/470 478/478 477/477
f 471/471 472/472 479/479
f 471/471 479/479 478/478
f 472/472 473/473 480/480
f 472/472 480/480 479/479
f 473/473 474/474 481/481
f 473/473 481/481 480/480
f 474/474 475/475 482/482
f 474/474 482/482 481/481
f 475/475 476/476 483/483
f 475/475 483/483 482/482
f 477/477 478/478 485/485
f 477/477 485/485 484/484
f 478/478 479/479 486/486
f 478/478 486/486 485/485
f 479/479 480/480 487/487
f 479/479 487/487 486/486
f 480/480 481/481 488/488
f 480/480 488/488 487/487
f 481/481 482/482 489/489
f 481/481 489/489 488/488
f 482/482 483/483 490/490
f 482/482 490/490 489/489
f 484/484 485/485 492/492
f 484/484 492/492 491/491
f 485/485 486/486 493/493
f 485/485 493/493 492/492
f 486/486 487/487 494/494
f 486/486 494/494 493/493
f 487/487 488/488 495/495
f 487/487 495/495 494/494
f 488/488 489/489 496/496
f 488/488 496/496 495/495
f 489/489 490/490 497/497
f 489/489 497/497 496/496
f 491/491 492/492 499/499
f 491/491 499/499 498/498
f 492/492 493/493 500/500
f 492/492 500/500 499/499
f 493/493 494/494 501/501
f 493/493 501/501 500/500
f 494/494 495/495 502/502
f 494/494 502/502 501/501
f 495/495 496/496 503/503
f 495/495 503/503 502/502
f 496/496 497/497 504/504
f 496/496 504/504 503/503
f 498/498 499/499 506/506
f 498/498 506/506 505/505
f 499/499 500/500 507/507
f 499/499 507/507 506/506
f 500/500 501/501 508/508
f 500/500 508/508 507/507
f 501/501 502/502 509/509
f 501/501 509/509 508/508
f 502/502 503/503 510/510
f 502/502 510/510 509/509
f 503/503 504/504 511/511
f 503/503 511/511 510/510
f 505/505 506/506 513/513
f 505/505 513/513 512/512
f 506/506 507/507 514/514
f 506/506 514/514 513/513
f 507/507 508/508 515/515
f 507/507 515/515 514/514
f 508/508 509/509 516/516
f 508/508 516/516 515/515
f 509/509 510/510 517/517
f 509/509 517/517 516/516
f 510/510 511/511 518/518
f 510/510 518/518 517/517
f 512/512 513/513 520/520
f 512/512 520/520 519/519
f 513/513 514/514 521/521
f 513/513 521/521 520/520
f 514/514 515/515 522/522
f 514/514 522/522 521/521
f 515/515 516/516 523/523
f 515/515 523/523 522/522
f 516/516 517/517 524/524
f 516/516 524/524 523/523
f 517/517 518/518 525/525
f 517/517 525/525 524/524
f 519/519 520/520 527/527
f 519/519 527/527 526/526
f 520/520 521/521 528/528
f 520/520 528/528 527/527
f 521/521 522/522 529/529
f 521/521 529/529 528/528
f 522/522 523/523 530/530
f 522/522 530/530 529/529
f 523/523 524/524 531/531
f 523/523 531/531 530/530
f 524/524 525/525 532/532
f 524/524 532/532 531/531
f 526/526 527/527 534/534
f 526/526 534/534 533/533
f 527/527 528/528 535/535
f 527/527 535/535 534/534
f 528/528 529/529 536/536
f 528/528 536/536 535/535
f 529/529 530/530 537/537
f 529/529 537/537 536/536
f 530/530 531/531 538/538
f 530/530 538/538 537/537
f 531/531 532/532 539/539
f 531/531 539/539 538/538
f 533/533 534/534 541/541
f 533/533 541/541 540/540
f 534/534 535/535 542/542
f 534/534 542/542 541/541
f 535/535 536/536 543/543
f 535/535 543/543 542/542
f 536/536 537/537 544/544
f 536/536 544/544 543/543
f 537/537 538/538 545/545
f 537/537 545/545 544/544
f 538/538 539/539 546/546
f 538/538 546/546 545/545
f 540/540 541/541 548/548
f 540/540 548/548 547/547
f 541/541 542/542 549/549
f 541/541 549/549 548/548
f 542/542 543/543 550/550
f 542/542 550/550 549/549
f 543/543 544/544 551/551
f 543/543 551/551 550/550
f 544/544 545/545 552/552
f 544/544 552/552 551/551
f 545/545 546/546 553/553
f 545/545 553/553 552/552
f 547/547 548/548 555/555
f 547/547 555/555 554/554
f 548/548 549/549 556/556
f 548/548 556/556 555/555
f 549/549 550/550 557/557
f 549/549 557/557 556/556
f 550/550 551/551 558/558
f 550/550 558/558 557/557
f 551/551 552/552 559/559
f 551/551 559/559 558/558
f 552/552 553/553 560/560
f 552/552 560/560 559/559
f 554/554 555/555 562/562
f 554/554 562/562 561/561
f 555/555 556/556 563/563
f 555/555 563/563 562/562
f 556/556 557/557 564/564
f 556/556 564/564 563/563
f 557/557 558/558 565/565
f 557/557 565/565 564/564
f 558/558 559/559 566/566
f 558/558 566/566 565/565
f 559/559 560/560 567/567
f 559/559 567/567 566/566
f 561/561 562/562 569/569
f 561/561 569/569 568/568
f 562/562 563/563 570/570
f 562/562 570/570 569/569
f 563/563 564/564 571/571
f 563/563 571/571 570/570
f 564/564 565/565 572/572
f 564/564 572/572 571/571
f 565/565 566/566 573/573
f 565/565 573/573 572/572
f 566/566 567/567 574/574
f 566/566 574/574 573/573
f 568/568 569/569 576/576
f 568/568 576/576 575/575
f 569/569 570/570 577/577
f 569/569 577/577 576/576
f 570/570 571/571 578/578
f 570/570 578/578 577/577
f 571/571 572/572 579/579
f 571/571 579/579 578/578
f 572/572 573/573 580/580
f 572/572 580/580 579/579
f 573/573 574/574 581/581
f 573/573 581/581 580/580
f 575/575 576/576 583/583
f 575/575 583/583 582/582
f 576/576 577/577 584/584
f 576/576 584/584 583/583
f 577/577 578/578 585/585
f 577/577 585/585 584/584
f 578/578 579/579 586/586
f 578/578 586/586 585/585
f 579/579 580/580 587/587
f 579/579 587/587 586/586
f 580/580 581/581 588/588
f 580/580 588/588 587/587
f 582/582 583/583 590/590
f 582/582 590/590 589/589
f 583/583 584/584 591/591
f 583/583 591/591 590/590
f 584/584 585/585 592/592
f 584/584 592/592 591/591
f 585/585 586/586 593/593
f 585/585 593/593 592/592
f 586/586 587/587 594/594
f 586/586 594/594 593/593
f 587/587 588/588 595/595
f 587/587 595/595 594/594
f 589/589 590/590 597/597
f 589/589 597/597 596/596
f 590/590 591/591 598/598
f 590/590 598/598 597/597
f 591/591 592/592 599/599
f 591/591 599/599 598/598
f 592/592 593/593 600/600
f 592/592 600/600 599/599
f 593/593 594/594 601/601
f 593/593 601/601 600/600
f 594/594 595/595 602/602
f 594/594 602/602 601/601
f 596/596 597/597 604/604
f 596/596 604/604 603/603
f 597/597 598/598 605/605
f 597/597 605/605 604/604
f 598/598 599/599 606/606
f 598/598 606/606 605/605
f 599/599 600/600 607/607
f 599/599 607/607 606/606
f 600/600 601/601 608/608
f 600/600 608/608 607/607
f 601/601 602/602 609/609
f 601/601 609/609 608/608
f 603/603 604/604 611/611
f 603/603 611/611 610/610
f 604/604 605/605 612/612
f 604/604 612/612 611/611
f 605/605 606/606 613/613
f 605/605 613/613 612/612
f 606/606 607/607 614/614
f 606/606 614/614 613/613
f 607/607 608/608 615/615
f 607/607 615/615 614/614
f 608/608 609/609 616/616
f 608/608 616/616 615/615
f 610/610 611/611 618/618
f 610/610 618/618 617/617
f 611/611 612/612 619/619
f 611/611 619/619 618/618
f 612/612 613/613 620/620
f 612/612 620/620 619/619
f 613/613 614/614 621/621
f 613/613 621/621 620/620
f 614/614 615/615 622/622
f 614/614 622/622 621/621
f 615/615 616/616 623/623
f 615/615 623/623 622/622
f 617/617 618/618 625/625
f 617/617 625/625 624/624
f 618/618 619/619 626/626
f 618/618 626/626 625/625
f 619/619 620/620 627/627
f 619/619 627/627 626/626
f 620/620 621/621 628/628
f 620/620 628/628 627/627
f 621/621 622/622 629/629
f 621/621 629/629 628/628
f 622/622 623/623 630/630
f 622/622 630/630 629/629
f 624/624 625/625 632/632
f 624/624 632/632 631/631
f 625/625 626/626 633/633
f 625/625 633/633 632/632
f 626/626 627/627 634/634
f 626/626 634/634 633/633
f 627/627 628/628 635/635
f 627/627 635/635 634/634
f 628/628 629/629 636/636
f 628/628 636/636 635/635
f 629/629 630/630 637/637
f 629/629 637/637 636/636
f 631/631 632/632 639/639
f 631/631 639/639 638/638
f 632/632 633/633 640/640
f 632/632 640/640 639/639
f 633/633 634/634 641/641
f 633/633 641/641 640/640
f 634/634 635/635 642/642
f 634/634 642/642 641/641
f 635/635 636/636 643/643
f 635/635 643/643 642/642
f 636/636 637/637 644/644
f 636/636 644/644 643/643
f 638/638 639/639 646/646
f 638/638 646/646 645/645
f 639/639 640/640 647/647
f 639/639 647/647 646/646
f 640/640 641/641 648/648
f 640/640 648/648 647/647
f 641/641 642/642 649/649
f 641/641 649/649 648/648
f 642/642 643/643 650/650
f 642/642 650/650 649/649
f 643/643 644/644 651/651
f 643/643 651/651 650/650
f 645/645 646/646 653/653
f 645/645 653/653 652/652
f 646/646 647/647 654/654
f 646/646 654/654 653/653
f 647/647 648/648 655/655
f 647/647 655/655 654/654
f 648/648 649/649 656/656
f 648/648 656/656 655/655
f 649/649 650/650 657/657
f 649/649 657/657 656/656
f 650/650 651/651 658/658
f 650/650 658/658 657/657
f 652/652 653/653 660/660
f 652/652 660/660 659/659
f 653/653 654/654 661/661
f 653/653 661/661 660/660
f 654/654 655/655 662/662
f 654/654 662/662 661/661
f 655/655 656/656 663/663
f 655/655 663/663 662/662
f 656/656 657/657 664/664
f 656/656 664/664 663/663
f 657/657 658/658 665/665
f 657/657 665/665 664/664
f 659/659 660/660 667/667
f 659/659 667/667 666/666
f 660/660 661/661 668/668
f 660/660 668/668 667/667
f 661/661 662/662 669/669
f 661/661 669/669 668/668
f 662/662 663/663 670/670
f 662/662 670/670 669/669
f 663/663 664/664 671/671
f 663/663 671/671 670/670
f 664/664 665/665 672/672
f 664/664 672/672 671/671
f 666/666 667/667 674/674
f 666/666 674/674 673/673
f 667/667 668/668 675/675
f 667/667 675/675 674/674
f 668/668 669/669 676/676
f 668/668 676/676 675/675
f 669/669 670/670 677/677
f 669/669 677/677 676/676
f 670/670 671/671 678/678
f 670/670 678/678 677/677
f 671/671 672/672 679/679
f 671/671 679/679 678/678
f 673/673 674/674 681/681
f 673/673 681/681 680/680
f 674/674 675/675 682/682
f 674/674 682/682 681/681
f 675/675 676/676 683/683
f 675/675 683/683 682/682
f 676/676 677/677 684/684
f 676/676 684/684 683/683
f 677/677 678/678 685/685
f 677/677 685/685 684/684
f 678/678 679/679 686/686
f 678/678 686/686 685/685
f 680/680 681/681 688/688
f 680/680 688/688 687/687
f 681/681 682/682 689/689
f 681/681 689/689 688/688
f 682/682 683/683 690/690
f 682/682 690/690 689/689
f 683/683 684/684 691/691
f 683/683 691/691 690/690
f 684/684 685/685 692/692
f 684/684 692/692 691/691
f 685/685 686/686 693/693
f 685/685 693/693 692/692
f 687/687 688/688 695/695
f 687/687 695/695 694/694
f 688/688 689/689 696/696
f 688/688 696/696 695/695
f 689/689 690/690 697/697
f 689/689 697/697 696/696
f 690/690 691/691 698/698
f 690/690 698/698 697/697
f 691/691 692/692 699/699
f 691/691 699/699 698/698
f 692/692 693/693 700/700
f 692/692 700/700 699/699
f 694/694 695/695 702/702
f 694/694 702/702 701/701
f 695/695 696/696 703/703
f 695/695 703/703 702/702
f 696/696 697/697 704/704
f 696/696 704/704 703/703
f 697/697 698/698 705/705
f 697/697 705/705 704/704
f 698/698 699/699 706/706
f 698/698 706/706 705/705
f 699/699 700/700 707/707
f 699/699 707/707 706/706
f 701/701 702/702 709/709
f 701/701 709/709 708/708
f 702/702 703/703 710/710
f 702/702 710/710 709/709
f 703/703 704/704 711/711
f 703/703 711/711 710/710
f 704/704 705/705 712/712
f 704/704 712/712 711/711
f 705/705 706/706 713/713
f 705/705 713/713 712/712
f 706/706 707/707 714/714
f 706/706 714/714 713/713
f 708/708 709/709 716/716
f 708/708 716/716 715/715
f 709/709 710/710 717/717
f 709/709 717/717 716/716
f 710/710 711/711 718/718
f 710/710 718/718 717/717
f 711/711 712/712 719/719
f 711/711 719/719 718/718
f 712/712 713/713 720/720
f 712/712 720/720 719/719
f 713/713 714/714 721/721
f 713/713 721/721 720/720
f 715/715 716/716 723/723
f 715/715 723/723 722/722
f 716/716 717/717 724/724
f 716/716 724/724 723/723
f 717/717 718/718 725/725
f 717/717 725/725 724/724
f 718/718 719/719 726/726
f 718/718 726/726 725/725
f 719/719 720/720 727/727
f 719/719 727/727 726/726
f 720/720 721/721 728/728
f 720/720 728/728 727/727
f 722/722 723/723 730/730
f 722/722 730/730 729/729
f 723/723 724/724 731/731
f 723/723 731/731 730/730
f 724/724 725/725 732/732
f 724/724 732/732 731/731
f 725/725 726/726 733/733
f 725/725 733/733 732/732
f 726/726 727/727 734/734
f 726/726 734/734 733/733
f 727/727 728/728 735/735
f 727/727 735/735 734/734
f 729/729 730/730 737/737
f 729/729 737/737 736/736
f 730/730 731/731 738/738
f 730/730 738/738 737/737
f 731/731 732/732 739/739
f 731/731 739/739 738/738
f 732/732 733/733 740/740
f 732/732 740/740 739/739
f 733/733 734/734 741/741
f 733/733 741/741 740/740
f 734/734 735/735 742/742
f 734/734 742/742 741/741
f 736/736 737/737 744/744
f 736/736 744/744 743/743
f 737/737 738/738 745/745
f 737/737 745/745 744/744
f 738/738 739/739 746/746
f 738/738 746/746 745/745
f 739/739 740/740 747/747
f 739/739 747/747 746/746
f 740/740 741/741 748/748
f 740/740 748/748 747/747
f 741/741 742/742 749/749
f 741/741 749/749 748/748
f 743/743 744/744 751/751
f 743/743 751/751 750/750
f 744/744 745/745 752/752
f 744/744 752/752 751/751
f 745/745 746/746 753/753
f 745/745 753/753 752/752
f 746/746 747/747 754/754
f 746/746 754/754 753/753
f 747/747 748/748 755/755
f 747/747 755/755 754/754
f 748/748 749/749 756/756
f 748/748 756/756 755/755
f 750/750 751/751 758/758
f 750/750 758/758 757/757
f 751/751 752/752 759/759
f 751/751 759/759 758/758
f 752/752 753/753 760/760
f 752/752 760/760 759/759
f 753/753 754/754 761/761
f 753/753 761/761 760/760
f 754/754 755/755 762/762
f 754/754 762/762 761/761
f 755/755 756/756 763/763
f 755/755 763/763 762/762
f 757/757 758/758 765/765
f 757/757 765/765 764/764
f 758/758 759/759 766/766
f 758/758 766/766 765/765
f 759/759 760/760 767/767
f 759/759 767/767 766/766
f 760/760 761/761 768/768
f 760/760 768/768 767/767
f 761/761 762/762 769/769
f 761/761 769/769 768/768
f 762/762 763/763 770/770
f 762/762 770/770 769/769
f 771/771 772/772 779/779
f 771/771 779/779 778/778
f 772/772 773/773 780/780
f 772/772 780/780 779/779
f 773/773 774/774 781/781
f 773/773 781/781 780/780
f 774/774 775/775 782/782
f 774/774 782/782 781/781
f 775/775 776/776 783/783
f 775/775 783/783 782/782
f 776/776 777/777 784/784
f 776/776 784/784 783/783
f 778/778 779/779 786/786
f 778/778 786/786 785/785
f 779/779 780/780 787/787
f 779/779 787/787 786/786
f 780/780 781/781 788/788
f 780/780 788/788 787/787
f 781/781 782/782 789/789
f 781/781 789/789 788/788
f 782/782 783/783 790/790
f 782/782 790/790 789/789
f 783/783 784/784 791/791
f 783/783 791/791 790/790
f 785/785 786/786 793/793
f 785/785 793/793 792/792
f 786/786 787/787 794/794
f 786/786 794/794 793/793
f 787/787 788/788 795/795
f 787/787 795/795 794/794
f 788/788 789/789 796/796
f 788/788 796/796 795/795
f 789/789 790/790 797/797
f 789/789 797/797 796/796
f 790/790 791/791 798/798
f 790/790 798/798 797/797
f 792/792 793/793 800/800
f 792/792 800/800 799/799
f 793/793 794/794 801/801
f 793/793 801/801 800/800
f 794/794 795/795 802/802
f 794/794 802/802 801/801
f 795/795 796/796 803/803
f 795/795 803/803 802/802
f 796/796 797/797 804/804
f 796/796 804/804 803/803
f 797/797 798/798 805/805
f 797/797 805/805 804/804
f 799/799 800/800 807/807
f 799/799 807/807 806/806
f 800/800 801/801 808/808
f 800/800 808/808 807/807
f 801/801 802/802 809/809
f 801/801 809/809 808/808
f 802/802 803/803 810/810
f 802/802 810/810 809/809
f 803/803 804/804 811/811
f 803/803 811/811 810/810
f 804/804 805/805 812/812
f 804/804 812/812 811/811
f 806/806 807/807 814/814
f 806/806 814/814 813/813
f 807/807 808/808 815/815
f 807/807 815/815 814/814
f 808/808 809/809 816/816
f 808/808 816/816 815/815
f 809/809 810/810 817/817
f 809/809 817/817 816/816
f 810/810 811/811 818/818
f 810/810 818/818 817/817
f 811/811 812/812 819/819
f 811/811 819/819 818/818
f 813/813 814/814 821/821
f 813/813 821/821 820/820
f 814/814 815/815 822/822
f 814/814 822/822 821/821
f 815/815 816/816 823/823
f 815/815 823/823 822/822
f 816/816 817/817 824/824
f 816/816 824/824 823/823
f 817/817 818/818 825/825
f 817/817 825/825 824/824
f 818/818 819/819 826/826
f 818/818 826/826 825/825
f 820/820 821/821 828/828
f 820/820 828/828 827/827
f 821/821 822/822 829/829
f 821/821 829/829 828/828
f 822/822 823/823 830/830
f 822/822 830/830 829/829
f 823/823 824/824 831/831
f 823/823 831/831 830/830
f 824/824 825/825 832/832
f 824/824 832/832 831/831
f 825/825 826/826 833/833
f 825/825 833/833 832/832
f 827/827 828/828 835/835
f 827/827 835/835 834/834
f 828/828 829/829 836/836
f 828/828 836/836 835/835
f 829/829 830/830 837/837
f 829/829 837/837 836/836
f 830/830 831/831 838/838
f 830/830 838/838 837/837
f 831/831 832/832 839/839
f 831/831 839/839 838/838
f 832/832 833/833 840/840
f 832/832 840/840 839/839
f 834/834 835/835 842/842
f 834/834 842/842 841/841
f 835/835 836/836 843/843
f 835/835 843/843 842/842
f 836/836 837/837 844/844
f 836/836 844/844 843/843
f 837/837 838/838 845/845
f 837/837 845/845 844/844
f 838/838 839/839 846/846
f 838/838 846/846 845/845
f 839/839 840/840 847/847
f 839/839 847/847 846/846
f 841/841 842/842 849/849
f 841/841 849/849 848/848
f 842/842 843/843 850/850
f 842/842 850/850 849/849
f 843/843 844/844 851/851
f 843/843 851/851 850/850
f 844/844 845/845 852/852
f 844/844 852/852 851/851
f 845/845 846/846 853/853
f 845/845 853/853 852/852
f 846/846 847/847 854/854
f 846/846 854/854 853/853
f 848/848 849/849 856/856
f 848/848 856/856 855/855
f 849/849 850/850 857/857
f 849/849 857/857 856/856
f 850/850 851/851 858/858
f 850/850 858/858 857/857
f 851/851 852/852 859/859
f 851/851 859/859 858/858
f 852/852 853/853 860/860
f 852/852 860/860 859/859
f 853/853 854/854 861/861
f 853/853 861/861 860/860
f 855/855 856/856 863/863
f 855/855 863/863 862/862
f 856/856 857/857 864/864
f 856/856 864/864 863/863
f 857/857 858/858 865/865
f 857/857 865/865 864/864
f 858/858 859/859 866/866
f 858/858 866/866 865/865
f 859/859 860/860 867/867
f 859/859 867/867 866/866
f 860/860 861/861 868/868
f 860/860 868/868 867/867
f 862/862 863/863 870/870
f 862/862 870/870 869/869
f 863/863 864/864 871/871
f 863/863 871/871 870/870
f 864/864 865/865 872/872
f 864/864 872/872 871/871
f 865/865 866/866 873/873
f 865/865 873/873 872/872
f 866/866 867/867 874/874
f 866/866 874/874 873/873
f 867/867 868/868 875/875
f 867/867 875/875 874/874
f 869/869 870/870 877/877
f 869/869 877/877 876/876
f 870/870 871/871 878/878
f 870/870 878/878 877/877
f 871/871 872/872 879/879
f 871/871 879/879 878/878
f 872/872 873/873 880/880
f 872/872 880/880 879/879
f 873/873 874/874 881/881
f 873/873 881/881 880/880
f 874/874 875/875 882/882
f 874/874 882/882 881/881
f 876/876 877/877 884/884
f 876/876 884/884 883/883
f 877/877 878/878 885/885
f 877/877 885/885 884/884
f 878/878 879/879 886/886
f 878/878 886/886 885/885
f 879/879 880/880 887/887
f 879/879 887/887 886/886
f 880/880 881/881 888/888
f 880/880 888/888 887/887
f 881/881 882/882 889/889
f 881/881 889/889 888/888
f 883/883 884/884 891/891
f 883/883 891/891 890/890
f 884/884 885/885 892/892
f 884/884 892/892 891/891
f 885/885 886/886 893/893
f 885/885 893/893 892/892
f 886/886 887/887 894/894
f 886/886 894/894 893/893
f 887/887 888/888 895/895
f 887/887 895/895 894/894
f 888/888 889/889 896/896
f 888/888 896/896 895/895
f 890/890 891/891 898/898
f 890/890 898/898 897/897
f 891/891 892/892 899/899
f 891/891 899/899 898/898
f 892/892 893/893 900/900
f 892/892 900/900 899/899
f 893/893 894/894 901/901
f 893/893 901/901 900/900
f 894/894 895/895 902/902
f 894/894 902/902 901/901
f 895/895 896/896 903/903
f 895/895 903/903 902/902
f 897/897 898/898 905/905
f 897/897 905/905 904/904
f 898/898 899/899 906/906
f 898/898 906/906 905/905
f 899/899 900/900 907/907
f 899/899 907/907 906/906
f 900/900 901/901 908/908
f 900/900 908/908 907/907
f 901/901 902/902 909/909
f 901/901 909/909 908/908
f 902/902 903/903 910/910
f 902/902 910/910 909/909
f 904/904 905/905 912/912
f 904/904 912/912 911/911
f 905/905 906/906 913/913
f 905/905 913/913 912/912
f 906/906 907/907 914/914
f 906/906 914/914 913/913
f 907/907 908/908 915/915
f 907/907 915/915 914/914
f 908/908 909/909 916/916
f 908/908 916/916 915/915
f 909/909 910/910 917/917
f 909/909 917/917 916/916
f 911/911 912/912 919/919
f 911/911 919/919 918/918
f 912/912 913/913 920/920
f 912/912 920/920 919/919
f 913/913 914/914 921/921
f 913/913 921/921 920/920
f 914/914 915/915 922/922
f 914/914 922/922 921/921
f 915/915 916/916 923/923
f 915/915 923/923 922/922
f 916/916 917/917 924/924
f 916/916 924/924 923/923
f 918/918 919/919 926/926
f 918/918 926/926 925/925
f 919/919 920/920 927/927
f 919/919 927/927 926/926
f 920/920 921/921 928/928
f 920/920 928/928 927/927
f 921/921 922/922 929/929
f 921/921 929/929 928/928
f 922/922 923/923 930/930
f 922/922 930/930 929/929
f 923/923 924/924 931/931
f 923/923 931/931 930/930
f 925/925 926/926 933/933
f 925/925 933/933 932/932
f 926/926 927/927 934/934
f 926/926 934/934 933/933
f 927/927 928/928 935/935
f 927/927 935/935 934/934
f 928/928 929/929 936/936
f 928/928 936/936 935/935
f 929/929 930/930 937/937
f 929/929 937/937 936/936
f 930/930 931/931 938/938
f 930/930 938/938 937/937
f 932/932 933/933 940/940
f 932/932 940/940 939/939
f 933/933 934/934 941/941
f 933/933 941/941 940/940
f 934/934 935/935 942/942
f 934/934 942/942 941/941
f 935/935 936/936 943/943
f 935/935 943/943 942/942
f 936/936 937/937 944/944
f 936/936 944/944 943/943
f 937/937 938/938 945/945
f 937/937 945/945 944/944
f 939/939 940/940 947/947
f 939/939 947/947 946/946
f 940/940 941/941 948/948
f 940/940 948/948 947/947
f 941/941 942/942 949/949
f 941/941 949/949 948/948
f 942/942 943/943 950/950
f 942/942 950/950 949/949
f 943/943 944/944 951/951
f 943/943 951/951 950/950
f 944/944 945/945 952/952
f 944/944 952/952 951/951
f 946/946 947/947 954/954
f 946/946 954/954 953/953
f 947/947 948/948 955/955
f 947/947 955/955 954/954
f 948/948 949/949 956/956
f 948/948 956/956 955/955
f 949/949 950/950 957/957
f 949/949 957/957 956/956
f 950/950 951/951 958/958
f 950/950 958/958 957/957
f 951/951 952/952 959/959
f 951/951 959/959 958/958
f 953/953 954/954 961/961
f 953/953 961/961 960/960
f 954/954 955/955 962/962
f 954/954 962/962 961/961
f 955/955 956/956 963/963
f 955/955 963/963 962/962
f 956/956 957/957 964/964
f 956/956 964/964 963/963
f 957/957 958/958 965/965
f 957/957 965/965 964/964
f 958/958 959/959 966/966
f 958/958 966/966 965/965
f 960/960 961/961 968/968
f 960/960 968/968 967/967
f 961/961 962/962 969/969
f 961/961 969/969 968/968
f 962/962 963/963 970/970
f 962/962 970/970 969/969
f 963/963 964/964 971/971
f 963/963 971/971 970/970
f 964/964 965/965 972/972
f 964/964 972/972 971/971
f 965/965 966/966 973/973
f 965/965 973/973 972/972
f 967/967 968/968 975/975
f 967/967 975/975 974/974
f 968/968 969/969 976/976
f 968/968 976/976 975/975
f 969/969 970/970 977/977
f 969/969 977/977 976/976
f 970/970 971/971 978/978
f 970/970 978/978 977/977
f 971/971 972/972 979/979
f 971/971 979/979 978/978
f 972/972 973/973 980/980
f 972/972 980/980 979/979
f 974/974 975/975 982/982
f 974/974 982/982 981/981
f 975/975 976/976 983/983
f 975/975 983/983 982/982
f 976/976 977/977 984/984
f 976/976 984/984 983/983
f 977/977 978/978 985/985
f 977/977 985/985 984/984
f 978/978 979/979 986/986
f 978/978 986/986 985/985
f 979/979 980/980 987/987
f 979/979 987/987 986/986
f 981/981 982/982 989/989
f 981/981 989/989 988/988
f 982/982 983/983 990/990
f 982/982 990/990 989/989
f 983/983 984/984 991/991
f 983/983 991/991 990/990
f 984/984 985/985 992/992
f 984/984 992/992 991/991
f 985/985 986/986 993/993
f 985/985 993/993 992/992
f 986/986 987/987 994/994
f 986/986 994/994 993/993
f 988/988 989/989 996/996
f 988/988 996/996 995/995
f 989/989 990/990 997/997
f 989/989 997/997 996/996
f 990/990 991/991 998/998
f 990/990 998/998 997/997
f 991/991 992/992 999/999
f 991/991 999/999 998/998
f 992/992 993/993 1000/1000
f 992/992 1000/1000 999/999
f 993/993 994/994 1001/1001
f 993/993 1001/1001 1000/1000
f 995/995 996/996 1003/1003
f 995/995 1003/1003 1002/1002
f 996/996 997/997 1004/1004
f 996/996 1004/1004 1003/1003
f 997/997 998/998 1005/1005
f 997/997 1005/1005 1004/1004
f 998/998 999/999 1006/1006
f 998/998 1006/1006 1005/1005
f 999/999 1000/1000 1007/1007
f 999/999 1007/1007 1006/1006
f 1000/1000 1001/1001 1008/1008
f 1000/1000 1008/1008 1007/1007
f 1002/1002 1003/1003 1010/1010
f 1002/1002 1010/1010 1009/1009
f 1003/1003 1004/1004 1011/1011
f 1003/1003 1011/1011 1010/1010
f 1004/1004 1005/1005 1012/1012
f 1004/1004 1012/1012 1011/1011
f 1005/1005 1006/1006 1013/1013
f 1005/1005 1013/1013 1012/1012
f 1006/1006 1007/1007 1014/1014
f 1006/1006 1014/1014 1013/1013
f 1007/1007 1008/1008 1015/1015
f 1007/1007 1015/1015 1014/1014
f 1009/1009 1010/1010 1017/1017
f 1009/1009 1017/1017 1016/1016
f 1010/1010 1011/1011 1018/1018
f 1010/1010 1018/1018 1017/1017
f 1011/1011 1012/1012 1019/1019
f 1011/1011 1019/1019 1018/1018
f 1012/1012 1013/1013 1020/1020
f 1012/1012 1020/1020 1019/1019
f 1013/1013 1014/1014 1021/1021
f 1013/1013 1021/1021 1020/1020
f 1014/1014 1015/1015 1022/1022
f 1014/1014 1022/1022 1021/1021
f 1016/1016 1017/1017 1024/1024
f 1016/1016 1024/1024 1023/1023
f 1017/1017 1018/1018 1025/1025
f 1017/1017 1025/1025 1024/1024
f 1018/1018 1019/1019 1026/1026
f 1018/1018 1026/1026 1025/1025
f 1019/1019 1020/1020 1027/1027
f 1019/1019 1027/1027 1026/1026
f 1020/1020 1021/1021 1028/1028
f 1020/1020 1028/1028 1027/1027
f 1021/1021 1022/1022 1029/1029
f 1021/1021 1029/1029 1028/1028
f 1023/1023 1024/1024 1031/1031
f 1023/1023 1031/1031 1030/1030
f 1024/1024 1025/1025 1032/1032
f 1024/1024 1032/1032 1031/1031
f 1025/1025 1026/1026 1033/1033
f 1025/1025 1033/1033 1032/1032
f 1026/1026 1027/1027 1034/1034
f 1026/1026 1034/1034 1033/1033
f 1027/1027 1028/1028 1035/1035
f 1027/1027 1035/1035 1034/1034
f 1028/1028 1029/1029 1036/1036
f 1028/1028 1036/1036 1035/1035
f 1030/1030 1031/1031 1038/1038
f 1030/1030 1038/1038 1037/1037
f 1031/1031 1032/1032 1039/1039
f 1031/1031 1039/1039 1038/1038
f 1032/1032 1033/1033 1040/1040
f 1032/1032 1040/1040 1039/1039
f 1033/1033 1034/1034 1041/1041
f 1033/1033 1041/1041 1040/1040
f 1034/1034 1035/1035 1042/1042
f 1034/1034 1042/1042 1041/1041
f 1035/1035 1036/1036 1043/1043
f 1035/1035 1043/1043 1042/1042
f 1037/1037 1038/1038 1045/1045
f 1037/1037 1045/1045 1044/1044
f 1038/1038 1039/1039 1046/1046
f 1038/1038 1046/1046 1045/1045
f 1039/1039 1040/1040 1047/1047
f 1039/1039 1047/1047 1046/1046
f 1040/1040 1041/1041 1048/1048
f 1040/1040 1048/1048 1047/1047
f 1041/1041 1042/1042 1049/1049
f 1041/1041 1049/1049 1048/1048
f 1042/1042 1043/1043 1050/1050
f 1042/1042 1050/1050 1049/1049
f 1044/1044 1045/1045 1052/1052
f 1044/1044 1052/1052 1051/1051
f 1045/1045 1046/1046 1053/1053
f 1045/1045 1053/1053 1052/1052
f 1046/1046 1047/1047 1054/1054
f 1046/1046 1054/1054 1053/1053
f 1047/1047 1048/1048 1055/1055
f 1047/1047 1055/1055 1054/1054
f 1048/1048 1049/1049 1056/1056
f 1048/1048 1056/1056 1055/1055
f 1049/1049 1050/1050 1057/1057
f 1049/1049 1057/1057 1056/1056
f 1051/1051 1052/1052 1059/1059
f 1051/1051 1059/1059 1058/1058
f 1052/1052 1053/1053 1060/1060
f 1052/1052 1060/1060 1059/1059
f 1053/1053 1054/1054 1061/1061
f 1053/1053 1061/1061 1060/1060
f 1054/1054 1055/1055 1062/1062
f 1054/1054 1062/1062 1061/1061
f 1055/1055 1056/1056 1063/1063
f 1055/1055 1063/1063 1062/1062
f 1056/1056 1057/1057 1064/1064
f 1056/1056 1064/1064 1063/1063
f 1058/1058 1059/1059 1066/1066
f 1058/1058 1066/1066 1065/1065
f 1059/1059 1060/1060 1067/1067
f 1059/1059 1067/1067 1066/1066
f 1060/1060 1061/1061 1068/1068
f 1060/1060 1068/1068 1067/1067
f 1061/1061 1062/1062 1069/1069
f 1061/1061 1069/1069 1068/1068
f 1062/1062 1063/1063 1070/1070
f 1062/1062 1070/1070 1069/1069
f 1063/1063 1064/1064 1071/1071
f 1063/1063 1071/1071 1070/1070
f 1065/1065 1066/1066 1073/1073
f 1065/1065 1073/1073 1072/1072
f 1066/1066 1067/1067 1074/1074
f 1066/1066 1074/1074 1073/1073
f 1067/1067 1068/1068 1075/1075
f 1067/1067 1075/1075 1074/1074
f 1068/1068 1069/1069 1076/1076
f 1068/1068 1076/1076 1075/1075
f 1069/1069 1070/1070 1077/1077
f 1069/1069 1077/1077 1076/1076
f 1070/1070 1071/1071 1078/1078
f 1070/1070 1078/1078 1077/1077
f 1072/1072 1073/1073 1080/1080
f 1072/1072 1080/1080 1079/1079
f 1073/1073 1074/1074 1081/1081
f 1073/1073 1081/1081 1080/1080
f 1074/1074 1075/1075 1082/1082
f 1074/1074 1082/1082 1081/1081
f 1075/1075 1076/1076 1083/1083
f 1075/1075 1083/1083 1082/1082
f 1076/1076 1077/1077 1084/1084
f 1076/1076 1084/1084 1083/1083
f 1077/1077 1078/1078 1085/1085
f 1077/1077 1085/1085 1084/1084
f 1079/1079 1080/1080 1087/1087
f 1079/1079 1087/1087 1086/1086
f 1080/1080 1081/1081 1088/1088
f 1080/1080 1088/1088 1087/1087
f 1081/1081 1082/1082 1089/1089
f 1081/1081 1089/1089 1088/1088
f 1082/1082 1083/1083 1090/1090
f 1082/1082 1090/1090 1089/1089
f 1083/1083 1084/1084 1091/1091
f 1083/1083 1091/1091 1090/1090
f 1084/1084 1085/1085 1092/1092
f 1084/1084 1092/1092 1091/1091
f 1086/1086 1087/1087 1094/1094
f 1086/1086 1094/1094 1093/1093
f 1087/1087 1088/1088 1095/1095
f 1087/1087 1095/1095 1094/1094
f 1088/1088 1089/1089 1096/1096
f 1088/1088 1096/1096 1095/1095
f 1089/1089 1090/1090 1097/1097
f 1089/1089 1097/1097 1096/1096
f 1090/1090 1091/1091 1098/1098
f 1090/1090 1098/1098 1097/1097
f 1091/1091 1092/1092 1099/1099
f 1091/1091 1099/1099 1098/1098
f 1093/1093 1094/1094 1101/1101
f 1093/1093 1101/1101 1100/1100
f 1094/1094 1095/1095 1102/1102
f 1094/1094 1102/1102 1101/1101
f 1095/1095 1096/1096 1103/1103
f 1095/1095 1103/1103 1102/1102
f 1096/1096 1097/1097 1104/1104
f 1096/1096 1104/1104 1103/1103
f 1097/1097 1098/1098 1105/1105
f 1097/1097 1105/1105 1104/1104
f 1098/1098 1099/1099 1106/1106
f 1098/1098 1106/1106 1105/1105
f 1100/1100 1101/1101 1108/1108
f 1100/1100 1108/1108 1107/1107
f 1101/1101 1102/1102 1109/1109
f 1101/1101 1109/1109 1108/1108
f 1102/1102 1103/1103 1110/1110
f 1102/1102 1110/1110 1109/1109
f 1103/1103 1104/1104 1111/1111
f 1103/1103 1111/1111 1110/1110
f 1104/1104 1105/1105 1112/1112
f 1104/1104 1112/1112 1111/1111
f 1105/1105 1106/1106 1113/1113
f 1105/1105 1113/1113 1112/1112
f 1107/1107 1108/1108 1115/1115
f 1107/1107 1115/1115 1114/1114
f 1108/1108 1109/1109 1116/1116
f 1108/1108 1116/1116 1115/1115
f 1109/1109 1110/1110 1117/1117
f 1109/1109 1117/1117 1116/1116
f 1110/1110 1111/1111 1118/1118
f 1110/1110 1118/1118 1117/1117
f 1111/1111 1112/1112 1119/1119
f 1111/1111 1119/1119 1118/1118
f 1112/1112 1113/1113 1120/1120
f 1112/1112 1120/1120 1119/1119
f 1114/1114 1115/1115 1122/1122
f 1114/1114 1122/1122 1121/1121
f 1115/1115 1116/1116 1123/1123
f 1115/1115 1123/1123 1122/1122
f 1116/1116 1117/1117 1124/1124
f 1116/1116 1124/1124 1123/1123
f 1117/1117 1118/1118 1125/1125
f 1117/1117 1125/1125 1124/1124
f 1118/1118 1119/1119 1126/1126
f 1118/1118 1126/1126 1125/1125
f 1119/1119 1120/1120 1127/1127
f 1119/1119 1127/1127 1126/1126
f 1121/1121 1122/1122 1129/1129
f 1121/1121 1129/1129 1128/1128
f 1122/1122 1123/1123 1130/1130
f 1122/1122 1130/1130 1129/1129
f 1123/1123 1124/1124 1131/1131
f 1123/1123 1131/1131 1130/1130
f 1124/1124 1125/1125 1132/1132
f 1124/1124 1132/1132 1131/1131
f 1125/1125 1126/1126 1133/1133
f 1125/1125 1133/1133 1132/1132
f 1126/1126 1127/1127 1134/1134
f 1126/1126 1134/1134 1133/1133
f 1128/1128 1129/1129 1136/1136
f 1128/1128 1136/1136 1135/1135
f 1129/1129 1130/1130 1137/1137
f 1129/1129 1137/1137 1136/1136
f 1130/1130 1131/1131 1138/1138
f 1130/1130 1138/1138 1137/1137
f 1131/1131 1132/1132 1139/1139
f 1131/1131 1139/1139 1138/1138
f 1132/1132 1133/1133 1140/1140
f 1132/1132 1140/1140 1139/1139
f 1133/1133 1134/1134 1141/1141
f 1133/1133 1141/1141 1140/1140
f 1135/1135 1136/1136 1143/1143
f 1135/1135 1143/1143 1142/1142
f 1136/1136 1137/1137 1144/1144
f 1136/1136 1144/1144 1143/1143
f 1137/1137 1138/1138 1145/1145
f 1137/1137 1145/1145 1144/1144
f 1138/1138 1139/1139 1146/1146
f 1138/1138 1146/1146 1145/1145
f 1139/1139 1140/1140 1147/1147
f 1139/1139 1147/1147 1146/1146
f 1140/1140 1141/1141 1148/1148
f 1140/1140 1148/1148 1147/1147
f 1142/1142 1143/1143 1150/1150
f 1142/1142 1150/1150 1149/1149
f 1143/1143 1144/1144 1151/1151
f 1143/1143 1151/1151 1150/1150
f 1144/1144 1145/1145 1152/1152
f 1144/1144 1152/1152 1151/1151
f 1145/1145 1146/1146 1153/1153
f 1145/1145 1153/1153 1152/1152
f 1146/1146 1147/1147 1154/1154
f 1146/1146 1154/1154 1153/1153
f 1147/1147 1148/1148 1155/1155
f 1147/1147 1155/1155 1154/1154
f 1156/1156 1157/1157 1164/1164
f 1156/1156 1164/1164 1163/1163
f 1157/1157 1158/1158 1165/1165
f 1157/1157 1165/1165 1164/1164
f 1158/1158 1159/1159 1166/1166
f 1158/1158 1166/1166 1165/1165
f 1159/1159 1160/1160 1167/1167
f 1159/1159 1167/1167 1166/1166
f 1160/1160 1161/1161 1168/1168
f 1160/1160 1168/1168 1167/1167
f 1161/1161 1162/1162 1169/1169
f 1161/1161 1169/1169 1168/1168
f 1163/1163 1164/1164 1171/1171
f 1163/1163 1171/1171 1170/1170
f 1164/1164 1165/1165 1172/1172
f 1164/1164 1172/1172 1171/1171
f 1165/1165 1166/1166 1173/1173
f 1165/1165 1173/1173 1172/1172
f 1166/1166 1167/1167 1174/1174
f 1166/1166 1174/1174 1173/1173
f 1167/1167 1168/1168 1175/1175
f 1167/1167 1175/1175 1174/1174
f 1168/1168 1169/1169 1176/1176
f 1168/1168 1176/1176 1175/1175
f 1170/1170 1171/1171 1178/1178
f 1170/1170 1178/1178 1177/1177
f 1171/1171 1172/1172 1179/1179
f 1171/1171 1179/1179 1178/1178
f 1172/1172 1173/1173 1180/1180
f 1172/1172 1180/1180 1179/1179
f 1173/1173 1174/1174 1181/1181
f 1173/1173 1181/1181 1180/1180
f 1174/1174 1175/1175 1182/1182
f 1174/1174 1182/1182 1181/1181
f 1175/1175 1176/1176 1183/1183
f 1175/1175 1183/1183 1182/1182
f 1177/1177 1178/1178 1185/1185
f 1177/1177 1185/1185 1184/1184
f 1178/1178 1179/1179 1186/1186
f 1178/1178 1186/1186 1185/1185
f 1179/1179 1180/1180 1187/1187
f 1179/1179 1187/1187 1186/1186
f 1180/1180 1181/1181 1188/1188
f 1180/1180 1188/1188 1187/1187
f 1181/1181 1182/1182 1189/1189
f 1181/1181 1189/1189 1188/1188
f 1182/1182 1183/1183 1190/1190
f 1182/1182 1190/1190 1189/1189
f 1184/1184 1185/1185 1192/1192
f 1184/1184 1192/1192 1191/1191
f 1185/1185 1186/1186 1193/1193
f 1185/1185 1193/1193 1192/1192
f 1186/1186 1187/1187 1194/1194
f 1186/1186 1194/1194 1193/1193
f 1187/1187 1188/1188 1195/1195
f 1187/1187 1195/1195 1194/1194
f 1188/1188 1189/1189 1196/1196
f 1188/1188 1196/1196 1195/1195
f 1189/1189 1190/1190 1197/1197
f 1189/1189 1197/1197 1196/1196
f 1191/1191 1192/1192 1199/1199
f 1191/1191 1199/1199 1198/1198
f 1192/1192 1193/1193 1200/1200
f 1192/1192 1200/1200 1199/1199
f 1193/1193 1194/1194 1201/1201
f 1193/1193 1201/1201 1200/1200
f 1194/1194 1195/1195 1202/1202
f 1194/1194 1202/1202 1201/1201
f 1195/1195 1196/1196 1203/1203
f 1195/1195 1203/1203 1202/1202
f 1196/1196 1197/1197 1204/1204
f 1196/1196 1204/1204 1203/1203
f 1198/1198 1199/1199 1206/1206
f 1198/1198 1206/1206 1205/1205
f 1199/1199 1200/1200 1207/1207
f 1199/1199 1207/1207 1206/1206
f 1200/1200 1201/1201 1208/1208
f 1200/1200 1208/1208 1207/1207
f 1201/1201 1202/1202 1209/1209
f 1201/1201 1209/1209 1208/1208
f 1202/1202 1203/1203 1210/1210
f 1202/1202 1210/1210 1209/1209
f 1203/1203 1204/1204 1211/1211
f 1203/1203 1211/1211 1210/1210
f 1205/1205 1206/1206 1213/1213
f 1205/1205 1213/1213 1212/1212
f 1206/1206 1207/1207 1214/1214
f 1206/1206 1214/1214 1213/1213
f 1207/1207 1208/1208 1215/1215
f 1207/1207 1215/1215 1214/1214
f 1208/1208 1209/1209 1216/1216
f 1208/1208 1216/1216 1215/1215
f 1209/1209 1210/1210 1217/1217
f 1209/1209 1217/1217 1216/1216
f 1210/1210 1211/1211 1218/1218
f 1210/1210 1218/1218 1217/1217
f 1212/1212 1213/1213 1220/1220
f 1212/1212 1220/1220 1219/1219
f 1213/1213 1214/1214 1221/1221
f 1213/1213 1221/1221 1220/1220
f 1214/1214 1215/1215 1222/1222
f 1214/1214 1222/1222 1221/1221
f 1215/1215 1216/1216 1223/1223
f 1215/1215 1223/1223 1222/1222
f 1216/1216 1217/1217 1224/1224
f 1216/1216 1224/1224 1223/1223
f 1217/1217 1218/1218 1225/1225
f 1217/1217 1225/1225 1224/1224
f 1219/1219 1220/1220 1227/1227
f 1219/1219 1227/1227 1226/1226
f 1220/1220 1221/1221 1228/1228
f 1220/1220 1228/1228 1227/1227
f 1221/1221 1222/1222 1229/1229
f 1221/1221 1229/1229 1228/1228
f 1222/1222 1223/1223 1230/1230
f 1222/1222 1230/1230 1229/1229
f 1223/1223 1224/1224 1231/1231
f 1223/1223 1231/1231 1230/1230
f 1224/1224 1225/1225 1232/1232
f 1224/1224 1232/1232 1231/1231
f 1226/1226 1227/1227 1234/1234
f 1226/1226 1234/1234 1233/1233
f 1227/1227 1228/1228 1235/1235
f 1227/1227 1235/1235 1234/1234
f 1228/1228 1229/1229 1236/1236
f 1228/1228 1236/1236 1235/1235
f 1229/1229 1230/1230 1237/1237
f 1229/1229 1237/1237 1236/1236
f 1230/1230 1231/1231 1238/1238
f 1230/1230 1238/1238 1237/1237
f 1231/1231 1232/1232 1239/1239
f 1231/1231 1239/1239 1238/1238
f 1233/1233 1234/1234 1241/1241
f 1233/1233 1241/1241 1240/1240
f 1234/1234 1235/1235 1242/1242
f 1234/1234 1242/1242 1241/1241
f 1235/1235 1236/1236 1243/1243
f 1235/1235 1243/1243 1242/1242
f 1236/1236 1237/1237 1244/1244
f 1236/1236 1244/1244 1243/1243
f 1237/1237 1238/1238 1245/1245
f 1237/1237 1245/1245 1244/1244
f 1238/1238 1239/1239 1246/1246
f 1238/1238 1246/1246 1245/1245
f 1240/1240 1241/1241 1248/1248
f 1240/1240 1248/1248 1247/1247
f 1241/1241 1242/1242 1249/1249
f 1241/1241 1249/1249 1248/1248
f 1242/1242 1243/1243 1250/1250
f 1242/1242 1250/1250 1249/1249
f 1243/1243 1244/1244 1251/1251
f 1243/1243 1251/1251 1250/1250
f 1244/1244 1245/1245 1252/1252
f 1244/1244 1252/1252 1251/1251
f 1245/1245 1246/1246 1253/1253
f 1245/1245 1253/1253 1252/1252
f 1247/1247 1248/1248 1255/1255
f 1247/1247 1255/1255 1254/1254
f 1248/1248 1249/1249 1256/1256
f 1248/1248 1256/1256 1255/1255
f 1249/1249 1250/1250 1257/1257
f 1249/1249 1257/1257 1256/1256
f 1250/1250 1251/1251 1258/1258
f 1250/1250 1258/1258 1257/1257
f 1251/1251 1252/1252 1259/1259
f 1251/1251 1259/1259 1258/1258
f 1252/1252 1253/1253 1260/1260
f 1252/1252 1260/1260 1259/1259
f 1254/1254 1255/1255 1262/1262
f 1254/1254 1262/1262 1261/1261
f 1255/1255 1256/1256 1263/1263
f 1255/1255 1263/1263 1262/1262
f 1256/1256 1257/1257 1264/1264
f 1256/1256 1264/1264 1263/1263
f 1257/1257 1258/1258 1265/1265
f 1257/1257 1265/1265 1264/1264
f 1258/1258 1259/1259 1266/1266
f 1258/1258 1266/1266 1265/1265
f 1259/1259 1260/1260 1267/1267
f 1259/1259 1267/1267 1266/1266
f 1261/1261 1262/1262 1269/1269
f 1261/1261 1269/1269 1268/1268
f 1262/1262 1263/1263 1270/1270
f 1262/1262 1270/1270 1269/1269
f 1263/1263 1264/1264 1271/1271
f 1263/1263 1271/1271 1270/1270
f 1264/1264 1265/1265 1272/1272
f 1264/1264 1272/1272 1271/1271
f 1265/1265 1266/1266 1273/1273
f 1265/1265 1273/1273 1272/1272
f 1266/1266 1267/1267 1274/1274
f 1266/1266 1274/1274 1273/1273
f 1268/1268 1269/1269 1276/1276
f 1268/1268 1276/1276 1275/1275
f 1269/1269 1270/1270 1277/1277
f 1269/1269 1277/1277 1276/1276
f 1270/1270 1271/1271 1278/1278
f 1270/1270 1278/1278 1277/1277
f 1271/1271 1272/1272 1279/1279
f 1271/1271 1279/1279 1278/1278
f 1272/1272 1273/1273 1280/1280
f 1272/1272 1280/1280 1279/1279
f 1273/1273 1274/1274 1281/1281
f 1273/1273 1281/1281 1280/1280
f 1275/1275 1276/1276 1283/1283
f 1275/1275 1283/1283 1282/1282
f 1276/1276 1277/1277 1284/1284
f 1276/1276 1284/1284 1283/1283
f 1277/1277 1278/1278 1285/1285
f 1277/1277 1285/1285 1284/1284
f 1278/1278 1279/1279 1286/1286
f 1278/1278 1286/1286 1285/1285
f 1279/1279 1280/1280 1287/1287
f 1279/1279 1287/1287 1286/1286
f 1280/1280 1281/1281 1288/1288
f 1280/1280 1288/1288 1287/1287
f 1282/1282 1283/1283 1290/1290
f 1282/1282 1290/1290 1289/1289
f 1283/1283 1284/1284 1291/1291
f 1283/1283 1291/1291 1290/1290
f 1284/1284 1285/1285 1292/1292
f 1284/1284 1292/1292 1291/1291
f 1285/1285 1286/1286 1293/1293
f 1285/1285 1293/1293 1292/1292
f 1286/1286 1287/1287 1294/1294
f 1286/1286 1294/1294 1293/1293
f 1287/1287 1288/1288 1295/1295
f 1287/1287 1295/1295 1294/1294
f 1289/1289 1290/1290 1297/1297
f 1289/1289 1297/1297 1296/1296
f 1290/1290 1291/1291 1298/1298
f 1290/1290 1298/1298 1297/1297
f 1291/1291 1292/1292 1299/1299
f 1291/1291 1299/1299 1298/1298
f 1292/1292 1293/1293 1300/1300
f 1292/1292 1300/1300 1299/1299
f 1293/1293 1294/1294 1301/1301
f 1293/1293 1301/1301 1300/1300
f 1294/1294 1295/1295 1302/1302
f 1294/1294 1302/1302 1301/1301
f 1296/1296 1297/1297 1304/1304
f 1296/1296 1304/1304 1303/1303
f 1297/1297 1298/1298 1305/1305
f 1297/1297 1305/1305 1304/1304
f 1298/1298 1299/1299 1306/1306
f 1298/1298 1306/1306 1305/1305
f 1299/1299 1300/1300 1307/1307
f 1299/1299 1307/1307 1306/1306
f 1300/1300 1301/1301 1308/1308
f 1300/1300 1308/1308 1307/1307
f 1301/1301 1302/1302 1309/1309
f 1301/1301 1309/1309 1308/1308
f 1303/1303 1304/1304 1311/1311
f 1303/1303 1311/1311 1310/1310
f 1304/1304 1305/1305 1312/1312
f 1304/1304 1312/1312 1311/1311
f 1305/1305 1306/1306 1313/1313
f 1305/1305 1313/1313 1312/1312
f 1306/1306 1307/1307 1314/1314
f 1306/1306 1314/1314 1313/1313
f 1307/1307 1308/1308 1315/1315
f 1307/1307 1315/1315 1314/1314
f 1308/1308 1309/1309 1316/1316
f 1308/1308 1316/1316 1315/1315
f 1310/1310 1311/1311 1318/1318
f 1310/1310 1318/1318 1317/1317
f 1311/1311 1312/1312 1319/1319
f 1311/1311 1319/1319 1318/1318
f 1312/1312 1313/1313 1320/1320
f 1312/1312 1320/1320 1319/1319
f 1313/1313 1314/1314 1321/1321
f 1313/1313 1321/1321 1320/1320
f 1314/1314 1315/1315 1322/1322
f 1314/1314 1322/1322 1321/1321
f 1315/1315 1316/1316 1323/1323
f 1315/1315 1323/1323 1322/1322
f 1317/1317 1318/1318 1325/1325
f 1317/1317 1325/1325 1324/1324
f 1318/1318 1319/1319 1326/1326
f 1318/1318 1326/1326 1325/1325
f 1319/1319 1320/1320 1327/1327
f 1319/1319 1327/1327 1326/1326
f 1320/1320 1321/1321 1328/1328
f 1320/1320 1328/1328 1327/1327
f 1321/1321 1322/1322 1329/1329
f 1321/1321 1329/1329 1328/1328
f 1322/1322 1323/1323 1330/1330
f 1322/1322 1330/1330 1329/1329
f 1324/1324 1325/1325 1332/1332
f 1324/1324 1332/1332 1331/1331
f 1325/1325 1326/1326 1333/1333
f 1325/1325 1333/1333 1332/1332
f 1326/1326 1327/1327 1334/1334
f 1326/1326 1334/1334 1333/1333
f 1327/1327 1328/1328 1335/1335
f 1327/1327 1335/1335 1334/1334
f 1328/1328 1329/1329 1336/1336
f 1328/1328 1336/1336 1335/1335
f 1329/1329 1330/1330 1337/1337
f 1329/1329 1337/1337 1336/1336
f 1331/1331 1332/1332 1339/1339
f 1331/1331 1339/1339 1338/1338
f 1332/1332 1333/1333 1340/1340
f 1332/1332 1340/1340 1339/1339
f 1333/1333 1334/1334 1341/1341
f 1333/1333 1341/1341 1340/1340
f 1334/1334 1335/1335 1342/1342
f 1334/1334 1342/1342 1341/1341
f 1335/1335 1336/1336 1343/1343
f 1335/1335 1343/1343 1342/1342
f 1336/1336 1337/1337 1344/1344
f 1336/1336 1344/1344 1343/1343
f 1338/1338 1339/1339 1346/1346
f 1338/1338 1346/1346 1345/1345
f 1339/1339 1340/1340 1347/1347
f 1339/1339 1347/1347 1346/1346
f 1340/1340 1341/1341 1348/1348
f 1340/1340 1348/1348 1347/1347
f 1341/1341 1342/1342 1349/1349
f 1341/1341 1349/1349 1348/1348
f 1342/1342 1343/1343 1350/1350
f 1342/1342 1350/1350 1349/1349
f 1343/1343 1344/1344 1351/1351
f 1343/1343 1351/1351 1350/1350
f 1345/1345 1346/1346 1353/1353
f 1345/1345 1353/1353 1352/1352
f 1346/1346 1347/1347 1354/1354
f 1346/1346 1354/1354 1353/1353
f 1347/1347 1348/1348 1355/1355
f 1347/1347 1355/1355 1354/1354
f 1348/1348 1349/1349 1356/1356
f 1348/1348 1356/1356 1355/1355
f 1349/1349 1350/1350 1357/1357
f 1349/1349 1357/1357 1356/1356
f 1350/1350 1351/1351 1358/1358
f 1350/1350 1358/1358 1357/1357
f 1352/1352 1353/1353 1360/1360
f 1352/1352 1360/1360 1359/1359
f 1353/1353 1354/1354 1361/1361
f 1353/1353 1361/1361 1360/1360
f 1354/1354 1355/1355 1362/1362
f 1354/1354 1362/1362 1361/1361
f 1355/1355 1356/1356 1363/1363
f 1355/1355 1363/1363 1362/1362
f 1356/1356 1357/1357 1364/1364
f 1356/1356 1364/1364 1363/1363
f 1357/1357 1358/1358 1365/1365
f 1357/1357 1365/1365 1364/1364
f 1359/1359 1360/1360 1367/1367
f 1359/1359 1367/1367 1366/1366
f 1360/1360 1361/1361 1368/1368
f 1360/1360 1368/1368 1367/1367
f 1361/1361 1362/1362 1369/1369
f 1361/1361 1369/1369 1368/1368
f 1362/1362 1363/1363 1370/1370
f 1362/1362 1370/1370 1369/1369
f 1363/1363 1364/1364 1371/1371
f 1363/1363 1371/1371 1370/1370
f 1364/1364 1365/1365 1372/1372
f 1364/1364 1372/1372 1371/1371
f 1366/1366 1367/1367 1374/1374
f 1366/1366 1374/1374 1373/1373
f 1367/1367 1368/1368 1375/1375
f 1367/1367 1375/1375 1374/1374
f 1368/1368 1369/1369 1376/1376
f 1368/1368 1376/1376 1375/1375
f 1369/1369 1370/1370 1377/1377
f 1369/1369 1377/1377 1376/1376
f 1370/1370 1371/1371 1378/1378
f 1370/1370 1378/1378 1377/1377
f 1371/1371 1372/1372 1379/1379
f 1371/1371 1379/1379 1378/1378
f 1373/1373 1374/1374 1381/1381
f 1373/1373 1381/1381 1380/1380
f 1374/1374 1375/1375 1382/1382
f 1374/1374 1382/1382 1381/1381
f 1375/1375 1376/1376 1383/1383
f 1375/1375 1383/1383 1382/1382
f 1376/1376 1377/1377 1384/1384
f 1376/1376 1384/1384 1383/1383
f 1377/1377 1378/1378 1385/1385
f 1377/1377 1385/1385 1384/1384
f 1378/1378 1379/1379 1386/1386
f 1378/1378 1386/1386 1385/1385
f 1380/1380 1381/1381 1388/1388
f 1380/1380 1388/1388 1387/1387
f 1381/1381 1382/1382 1389/1389
f 1381/1381 1389/1389 1388/1388
f 1382/1382 1383/1383 1390/1390
f 1382/1382 1390/1390 1389/1389
f 1383/1383 1384/1384 1391/1391
f 1383/1383 1391/1391 1390/1390
f 1384/1384 1385/1385 1392/1392
f 1384/1384 1392/1392 1391/1391
f 1385/1385 1386/1386 1393/1393
f 1385/1385 1393/1393 1392/1392
f 1387/1387 1388/1388 1395/1395
f 1387/1387 1395/1395 1394/1394
f 1388/1388 1389/1389 1396/1396
f 1388/1388 1396/1396 1395/1395
f 1389/1389 1390/1390 1397/1397
f 1389/1389 1397/1397 1396/1396
f 1390/1390 1391/1391 1398/1398
f 1390/1390 1398/1398 1397/1397
f 1391/1391 1392/1392 1399/1399
f 1391/1391 1399/1399 1398/1398
f 1392/1392 1393/1393 1400/1400
f 1392/1392 1400/1400 1399/1399
f 1394/1394 1395/1395 1402/1402
f 1394/1394 1402/1402 1401/1401
f 1395/1395 1396/1396 1403/1403
f 1395/1395 1403/1403 1402/1402
f 1396/1396 1397/1397 1404/1404
f 1396/1396 1404/1404 1403/1403
f 1397/1397 1398/1398 1405/1405
f 1397/1397 1405/1405 1404/1404
f 1398/1398 1399/1399 1406/1406
f 1398/1398 1406/1406 1405/1405
f 1399/1399 1400/1400 1407/1407
f 1399/1399 1407/1407 1406/1406
f 1401/1401 1402/1402 1409/1409
f 1401/1401 1409/1409 1408/1408
f 1402/1402 1403/1403 1410/1410
f 1402/1402 1410/1410 1409/1409
f 1403/1403 1404/1404 1411/1411
f 1403/1403 1411/1411 1410/1410
f 1404/1404 1405/1405 1412/1412
f 1404/1404 1412/1412 1411/1411
f 1405/1405 1406/1406 1413/1413
f 1405/1405 1413/1413 1412/1412
f 1406/1406 1407/1407 1414/1414
f 1406/1406 1414/1414 1413/1413
f 1408/1408 1409/1409 1416/1416
f 1408/1408 1416/1416 1415/1415
f 1409/1409 1410/1410 1417/1417
f 1409/1409 1417/1417 1416/1416
f 1410/1410 1411/1411 1418/1418
f 1410/1410 1418/1418 1417/1417
f 1411/1411 1412/1412 1419/1419
f 1411/1411 1419/1419 1418/1418
f 1412/1412 1413/1413 1420/1420
f 1412/1412 1420/1420 1419/1419
f 1413/1413 1414/1414 1421/1421
f 1413/1413 1421/1421 1420/1420
f 1415/1415 1416/1416 1423/1423
f 1415/1415 1423/1423 1422/1422
f 1416/1416 1417/1417 1424/1424
f 1416/1416 1424/1424 1423/1423
f 1417/1417 1418/1418 1425/1425
f 1417/1417 1425/1425 1424/1424
f 1418/1418 1419/1419 1426/1426
f 1418/1418 1426/1426 1425/1425
f 1419/1419 1420/1420 1427/1427
f 1419/1419 1427/1427 1426/1426
f 1420/1420 1421/1421 1428/1428
f 1420/1420 1428/1428 1427/1427
f 1422/1422 1423/1423 1430/1430
f 1422/1422 1430/1430 1429/1429
f 1423/1423 1424/1424 1431/1431
f 1423/1423 1431/1431 1430/1430
f 1424/1424 1425/1425 1432/1432
f 1424/1424 1432/1432 1431/1431
f 1425/1425 1426/1426 1433/1433
f 1425/1425 1433/1433 1432/1432
f 1426/1426 1427/1427 1434/1434
f 1426/1426 1434/1434 1433/1433
f 1427/1427 1428/1428 1435/1435
f 1427/1427 1435/1435 1434/1434
f 1429/1429 1430/1430 1437/1437
f 1429/1429 1437/1437 1436/1436
f 1430/1430 1431/1431 1438/1438
f 1430/1430 1438/1438 1437/1437
f 1431/1431 1432/1432 1439/1439
f 1431/1431 1439/1439 1438/1438
f 1432/1432 1433/1433 1440/1440
f 1432/1432 1440/1440 1439/1439
f 1433/1433 1434/1434 1441/1441
f 1433/1433 1441/1441 1440/1440
f 1434/1434 1435/1435 1442/1442
f 1434/1434 1442/1442 1441/1441
f 1436/1436 1437/1437 1444/1444
f 1436/1436 1444/1444 1443/1443
f 1437/1437 1438/1438 1445/1445
f 1437/1437 1445/1445 1444/1444
f 1438/1438 1439/1439 1446/1446
f 1438/1438 1446/1446 1445/1445
f 1439/1439 1440/1440 1447/1447
f 1439/1439 1447/1447 1446/1446
f 1440/1440 1441/1441 1448/1448
f 1440/1440 1448/1448 1447/1447
f 1441/1441 1442/1442 1449/1449
f 1441/1441 1449/1449 1448/1448
f 1443/1443 1444/1444 1451/1451
f 1443/1443 1451/1451 1450/1450
f 1444/1444 1445/1445 1452/1452
f 1444/1444 1452/1452 1451/1451
f 1445/1445 1446/1446 1453/1453
f 1445/1445 1453/1453 1452/1452
f 1446/1446 1447/1447 1454/1454
f 1446/1446 1454/1454 1453/1453
f 1447/1447 1448/1448 1455/1455
f 1447/1447 1455/1455 1454/1454
f 1448/1448 1449/1449 1456/1456
f 1448/1448 1456/1456 1455/1455
f 1450/1450 1451/1451 1458/1458
f 1450/1450 1458/1458 1457/1457
f 1451/1451 1452/1452 1459/1459
f 1451/1451 1459/1459 1458/1458
f 1452/1452 1453/1453 1460/1460
f 1452/1452 1460/1460 1459/1459
f 1453/1453 1454/1454 1461/1461
f 1453/1453 1461/1461 1460/1460
f 1454/1454 1455/1455 1462/1462
f 1454/1454 1462/1462 1461/1461
f 1455/1455 1456/1456 1463/1463
f 1455/1455 1463/1463 1462/1462
f 1457/1457 1458/1458 1465/1465
f 1457/1457 1465/1465 1464/1464
f 1458/1458 1459/1459 1466/1466
f 1458/1458 1466/1466 1465/1465
f 1459/1459 1460/1460 1467/1467
f 1459/1459 1467/1467 1466/1466
f 1460/1460 1461/1461 1468/1468
f 1460/1460 1468/1468 1467/1467
f 1461/1461 1462/1462 1469/1469
f 1461/1461 1469/1469 1468/1468
f 1462/1462 1463/1463 1470/1470
f 1462/1462 1470/1470 1469/1469
f 1464/1464 1465/1465 1472/1472
f 1464/1464 1472/1472 1471/1471
f 1465/1465 1466/1466 1473/1473
f 1465/1465 1473/1473 1472/1472
f 1466/1466 1467/1467 1474/1474
f 1466/1466 1474/1474 1473/1473
f 1467/1467 1468/1468 1475/1475
f 1467/1467 1475/1475 1474/1474
f 1468/1468 1469/1469 1476/1476
f 1468/1468 1476/1476 1475/1475
f 1469/1469 1470/1470 1477/1477
f 1469/1469 1477/1477 1476/1476
f 1471/1471 1472/1472 1479/1479
f 1471/1471 1479/1479 1478/1478
f 1472/1472 1473/1473 1480/1480
f 1472/1472 1480/1480 1479/1479
f 1473/1473 1474/1474 1481/1481
f 1473/1473 1481/1481 1480/1480
f 1474/1474 1475/1475 1482/1482
f 1474/1474 1482/1482 1481/1481
f 1475/1475 1476/1476 1483/1483
f 1475/1475 1483/1483 1482/1482
f 1476/1476 1477/1477 1484/1484
f 1476/1476 1484/1484 1483/1483
f 1478/1478 1479/1479 1486/1486
f 1478/1478 1486/1486 1485/1485
f 1479/1479 1480/1480 1487/1487
f 1479/1479 1487/1487 1486/1486
f 1480/1480 1481/1481 1488/1488
f 1480/1480 1488/1488 1487/1487
f 1481/1481 1482/1482 1489/1489
f 1481/1481 1489/1489 1488/1488
f 1482/1482 1483/1483 1490/1490
f 1482/1482 1490/1490 1489/1489
f 1483/1483 1484/1484 1491/1491
f 1483/1483 1491/1491 1490/1490
f 1485/1485 1486/1486 1493/1493
f 1485/1485 1493/1493 1492/1492
f 1486/1486 1487/1487 1494/1494
f 1486/1486 1494/1494 1493/1493
f 1487/1487 1488/1488 1495/1495
f 1487/1487 1495/1495 1494/1494
f 1488/1488 1489/1489 1496/1496
f 1488/1488 1496/1496 1495/1495
f 1489/1489 1490/1490 1497/1497
f 1489/1489 1497/1497 1496/1496
f 1490/1490 1491/1491 1498/1498
f 1490/1490 1498/1498 1497/1497
f 1492/1492 1493/1493 1500/1500
f 1492/1492 1500/1500 1499/1499
f 1493/1493 1494/1494 1501/1501
f 1493/1493 1501/1501 1500/1500
f 1494/1494 1495/1495 1502/1502
f 1494/1494 1502/1502 1501/1501
f 1495/1495 1496/1496 1503/1503
f 1495/1495 1503/1503 1502/1502
f 1496/1496 1497/1497 1504/1504
f 1496/1496 1504/1504 1503/1503
f 1497/1497 1498/1498 1505/1505
f 1497/1497 1505/1505 1504/1504
f 1499/1499 1500/1500 1507/1507
f 1499/1499 1507/1507 1506/1506
f 1500/1500 1501/1501 1508/1508
f 1500/1500 1508/1508 1507/1507
f 1501/1501 1502/1502 1509/1509
f 1501/1501 1509/1509 1508/1508
f 1502/1502 1503/1503 1510/1510
f 1502/1502 1510/1510 1509/1509
f 1503/1503 1504/1504 1511/1511
f 1503/1503 1511/1511 1510/1510
f 1504/1504 1505/1505 1512/1512
f 1504/1504 1512/1512 1511/1511
f 1506/1506 1507/1507 1514/1514
f 1506/1506 1514/1514 1513/1513
f 1507/1507 1508/1508 1515/1515
f 1507/1507 1515/1515 1514/1514
f 1508/1508 1509/1509 1516/1516
f 1508/1508 1516/1516 1515/1515
f 1509/1509 1510/1510 1517/1517
f 1509/1509 1517/1517 1516/1516
f 1510/1510 1511/1511 1518/1518
f 1510/1510 1518/1518 1517/1517
f 1511/1511 1512/1512 1519/1519
f 1511/1511 1519/1519 1518/1518
f 1513/1513 1514/1514 1521/1521
f 1513/1513 1521/1521 1520/1520
f 1514/1514 1515/1515 1522/1522
f 1514/1514 1522/1522 1521/1521
f 1515/1515 1516/1516 1523/1523
f 1515/1515 1523/1523 1522/1522
f 1516/1516 1517/1517 1524/1524
f 1516/1516 1524/1524 1523/1523
f 1517/1517 1518/1518 1525/1525
f 1517/1517 1525/1525 1524/1524
f 1518/1518 1519/1519 1526/1526
f 1518/1518 1526/1526 1525/1525
f 1520/1520 1521/1521 1528/1528
f 1520/1520 1528/1528 1527/1527
f 1521/1521 1522/1522 1529/1529
f 1521/1521 1529/1529 1528/1528
f 1522/1522 1523/1523 1530/1530
f 1522/1522 1530/1530 1529/1529
f 1523/1523 1524/1524 1531/1531
f 1523/1523 1531/1531 1530/1530
f 1524/1524 1525/1525 1532/1532
f 1524/1524 1532/1532 1531/1531
f 1525/1525 1526/1526 1533/1533
f 1525/1525 1533/1533 1532/1532
f 1527/1527 1528/1528 1535/1535
f 1527/1527 1535/1535 1534/1534
f 1528/1528 1529/1529 1536/1536
f 1528/1528 1536/1536 1535/1535
f 1529/1529 1530/1530 1537/1537
f 1529/1529 1537/1537 1536/1536
f 1530/1530 1531/1531 1538/1538
f 1530/1530 1538/1538 1537/1537
f 1531/1531 1532/1532 1539/1539
f 1531/1531 1539/1539 1538/1538
f 1532/1532 1533/1533 1540/1540
f 1532/1532 1540/1540 1539/1539
f 1541/1541 1542/1542 1549/1549
f 1541/1541 1549/1549 1548/1548
f 1542/1542 1543/1543 1550/1550
f 1542/1542 1550/1550 1549/1549
f 1543/1543 1544/1544 1551/1551
f 1543/1543 1551/1551 1550/1550
f 1544/1544 1545/1545 1552/1552
f 1544/1544 1552/1552 1551/1551
f 1545/1545 1546/1546 1553/1553
f 1545/1545 1553/1553 1552/1552
f 1546/1546 1547/1547 1554/1554
f 1546/1546 1554/1554 1553/1553
f 1548/1548 1549/1549 1556/1556
f 1548/1548 1556/1556 1555/1555
f 1549/1549 1550/1550 1557/1557
f 1549/1549 1557/1557 1556/1556
f 1550/1550 1551/1551 1558/1558
f 1550/1550 1558/1558 1557/1557
f 1551/1551 1552/1552 1559/1559
f 1551/1551 1559/1559 1558/1558
f 1552/1552 1553/1553 1560/1560
f 1552/1552 1560/1560 1559/1559
f 1553/1553 1554/1554 1561/1561
f 1553/1553 1561/1561 1560/1560
f 1555/1555 1556/1556 1563/1563
f 1555/1555 1563/1563 1562/1562
f 1556/1556 1557/1557 1564/1564
f 1556/1556 1564/1564 1563/1563
f 1557/1557 1558/1558 1565/1565
f 1557/1557 1565/1565 1564/1564
f 1558/1558 1559/1559 1566/1566
f 1558/1558 1566/1566 1565/1565
f 1559/1559 1560/1560 1567/1567
f 1559/1559 1567/1567 1566/1566
f 1560/1560 1561/1561 1568/1568
f 1560/1560 1568/1568 1567/1567
f 1562/1562 1563/1563 1570/1570
f 1562/1562 1570/1570 1569/1569
f 1563/1563 1564/1564 1571/1571
f 1563/1563 1571/1571 1570/1570
f 1564/1564 1565/1565 1572/1572
f 1564/1564 1572/1572 1571/1571
f 1565/1565 1566/1566 1573/1573
f 1565/1565 1573/1573 1572/1572
f 1566/1566 1567/1567 1574/1574
f 1566/1566 1574/1574 1573/1573
f 1567/1567 1568/1568 1575/1575
f 1567/1567 1575/1575 1574/1574
f 1569/1569 1570/1570 1577/1577
f 1569/1569 1577/1577 1576/1576
f 1570/1570 1571/1571 1578/1578
f 1570/1570 1578/1578 1577/1577
f 1571/1571 1572/1572 1579/1579
f 1571/1571 1579/1579 1578/1578
f 1572/1572 1573/1573 1580/1580
f 1572/1572 1580/1580 1579/1579
f 1573/1573 1574/1574 1581/1581
f 1573/1573 1581/1581 1580/1580
f 1574/1574 1575/1575 1582/1582
f 1574/1574 1582/1582 1581/1581
f 1576/1576 1577/1577 1584/1584
f 1576/1576 1584/1584 1583/1583
f 1577/1577 1578/1578 1585/1585
f 1577/1577 1585/1585 1584/1584
f 1578/1578 1579/1579 1586/1586
f 1578/1578 1586/1586 1585/1585
f 1579/1579 1580/1580 1587/1587
f 1579/1579 1587/1587 1586/1586
f 1580/1580 1581/1581 1588/1588
f 1580/1580 1588/1588 1587/1587
f 1581/1581 1582/1582 1589/1589
f 1581/1581 1589/1589 1588/1588
f 1583/1583 1584/1584 1591/1591
f 1583/1583 1591/1591 1590/1590
f 1584/1584 1585/1585 1592/1592
f 1584/1584 1592/1592 1591/1591
f 1585/1585 1586/1586 1593/1593
f 1585/1585 1593/1593 1592/1592
f 1586/1586 1587/1587 1594/1594
f 1586/1586 1594/1594 1593/1593
f 1587/1587 1588/1588 1595/1595
f 1587/1587 1595/1595 1594/1594
f 1588/1588 1589/1589 1596/1596
f 1588/1588 1596/1596 1595/1595
f 1590/1590 1591/1591 1598/1598
f 1590/1590 1598/1598 1597/1597
f 1591/1591 1592/1592 1599/1599
f 1591/1591 1599/1599 1598/1598
f 1592/1592 1593/1593 1600/1600
f 1592/1592 1600/1600 1599/1599
f 1593/1593 1594/1594 1601/1601
f 1593/1593 1601/1601 1600/1600
f 1594/1594 1595/1595 1602/1602
f 1594/1594 1602/1602 1601/1601
f 1595/1595 1596/1596 1603/1603
f 1595/1595 1603/1603 1602/1602
f 1597/1597 1598/1598 1605/1605
f 1597/1597 1605/1605 1604/1604
f 1598/1598 1599/1599 1606/1606
f 1598/1598 1606/1606 1605/1605
f 1599/1599 1600/1600 1607/1607
f 1599/1599 1607/1607 1606/1606
f 1600/1600 1601/1601 1608/1608
f 1600/1600 1608/1608 1607/1607
f 1601/1601 1602/1602 1609/1609
f 1601/1601 1609/1609 1608/1608
f 1602/1602 1603/1603 1610/1610
f 1602/1602 1610/1610 1609/1609
f 1604/1604 1605/1605 1612/1612
f 1604/1604 1612/1612 1611/1611
f 1605/1605 1606/1606 1613/1613
f 1605/1605 1613/1613 1612/1612
f 1606/1606 1607/1607 1614/1614
f 1606/1606 1614/1614 1613/1613
f 1607/1607 1608/1608 1615/1615
f 1607/1607 1615/1615 1614/1614
f 1608/1608 1609/1609 1616/1616
f 1608/1608 1616/1616 1615/1615
f 1609/1609 1610/1610 1617/1617
f 1609/1609 1617/1617 1616/1616
f 1611/1611 1612/1612 1619/1619
f 1611/1611 1619/1619 1618/1618
f 1612/1612 1613/1613 1620/1620
f 1612/1612 1620/1620 1619/1619
f 1613/1613 1614/1614 1621/1621
f 1613/1613 1621/1621 1620/1620
f 1614/1614 1615/1615 1622/1622
f 1614/1614 1622/1622 1621/1621
f 1615/1615 1616/1616 1623/1623
f 1615/1615 1623/1623 1622/1622
f 1616/1616 1617/1617 1624/1624
f 1616/1616 1624/1624 1623/1623
f 1618/1618 1619/1619 1626/1626
f 1618/1618 1626/1626 1625/1625
f 1619/1619 1620/1620 1627/1627
f 1619/1619 1627/1627 1626/1626
f 1620/1620 1621/1621 1628/1628
f 1620/1620 1628/1628 1627/1627
f 1621/1621 1622/1622 1629/1629
f 1621/1621 1629/1629 1628/1628
f 1622/1622 1623/1623 1630/1630
f 1622/1622 1630/1630 1629/1629
f 1623/1623 1624/1624 1631/1631
f 1623/1623 1631/1631 1630/1630
f 1625/1625 1626/1626 1633/1633
f 1625/1625 1633/1633 1632/1632
f 1626/1626 1627/1627 1634/1634
f 1626/1626 1634/1634 1633/1633
f 1627/1627 1628/1628 1635/1635
f 1627/1627 1635/1635 1634/1634
f 1628/1628 1629/1629 1636/1636
f 1628/1628 1636/1636 1635/1635
f 1629/1629 1630/1630 1637/1637
f 1629/1629 1637/1637 1636/1636
f 1630/1630 1631/1631 1638/1638
f 1630/1630 1638/1638 1637/1637
f 1632/1632 1633/1633 1640/1640
f 1632/1632 1640/1640 1639/1639
f 1633/1633 1634/1634 1641/1641
f 1633/1633 1641/1641 1640/1640
f 1634/1634 1635/1635 1642/1642
f 1634/1634 1642/1642 1641/1641
f 1635/1635 1636/1636 1643/1643
f 1635/1635 1643/1643 1642/1642
f 1636/1636 1637/1637 1644/1644
f 1636/1636 1644/1644 1643/1643
f 1637/1637 1638/1638 1645/1645
f 1637/1637 1645/1645 1644/1644
f 1639/1639 1640/1640 1647/1647
f 1639/1639 1647/1647 1646/1646
f 1640/1640 1641/1641 1648/1648
f 1640/1640 1648/1648 1647/1647
f 1641/1641 1642/1642 1649/1649
f 1641/1641 1649/1649 1648/1648
f 1642/1642 1643/1643 1650/1650
f 1642/1642 1650/1650 1649/1649
f 1643/1643 1644/1644 1651/1651
f 1643/1643 1651/1651 1650/1650
f 1644/1644 1645/1645 1652/1652
f 1644/1644 1652/1652 1651/1651
f 1646/1646 1647/1647 1654/1654
f 1646/1646 1654/1654 1653/1653
f 1647/1647 1648/1648 1655/1655
f 1647/1647 1655/1655 1654/1654
f 1648/1648 1649/1649 1656/1656
f 1648/1648 1656/1656 1655/1655
f 1649/1649 1650/1650 1657/1657
f 1649/1649 1657/1657 1656/1656
f 1650/1650 1651/1651 1658/1658
f 1650/1650 1658/1658 1657/1657
f 1651/1651 1652/1652 1659/1659
f 1651/1651 1659/1659 1658/1658
f 1653/1653 1654/1654 1661/1661
f 1653/1653 1661/1661 1660/1660
f 1654/1654 1655/1655 1662/1662
f 1654/1654 1662/1662 1661/1661
f 1655/1655 1656/1656 1663/1663
f 1655/1655 1663/1663 1662/1662
f 1656/1656 1657/1657 1664/1664
f 1656/1656 1664/1664 1663/1663
f 1657/1657 1658/1658 1665/1665
f 1657/1657 1665/1665 1664/1664
f 1658/1658 1659/1659 1666/1666
f 1658/1658 1666/1666 1665/1665
f 1660/1660 1661/1661 1668/1668
f 1660/1660 1668/1668 1667/1667
f 1661/1661 1662/1662 1669/1669
f 1661/1661 1669/1669 1668/1668
f 1662/1662 1663/1663 1670/1670
f 1662/1662 1670/1670 1669/1669
f 1663/1663 1664/1664 1671/1671
f 1663/1663 1671/1671 1670/1670
f 1664/1664 1665/1665 1672/1672
f 1664/1664 1672/1672 1671/1671
f 1665/1665 1666/1666 1673/1673
f 1665/1665 1673/1673 1672/1672
f 1667/1667 1668/1668 1675/1675
f 1667/1667 1675/1675 1674/1674
f 1668/1668 1669/1669 1676/1676
f 1668/1668 1676/1676 1675/1675
f 1669/1669 1670/1670 1677/1677
f 1669/1669 1677/1677 1676/1676
f 1670/1670 1671/1671 1678/1678
f 1670/1670 1678/1678 1677/1677
f 1671/1671 1672/1672 1679/1679
f 1671/1671 1679/1679 1678/1678
f 1672/1672 1673/1673 1680/1680
f 1672/1672 1680/1680 1679/1679
f 1674/1674 1675/1675 1682/1682
f 1674/1674 1682/1682 1681/1681
f 1675/1675 1676/1676 1683/1683
f 1675/1675 1683/1683 1682/1682
f 1676/1676 1677/1677 1684/1684
f 1676/1676 1684/1684 1683/1683
f 1677/1677 1678/1678 1685/1685
f 1677/1677 1685/1685 1684/1684
f 1678/1678 1679/1679 1686/1686
f 1678/1678 1686/1686 1685/1685
f 1679/1679 1680/1680 1687/1687
f 1679/1679 1687/1687 1686/1686
f 1681/1681 1682/1682 1689/1689
f 1681/1681 1689/1689 1688/1688
f 1682/1682 1683/1683 1690/1690
f 1682/1682 1690/1690 1689/1689
f 1683/1683 1684/1684 1691/1691
f 1683/1683 1691/1691 1690/1690
f 1684/1684 1685/1685 1692/1692
f 1684/1684 1692/1692 1691/1691
f 1685/1685 1686/1686 1693/1693
f 1685/1685 1693/1693 1692/1692
f 1686/1686 1687/1687 1694/1694
f 1686/1686 1694/1694 1693/1693
f 1688/1688 1689/1689 1696/1696
f 1688/1688 1696/1696 1695/1695
f 1689/1689 1690/1690 1697/1697
f 1689/1689 1697/1697 1696/1696
f 1690/1690 1691/1691 1698/1698
f 1690/1690 1698/1698 1697/1697
f 1691/1691 1692/1692 1699/1699
f 1691/1691 1699/1699 1698/1698
f 1692/1692 1693/1693 1700/1700
f 1692/1692 1700/1700 1699/1699
f 1693/1693 1694/1694 1701/1701
f 1693/1693 1701/1701 1700/1700
f 1695/1695 1696/1696 1703/1703
f 1695/1695 1703/1703 1702/1702
f 1696/1696 1697/1697 1704/1704
f 1696/1696 1704/1704 1703/1703
f 1697/1697 1698/1698 1705/1705
f 1697/1697 1705/1705 1704/1704
f 1698/1698 1699/1699 1706/1706
f 1698/1698 1706/1706 1705/1705
f 1699/1699 1700/1700 1707/1707
f 1699/1699 1707/1707 1706/1706
f 1700/1700 1701/1701 1708/1708
f 1700/1700 1708/1708 1707/1707
f 1702/1702 1703/1703 1710/1710
f 1702/1702 1710/1710 1709/1709
f 1703/1703 1704/1704 1711/1711
f 1703/1703 1711/1711 1710/1710
f 1704/1704 1705/1705 1712/1712
f 1704/1704 1712/1712 1711/1711
f 1705/1705 1706/1706 1713/1713
f 1705/1705 1713/1713 1712/1712
f 1706/1706 1707/1707 1714/1714
f 1706/1706 1714/1714 1713/1713
f 1707/1707 1708/1708 1715/1715
f 1707/1707 1715/1715 1714/1714
f 1709/1709 1710/1710 1717/1717
f 1709/1709 1717/1717 1716/1716
f 1710/1710 1711/1711 1718/1718
f 1710/1710 1718/1718 1717/1717
f 1711/1711 1712/1712 1719/1719
f 1711/1711 1719/1719 1718/1718
f 1712/1712 1713/1713 1720/1720
f 1712/1712 1720/1720 1719/1719
f 1713/1713 1714/1714 1721/1721
f 1713/1713 1721/1721 1720/1720
f 1714/1714 1715/1715 1722/1722
f 1714/1714 1722/1722 1721/1721
f 1716/1716 1717/1717 1724/1724
f 1716/1716 1724/1724 1723/1723
f 1717/1717 1718/1718 1725/1725
f 1717/1717 1725/1725 1724/1724
f 1718/1718 1719/1719 1726/1726
f 1718/1718 1726/1726 1725/1725
f 1719/1719 1720/1720 1727/1727
f 1719/1719 1727/1727 1726/1726
f 1720/1720 1721/1721 1728/1728
f 1720/1720 1728/1728 1727/1727
f 1721/1721 1722/1722 1729/1729
f 1721/1721 1729/1729 1728/1728
f 1723/1723 1724/1724 1731/1731
f 1723/1723 1731/1731 1730/1730
f 1724/1724 1725/1725 1732/1732
f 1724/1724 1732/1732 1731/1731
f 1725/1725 1726/1726 1733/1733
f 1725/1725 1733/1733 1732/1732
f 1726/1726 1727/1727 1734/1734
f 1726/1726 1734/1734 1733/1733
f 1727/1727 1728/1728 1735/1735
f 1727/1727 1735/1735 1734/1734
f 1728/1728 1729/1729 1736/1736
f 1728/1728 1736/1736 1735/1735
f 1730/1730 1731/1731 1738/1738
f 1730/1730 1738/1738 1737/1737
f 1731/1731 1732/1732 1739/1739
f 1731/1731 1739/1739 1738/1738
f 1732/1732 1733/1733 1740/1740
f 1732/1732 1740/1740 1739/1739
f 1733/1733 1734/1734 1741/1741
f 1733/1733 1741/1741 1740/1740
f 1734/1734 1735/1735 1742/1742
f 1734/1734 1742/1742 1741/1741
f 1735/1735 1736/1736 1743/1743
f 1735/1735 1743/1743 1742/1742
f 1737/1737 1738/1738 1745/1745
f 1737/1737 1745/1745 1744/1744
f 1738/1738 1739/1739 1746/1746
f 1738/1738 1746/1746 1745/1745
f 1739/1739 1740/1740 1747/1747
f 1739/1739 1747/1747 1746/1746
f 1740/1740 1741/1741 1748/1748
f 1740/1740 1748/1748 1747/1747
f 1741/1741 1742/1742 1749/1749
f 1741/1741 1749/1749 1748/1748
f 1742/1742 1743/1743 1750/1750
f 1742/1742 1750/1750 1749/1749
f 1744/1744 1745/1745 1752/1752
f 1744/1744 1752/1752 1751/1751
f 1745/1745 1746/1746 1753/1753
f 1745/1745 1753/1753 1752/1752
f 1746/1746 1747/1747 1754/1754
f 1746/1746 1754/1754 1753/1753
f 1747/1747 1748/1748 1755/1755
f 1747/1747 1755/1755 1754/1754
f 1748/1748 1749/1749 1756/1756
f 1748/1748 1756/1756 1755/1755
f 1749/1749 1750/1750 1757/1757
f 1749/1749 1757/1757 1756/1756
f 1751/1751 1752/1752 1759/1759
f 1751/1751 1759/1759 1758/1758
f 1752/1752 1753/1753 1760/1760
f 1752/1752 1760/1760 1759/1759
f 1753/1753 1754/1754 1761/1761
f 1753/1753 1761/1761 1760/1760
f 1754/1754 1755/1755 1762/1762
f 1754/1754 1762/1762 1761/1761
f 1755/1755 1756/1756 1763/1763
f 1755/1755 1763/1763 1762/1762
f 1756/1756 1757/1757 1764/1764
f 1756/1756 1764/1764 1763/1763
f 1758/1758 1759/1759 1766/1766
f 1758/1758 1766/1766 1765/1765
f 1759/1759 1760/1760 1767/1767
f 1759/1759 1767/1767 1766/1766
f 1760/1760 1761/1761 1768/1768
f 1760/1760 1768/1768 1767/1767
f 1761/1761 1762/1762 1769/1769
f 1761/1761 1769/1769 1768/1768
f 1762/1762 1763/1763 1770/1770
f 1762/1762 1770/1770 1769/1769
f 1763/1763 1764/1764 1771/1771
f 1763/1763 1771/1771 1770/1770
f 1765/1765 1766/1766 1773/1773
f 1765/1765 1773/1773 1772/1772
f 1766/1766 1767/1767 1774/1774
f 1766/1766 1774/1774 1773/1773
f 1767/1767 1768/1768 1775/1775
f 1767/1767 1775/1775 1774/1774
f 1768/1768 1769/1769 1776/1776
f 1768/1768 1776/1776 1775/1775
f 1769/1769 1770/1770 1777/1777
f 1769/1769 1777/1777 1776/1776
f 1770/1770 1771/1771 1778/1778
f 1770/1770 1778/1778 1777/1777
f 1772/1772 1773/1773 1780/1780
f 1772/1772 1780/1780 1779/1779
f 1773/1773 1774/1774 1781/1781
f 1773/1773 1781/1781 1780/1780
f 1774/1774 1775/1775 1782/1782
f 1774/1774 1782/1782 1781/1781
f 1775/1775 1776/1776 1783/1783
f 1775/1775 1783/1783 1782/1782
f 1776/1776 1777/1777 1784/1784
f 1776/1776 1784/1784 1783/1783
f 1777/1777 1778/1778 1785/1785
f 1777/1777 1785/1785 1784/1784
f 1779/1779 1780/1780 1787/1787
f 1779/1779 1787/1787 1786/1786
f 1780/1780 1781/1781 1788/1788
f 1780/1780 1788/1788 1787/1787
f 1781/1781 1782/1782 1789/1789
f 1781/1781 1789/1789 1788/1788
f 1782/1782 1783/1783 1790/1790
f 1782/1782 1790/1790 1789/1789
f 1783/1783 1784/1784 1791/1791
f 1783/1783 1791/1791 1790/1790
f 1784/1784 1785/1785 1792/1792
f 1784/1784 1792/1792 1791/1791
f 1786/1786 1787/1787 1794/1794
f 1786/1786 1794/1794 1793/1793
f 1787/1787 1788/1788 1795/1795
f 1787/1787 1795/1795 1794/1794
f 1788/1788 1789/1789 1796/1796
f 1788/1788 1796/1796 1795/1795
f 1789/1789 1790/1790 1797/1797
f 1789/1789 1797/1797 1796/1796
f 1790/1790 1791/1791 1798/1798
f 1790/1790 1798/1798 1797/1797
f 1791/1791 1792/1792 1799/1799
f 1791/1791 1799/1799 1798/1798
f 1793/1793 1794/1794 1801/1801
f 1793/1793 1801/1801 1800/1800
f 1794/1794 1795/1795 1802/1802
f 1794/1794 1802/1802 1801/1801
f 1795/1795 1796/1796 1803/1803
f 1795/1795 1803/1803 1802/1802
f 1796/1796 1797/1797 1804/1804
f 1796/1796 1804/1804 1803/1803
f 1797/1797 1798/1798 1805/1805
f 1797/1797 1805/1805 1804/1804
f 1798/1798 1799/1799 1806/1806
f 1798/1798 1806/1806 1805/1805
f 1800/1800 1801/1801 1808/1808
f 1800/1800 1808/1808 1807/1807
f 1801/1801 1802/1802 1809/1809
f 1801/1801 1809/1809 1808/1808
f 1802/1802 1803/1803 1810/1810
f 1802/1802 1810/1810 1809/1809
f 1803/1803 1804/1804 1811/1811
f 1803/1803 1811/1811 1810/1810
f 1804/1804 1805/1805 1812/1812
f 1804/1804 1812/1812 1811/1811
f 1805/1805 1806/1806 1813/1813
f 1805/1805 1813/1813 1812/1812
f 1807/1807 1808/1808 1815/1815
f 1807/1807 1815/1815 1814/1814
f 1808/1808 1809/1809 1816/1816
f 1808/1808 1816/1816 1815/1815
f 1809/1809 1810/1810 1817/1817
f 1809/1809 1817/1817 1816/1816
f 1810/1810 1811/1811 1818/1818
f 1810/1810 1818/1818 1817/1817
f 1811/1811 1812/1812 1819/1819
f 1811/1811 1819/1819 1818/1818
f 1812/1812 1813/1813 1820/1820
f 1812/1812 1820/1820 1819/1819
f 1814/1814 1815/1815 1822/1822
f 1814/1814 1822/1822 1821/1821
f 1815/1815 1816/1816 1823/1823
f 1815/1815 1823/1823 1822/1822
f 1816/1816 1817/1817 1824/1824
f 1816/1816 1824/1824 1823/1823
f 1817/1817 1818/1818 1825/1825
f 1817/1817 1825/1825 1824/1824
f 1818/1818 1819/1819 1826/1826
f 1818/1818 1826/1826 1825/1825
f 1819/1819 1820/1820 1827/1827
f 1819/1819 1827/1827 1826/1826
f 1821/1821 1822/1822 1829/1829
f 1821/1821 1829/1829 1828/1828
f 1822/1822 1823/1823 1830/1830
f 1822/1822 1830/1830 1829/1829
f 1823/1823 1824/1824 1831/1831
f 1823/1823 1831/1831 1830/1830
f 1824/1824 1825/1825 1832/1832
f 1824/1824 1832/1832 1831/1831
f 1825/1825 1826/1826 1833/1833
f 1825/1825 1833/1833 1832/1832
f 1826/1826 1827/1827 1834/1834
f 1826/1826 1834/1834 1833/1833
f 1828/1828 1829/1829 1836/1836
f 1828/1828 1836/1836 1835/1835
f 1829/1829 1830/1830 1837/1837
f 1829/1829 1837/1837 1836/1836
f 1830/1830 1831/1831 1838/1838
f 1830/1830 1838/1838 1837/1837
f 1831/1831 1832/1832 1839/1839
f 1831/1831 1839/1839 1838/1838
f 1832/1832 1833/1833 1840/1840
f 1832/1832 1840/1840 1839/1839
f 1833/1833 1834/1834 1841/1841
f 1833/1833 1841/1841 1840/1840
f 1835/1835 1836/1836 1843/1843
f 1835/1835 1843/1843 1842/1842
f 1836/1836 1837/1837 1844/1844
f 1836/1836 1844/1844 1843/1843
f 1837/1837 1838/1838 1845/1845
f 1837/1837 1845/1845 1844/1844
f 1838/1838 1839/1839 1846/1846
f 1838/1838 1846/1846 1845/1845
f 1839/1839 1840/1840 1847/1847
f 1839/1839 1847/1847 1846/1846
f 1840/1840 1841/1841 1848/1848
f 1840/1840 1848/1848 1847/1847
f 1842/1842 1843/1843 1850/1850
f 1842/1842 1850/1850 1849/1849
f 1843/1843 1844/1844 1851/1851
f 1843/1843 1851/1851 1850/1850
f 1844/1844 1845/1845 1852/1852
f 1844/1844 1852/1852 1851/1851
f 1845/1845 1846/1846 1853/1853
f 1845/1845 1853/1853 1852/1852
f 1846/1846 1847/1847 1854/1854
f 1846/1846 1854/1854 1853/1853
f 1847/1847 1848/1848 1855/1855
f 1847/1847 1855/1855 1854/1854
f 1849/1849 1850/1850 1857/1857
f 1849/1849 1857/1857 1856/1856
f 1850/1850 1851/1851 1858/1858
f 1850/1850 1858/1858 1857/1857
f 1851/1851 1852/1852 1859/1859
f 1851/1851 1859/1859 1858/1858
f 1852/1852 1853/1853 1860/1860
f 1852/1852 1860/1860 1859/1859
f 1853/1853 1854/1854 1861/1861
f 1853/1853 1861/1861 1860/1860
f 1854/1854 1855/1855 1862/1862
f 1854/1854 1862/1862 1861/1861
f 1856/1856 1857/1857 1864/1864
f 1856/1856 1864/1864 1863/1863
f 1857/1857 1858/1858 1865/1865
f 1857/1857 1865/1865 1864/1864
f 1858/1858 1859/1859 1866/1866
f 1858/1858 1866/1866 1865/1865
f 1859/1859 1860/1860 1867/1867
f 1859/1859 1867/1867 1866/1866
f 1860/1860 1861/1861 1868/1868
f 1860/1860 1868/1868 1867/1867
f 1861/1861 1862/1862 1869/1869
f 1861/1861 1869/1869 1868/1868
f 1863/1863 1864/1864 1871/1871
f 1863/1863 1871/1871 1870/1870
f 1864/1864 1865/1865 1872/1872
f 1864/1864 1872/1872 1871/1871
f 1865/1865 1866/1866 1873/1873
f 1865/1865 1873/1873 1872/1872
f 1866/1866 1867/1867 1874/1874
f 1866/1866 1874/1874 1873/1873
f 1867/1867 1868/1868 1875/1875
f 1867/1867 1875/1875 1874/1874
f 1868/1868 1869/1869 1876/1876
f 1868/1868 1876/1876 1875/1875
f 1870/1870 1871/1871 1878/1878
f 1870/1870 1878/1878 1877/1877
f 1871/1871 1872/1872 1879/1879
f 1871/1871 1879/1879 1878/1878
f 1872/1872 1873/1873 1880/1880
f 1872/1872 1880/1880 1879/1879
f 1873/1873 1874/1874 1881/1881
f 1873/1873 1881/1881 1880/1880
f 1874/1874 1875/1875 1882/1882
f 1874/1874 1882/1882 1881/1881
f 1875/1875 1876/1876 1883/1883
f 1875/1875 1883/1883 1882/1882
f 1877/1877 1878/1878 1885/1885
f 1877/1877 1885/1885 1884/1884
f 1878/1878 1879/1879 1886/1886
f 1878/1878 1886/1886 1885/1885
f 1879/1879 1880/1880 1887/1887
f 1879/1879 1887/1887 1886/1886
f 1880/1880 1881/1881 1888/1888
f 1880/1880 1888/1888 1887/1887
f 1881/1881 1882/1882 1889/1889
f 1881/1881 1889/1889 1888/1888
f 1882/1882 1883/1883 1890/1890
f 1882/1882 1890/1890 1889/1889
f 1884/1884 1885/1885 1892/1892
f 1884/1884 1892/1892 1891/1891
f 1885/1885 1886/1886 1893/1893
f 1885/1885 1893/1893 1892/1892
f 1886/1886 1887/1887 1894/1894
f 1886/1886 1894/1894 1893/1893
f 1887/1887 1888/1888 1895/1895
f 1887/1887 1895/1895 1894/1894
f 1888/1888 1889/1889 1896/1896
f 1888/1888 1896/1896 1895/1895
f 1889/1889 1890/1890 1897/1897
f 1889/1889 1897/1897 1896/1896
f 1891/1891 1892/1892 1899/1899
f 1891/1891 1899/1899 1898/1898
f 1892/1892 1893/1893 1900/1900
f 1892/1892 1900/1900 1899/1899
f 1893/1893 1894/1894 1901/1901
f 1893/1893 1901/1901 1900/1900
f 1894/1894 1895/1895 1902/1902
f 1894/1894 1902/1902 1901/1901
f 1895/1895 1896/1896 1903/1903
f 1895/1895 1903/1903 1902/1902
f 1896/1896 1897/1897 1904/1904
f 1896/1896 1904/1904 1903/1903
f 1898/1898 1899/1899 1906/1906
f 1898/1898 1906/1906 1905/1905
f 1899/1899 1900/1900 1907/1907
f 1899/1899 1907/1907 1906/1906
f 1900/1900 1901/1901 1908/1908
f 1900/1900 1908/1908 1907/1907
f 1901/1901 1902/1902 1909/1909
f 1901/1901 1909/1909 1908/1908
f 1902/1902 1903/1903 1910/1910
f 1902/1902 1910/1910 1909/1909
f 1903/1903 1904/1904 1911/1911
f 1903/1903 1911/1911 1910/1910
f 1905/1905 1906/1906 1913/1913
f 1905/1905 1913/1913 1912/1912
f 1906/1906 1907/1907 1914/1914
f 1906/1906 1914/1914 1913/1913
f 1907/1907 1908/1908 1915/1915
f 1907/1907 1915/1915 1914/1914
f 1908/1908 1909/1909 1916/1916
f 1908/1908 1916/1916 1915/1915
f 1909/1909 1910/1910 1917/1917
f 1909/1909 1917/1917 1916/1916
f 1910/1910 1911/1911 1918/1918
f 1910/1910 1918/1918 1917/1917
f 1912/1912 1913/1913 1920/1920
f 1912/1912 1920/1920 1919/1919
f 1913/1913 1914/1914 1921/1921
f 1913/1913 1921/1921 1920/1920
f 1914/1914 1915/1915 1922/1922
f 1914/1914 1922/1922 1921/1921
f 1915/1915 1916/1916 1923/1923
f 1915/1915 1923/1923 1922/1922
f 1916/1916 1917/1917 1924/1924
f 1916/1916 1924/1924 1923/1923
f 1917/1917 1918/1918 1925/1925
f 1917/1917 1925/1925 1924/1924
f 1926/1926 1927/1927 1934/1934
f 1926/1926 1934/1934 1933/1933
f 1927/1927 1928/1928 1935/1935
f 1927/1927 1935/1935 1934/1934
f 1928/1928 1929/1929 1936/1936
f 1928/1928 1936/1936 1935/1935
f 1929/1929 1930/1930 1937/1937
f 1929/1929 1937/1937 1936/1936
f 1930/1930 1931/1931 1938/1938
f 1930/1930 1938/1938 1937/1937
f 1931/1931 1932/1932 1939/1939
f 1931/1931 1939/1939 1938/1938
f 1933/1933 1934/1934 1941/1941
f 1933/1933 1941/1941 1940/1940
f 1934/1934 1935/1935 1942/1942
f 1934/1934 1942/1942 1941/1941
f 1935/1935 1936/1936 1943/1943
f 1935/1935 1943/1943 1942/1942
f 1936/1936 1937/1937 1944/1944
f 1936/1936 1944/1944 1943/1943
f 1937/1937 1938/1938 1945/1945
f 1937/1937 1945/1945 1944/1944
f 1938/1938 1939/1939 1946/1946
f 1938/1938 1946/1946 1945/1945
f 1940/1940 1941/1941 1948/1948
f 1940/1940 1948/1948 1947/1947
f 1941/1941 1942/1942 1949/1949
f 1941/1941 1949/1949 1948/1948
f 1942/1942 1943/1943 1950/1950
f 1942/1942 1950/1950 1949/1949
f 1943/1943 1944/1944 1951/1951
f 1943/1943 1951/1951 1950/1950
f 1944/1944 1945/1945 1952/1952
f 1944/1944 1952/1952 1951/1951
f 1945/1945 1946/1946 1953/1953
f 1945/1945 1953/1953 1952/1952
f 1947/1947 1948/1948 1955/1955
f 1947/1947 1955/1955 1954/1954
f 1948/1948 1949/1949 1956/1956
f 1948/1948 1956/1956 1955/1955
f 1949/1949 1950/1950 1957/1957
f 1949/1949 1957/1957 1956/1956
f 1950/1950 1951/1951 1958/1958
f 1950/1950 1958/1958 1957/1957
f 1951/1951 1952/1952 1959/1959
f 1951/1951 1959/1959 1958/1958
f 1952/1952 1953/1953 1960/1960
f 1952/1952 1960/1960 1959/1959
f 1954/1954 1955/1955 1962/1962
f 1954/1954 1962/1962 1961/1961
f 1955/1955 1956/1956 1963/1963
f 1955/1955 1963/1963 1962/1962
f 1956/1956 1957/1957 1964/1964
f 1956/1956 1964/1964 1963/1963
f 1957/1957 1958/1958 1965/1965
f 1957/1957 1965/1965 1964/1964
f 1958/1958 1959/1959 1966/1966
f 1958/1958 1966/1966 1965/1965
f 1959/1959 1960/1960 1967/1967
f 1959/1959 1967/1967 1966/1966
f 1961/1961 1962/1962 1969/1969
f 1961/1961 1969/1969 1968/1968
f 1962/1962 1963/1963 1970/1970
f 1962/1962 1970/1970 1969/1969
f 1963/1963 1964/1964 1971/1971
f 1963/1963 1971/1971 1970/1970
f 1964/1964 1965/1965 1972/1972
f 1964/1964 1972/1972 1971/1971
f 1965/1965 1966/1966 1973/1973
f 1965/1965 1973/1973 1972/1972
f 1966/1966 1967/1967 1974/1974
f 1966/1966 1974/1974 1973/1973
f 1968/1968 1969/1969 1976/1976
f 1968/1968 1976/1976 1975/1975
f 1969/1969 1970/1970 1977/1977
f 1969/1969 1977/1977 1976/1976
f 1970/1970 1971/1971 1978/1978
f 1970/1970 1978/1978 1977/1977
f 1971/1971 1972/1972 1979/1979
f 1971/1971 1979/1979 1978/1978
f 1972/1972 1973/1973 1980/1980
f 1972/1972 1980/1980 1979/1979
f 1973/1973 1974/1974 1981/1981
f 1973/1973 1981/1981 1980/1980
f 1975/1975 1976/1976 1983/1983
f 1975/1975 1983/1983 1982/1982
f 1976/1976 1977/1977 1984/1984
f 1976/1976 1984/1984 1983/1983
f 1977/1977 1978/1978 1985/1985
f 1977/1977 1985/1985 1984/1984
f 1978/1978 1979/1979 1986/1986
f 1978/1978 1986/1986 1985/1985
f 1979/1979 1980/1980 1987/1987
f 1979/1979 1987/1987 1986/1986
f 1980/1980 1981/1981 1988/1988
f 1980/1980 1988/1988 1987/1987
f 1982/1982 1983/1983 1990/1990
f 1982/1982 1990/1990 1989/1989
f 1983/1983 1984/1984 1991/1991
f 1983/1983 1991/1991 1990/1990
f 1984/1984 1985/1985 1992/1992
f 1984/1984 1992/1992 1991/1991
f 1985/1985 1986/1986 1993/1993
f 1985/1985 1993/1993 1992/1992
f 1986/1986 1987/1987 1994/1994
f 1986/1986 1994/1994 1993/1993
f 1987/1987 1988/1988 1995/1995
f 1987/1987 1995/1995 1994/1994
f 1989/1989 1990/1990 1997/1997
f 1989/1989 1997/1997 1996/1996
f 1990/1990 1991/1991 1998/1998
f 1990/1990 1998/1998 1997/1997
f 1991/1991 1992/1992 1999/1999
f 1991/1991 1999/1999 1998/1998
f 1992/1992 1993/1993 2000/2000
f 1992/1992 2000/2000 1999/1999
f 1993/1993 1994/1994 2001/2001
f 1993/1993 2001/2001 2000/2000
f 1994/1994 1995/1995 2002/2002
f 1994/1994 2002/2002 2001/2001
f 1996/1996 1997/1997 2004/2004
f 1996/1996 2004/2004 2003/2003
f 1997/1997 1998/1998 2005/2005
f 1997/1997 2005/2005 2004/2004
f 1998/1998 1999/1999 2006/2006
f 1998/1998 2006/2006 2005/2005
f 1999/1999 2000/2000 2007/2007
f 1999/1999 2007/2007 2006/2006
f 2000/2000 2001/2001 2008/2008
f 2000/2000 2008/2008 2007/2007
f 2001/2001 2002/2002 2009/2009
f 2001/2001 2009/2009 2008/2008
f 2003/2003 2004/2004 2011/2011
f 2003/2003 2011/2011 2010/2010
f 2004/2004 2005/2005 2012/2012
f 2004/2004 2012/2012 2011/2011
f 2005/2005 2006/2006 2013/2013
f 2005/2005 2013/2013 2012/2012
f 2006/2006 2007/2007 2014/2014
f 2006/2006 2014/2014 2013/2013
f 2007/2007 2008/2008 2015/2015
f 2007/2007 2015/2015 2014/2014
f 2008/2008 2009/2009 2016/2016
f 2008/2008 2016/2016 2015/2015
f 2010/2010 2011/2011 2018/2018
f 2010/2010 2018/2018 2017/2017
f 2011/2011 2012/2012 2019/2019
f 2011/2011 2019/2019 2018/2018
f 2012/2012 2013/2013 2020/2020
f 2012/2012 2020/2020 2019/2019
f 2013/2013 2014/2014 2021/2021
f 2013/2013 2021/2021 2020/2020
f 2014/2014 2015/2015 2022/2022
f 2014/2014 2022/2022 2021/2021
f 2015/2015 2016/2016 2023/2023
f 2015/2015 2023/2023 2022/2022
f 2017/2017 2018/2018 2025/2025
f 2017/2017 2025/2025 2024/2024
f 2018/2018 2019/2019 2026/2026
f 2018/2018 2026/2026 2025/2025
f 2019/2019 2020/2020 2027/2027
f 2019/2019 2027/2027 2026/2026
f 2020/2020 2021/2021 2028/2028
f 2020/2020 2028/2028 2027/2027
f 2021/2021 2022/2022 2029/2029
f 2021/2021 2029/2029 2028/2028
f 2022/2022 2023/2023 2030/2030
f 2022/2022 2030/2030 2029/2029
f 2024/2024 2025/2025 2032/2032
f 2024/2024 2032/2032 2031/2031
f 2025/2025 2026/2026 2033/2033
f 2025/2025 2033/2033 2032/2032
f 2026/2026 2027/2027 2034/2034
f 2026/2026 2034/2034 2033/2033
f 2027/2027 2028/2028 2035/2035
f 2027/2027 2035/2035 2034/2034
f 2028/2028 2029/2029 2036/2036
f 2028/2028 2036/2036 2035/2035
f 2029/2029 2030/2030 2037/2037
f 2029/2029 2037/2037 2036/2036
f 2031/2031 2032/2032 2039/2039
f 2031/2031 2039/2039 2038/2038
f 2032/2032 2033/2033 2040/2040
f 2032/2032 2040/2040 2039/2039
f 2033/2033 2034/2034 2041/2041
f 2033/2033 2041/2041 2040/2040
f 2034/2034 2035/2035 2042/2042
f 2034/2034 2042/2042 2041/2041
f 2035/2035 2036/2036 2043/2043
f 2035/2035 2043/2043 2042/2042
f 2036/2036 2037/2037 2044/2044
f 2036/2036 2044/2044 2043/2043
f 2038/2038 2039/2039 2046/2046
f 2038/2038 2046/2046 2045/2045
f 2039/2039 2040/2040 2047/2047
f 2039/2039 2047/2047 2046/2046
f 2040/2040 2041/2041 2048/2048
f 2040/2040 2048/2048 2047/2047
f 2041/2041 2042/2042 2049/2049
f 2041/2041 2049/2049 2048/2048
f 2042/2042 2043/2043 2050/2050
f 2042/2042 2050/2050 2049/2049
f 2043/2043 2044/2044 2051/2051
f 2043/2043 2051/2051 2050/2050
f 2045/2045 2046/2046 2053/2053
f 2045/2045 2053/2053 2052/2052
f 2046/2046 2047/2047 2054/2054
f 2046/2046 2054/2054 2053/2053
f 2047/2047 2048/2048 2055/2055
f 2047/2047 2055/2055 2054/2054
f 2048/2048 2049/2049 2056/2056
f 2048/2048 2056/2056 2055/2055
f 2049/2049 2050/2050 2057/2057
f 2049/2049 2057/2057 2056/2056
f 2050/2050 2051/2051 2058/2058
f 2050/2050 2058/2058 2057/2057
f 2052/2052 2053/2053 2060/2060
f 2052/2052 2060/2060 2059/2059
f 2053/2053 2054/2054 2061/2061
f 2053/2053 2061/2061 2060/2060
f 2054/2054 2055/2055 2062/2062
f 2054/2054 2062/2062 2061/2061
f 2055/2055 2056/2056 2063/2063
f 2055/2055 2063/2063 2062/2062
f 2056/2056 2057/2057 2064/2064
f 2056/2056 2064/2064 2063/2063
f 2057/2057 2058/2058 2065/2065
f 2057/2057 2065/2065 2064/2064
f 2059/2059 2060/2060 2067/2067
f 2059/2059 2067/2067 2066/2066
f 2060/2060 2061/2061 2068/2068
f 2060/2060 2068/2068 2067/2067
f 2061/2061 2062/2062 2069/2069
f 2061/2061 2069/2069 2068/2068
f 2062/2062 2063/2063 2070/2070
f 2062/2062 2070/2070 2069/2069
f 2063/2063 2064/2064 2071/2071
f 2063/2063 2071/2071 2070/2070
f 2064/2064 2065/2065 2072/2072
f 2064/2064 2072/2072 2071/2071
f 2066/2066 2067/2067 2074/2074
f 2066/2066 2074/2074 2073/2073
f 2067/2067 2068/2068 2075/2075
f 2067/2067 2075/2075 2074/2074
f 2068/2068 2069/2069 2076/2076
f 2068/2068 2076/2076 2075/2075
f 2069/2069 2070/2070 2077/2077
f 2069/2069 2077/2077 2076/2076
f 2070/2070 2071/2071 2078/2078
f 2070/2070 2078/2078 2077/2077
f 2071/2071 2072/2072 2079/2079
f 2071/2071 2079/2079 2078/2078
f 2073/2073 2074/2074 2081/2081
f 2073/2073 2081/2081 2080/2080
f 2074/2074 2075/2075 2082/2082
f 2074/2074 2082/2082 2081/2081
f 2075/2075 2076/2076 2083/2083
f 2075/2075 2083/2083 2082/2082
f 2076/2076 2077/2077 2084/2084
f 2076/2076 2084/2084 2083/2083
f 2077/2077 2078/2078 2085/2085
f 2077/2077 2085/2085 2084/2084
f 2078/2078 2079/2079 2086/2086
f 2078/2078 2086/2086 2085/2085
f 2080/2080 2081/2081 2088/2088
f 2080/2080 2088/2088 2087/2087
f 2081/2081 2082/2082 2089/2089
f 2081/2081 2089/2089 2088/2088
f 2082/2082 2083/2083 2090/2090
f 2082/2082 2090/2090 2089/2089
f 2083/2083 2084/2084 2091/2091
f 2083/2083 2091/2091 2090/2090
f 2084/2084 2085/2085 2092/2092
f 2084/2084 2092/2092 2091/2091
f 2085/2085 2086/2086 2093/2093
f 2085/2085 2093/2093 2092/2092
f 2087/2087 2088/2088 2095/2095
f 2087/2087 2095/2095 2094/2094
f 2088/2088 2089/2089 2096/2096
f 2088/2088 2096/2096 2095/2095
f 2089/2089 2090/2090 2097/2097
f 2089/2089 2097/2097 2096/2096
f 2090/2090 2091/2091 2098/2098
f 2090/2090 2098/2098 2097/2097
f 2091/2091 2092/2092 2099/2099
f 2091/2091 2099/2099 2098/2098
f 2092/2092 2093/2093 2100/2100
f 2092/2092 2100/2100 2099/2099
f 2094/2094 2095/2095 2102/2102
f 2094/2094 2102/2102 2101/2101
f 2095/2095 2096/2096 2103/2103
f 2095/2095 2103/2103 2102/2102
f 2096/2096 2097/2097 2104/2104
f 2096/2096 2104/2104 2103/2103
f 2097/2097 2098/2098 2105/2105
f 2097/2097 2105/2105 2104/2104
f 2098/2098 2099/2099 2106/2106
f 2098/2098 2106/2106 2105/2105
f 2099/2099 2100/2100 2107/2107
f 2099/2099 2107/2107 2106/2106
f 2101/2101 2102/2102 2109/2109
f 2101/2101 2109/2109 2108/2108
f 2102/2102 2103/2103 2110/2110
f 2102/2102 2110/2110 2109/2109
f 2103/2103 2104/2104 2111/2111
f 2103/2103 2111/2111 2110/2110
f 2104/2104 2105/2105 2112/2112
f 2104/2104 2112/2112 2111/2111
f 2105/2105 2106/2106 2113/2113
f 2105/2105 2113/2113 2112/2112
f 2106/2106 2107/2107 2114/2114
f 2106/2106 2114/2114 2113/2113
f 2108/2108 2109/2109 2116/2116
f 2108/2108 2116/2116 2115/2115
f 2109/2109 2110/2110 2117/2117
f 2109/2109 2117/2117 2116/2116
f 2110/2110 2111/2111 2118/2118
f 2110/2110 2118/2118 2117/2117
f 2111/2111 2112/2112 2119/2119
f 2111/2111 2119/2119 2118/2118
f 2112/2112 2113/2113 2120/2120
f 2112/2112 2120/2120 2119/2119
f 2113/2113 2114/2114 2121/2121
f 2113/2113 2121/2121 2120/2120
f 2115/2115 2116/2116 2123/2123
f 2115/2115 2123/2123 2122/2122
f 2116/2116 2117/2117 2124/2124
f 2116/2116 2124/2124 2123/2123
f 2117/2117 2118/2118 2125/2125
f 2117/2117 2125/2125 2124/2124
f 2118/2118 2119/2119 2126/2126
f 2118/2118 2126/2126 2125/2125
f 2119/2119 2120/2120 2127/2127
f 2119/2119 2127/2127 2126/2126
f 2120/2120 2121/2121 2128/2128
f 2120/2120 2128/2128 2127/2127
f 2122/2122 2123/2123 2130/2130
f 2122/2122 2130/2130 2129/2129
f 2123/2123 2124/2124 2131/2131
f 2123/2123 2131/2131 2130/2130
f 2124/2124 2125/2125 2132/2132
f 2124/2124 2132/2132 2131/2131
f 2125/2125 2126/2126 2133/2133
f 2125/2125 2133/2133 2132/2132
f 2126/2126 2127/2127 2134/2134
f 2126/2126 2134/2134 2133/2133
f 2127/2127 2128/2128 2135/2135
f 2127/2127 2135/2135 2134/2134
f 2129/2129 2130/2130 2137/2137
f 2129/2129 2137/2137 2136/2136
f 2130/2130 2131/2131 2138/2138
f 2130/2130 2138/2138 2137/2137
f 2131/2131 2132/2132 2139/2139
f 2131/2131 2139/2139 2138/2138
f 2132/2132 2133/2133 2140/2140
f 2132/2132 2140/2140 2139/2139
f 2133/2133 2134/2134 2141/2141
f 2133/2133 2141/2141 2140/2140
f 2134/2134 2135/2135 2142/2142
f 2134/2134 2142/2142 2141/2141
f 2136/2136 2137/2137 2144/2144
f 2136/2136 2144/2144 2143/2143
f 2137/2137 2138/2138 2145/2145
f 2137/2137 2145/2145 2144/2144
f 2138/2138 2139/2139 2146/2146
f 2138/2138 2146/2146 2145/2145
f 2139/2139 2140/2140 2147/2147
f 2139/2139 2147/2147 2146/2146
f 2140/2140 2141/2141 2148/2148
f 2140/2140 2148/2148 2147/2147
f 2141/2141 2142/2142 2149/2149
f 2141/2141 2149/2149 2148/2148
f 2143/2143 2144/2144 2151/2151
f 2143/2143 2151/2151 2150/2150
f 2144/2144 2145/2145 2152/2152
f 2144/2144 2152/2152 2151/2151
f 2145/2145 2146/2146 2153/2153
f 2145/2145 2153/2153 2152/2152
f 2146/2146 2147/2147 2154/2154
f 2146/2146 2154/2154 2153/2153
f 2147/2147 2148/2148 2155/2155
f 2147/2147 2155/2155 2154/2154
f 2148/2148 2149/2149 2156/2156
f 2148/2148 2156/2156 2155/2155
f 2150/2150 2151/2151 2158/2158
f 2150/2150 2158/2158 2157/2157
f 2151/2151 2152/2152 2159/2159
f 2151/2151 2159/2159 2158/2158
f 2152/2152 2153/2153 2160/2160
f 2152/2152 2160/2160 2159/2159
f 2153/2153 2154/2154 2161/2161
f 2153/2153 2161/2161 2160/2160
f 2154/2154 2155/2155 2162/2162
f 2154/2154 2162/2162 2161/2161
f 2155/2155 2156/2156 2163/2163
f 2155/2155 2163/2163 2162/2162
f 2157/2157 2158/2158 2165/2165
f 2157/2157 2165/2165 2164/2164
f 2158/2158 2159/2159 2166/2166
f 2158/2158 2166/2166 2165/2165
f 2159/2159 2160/2160 2167/2167
f 2159/2159 2167/2167 2166/2166
f 2160/2160 2161/2161 2168/2168
f 2160/2160 2168/2168 2167/2167
f 2161/2161 2162/2162 2169/2169
f 2161/2161 2169/2169 2168/2168
f 2162/2162 2163/2163 2170/2170
f 2162/2162 2170/2170 2169/2169
f 2164/2164 2165/2165 2172/2172
f 2164/2164 2172/2172 2171/2171
f 2165/2165 2166/2166 2173/2173
f 2165/2165 2173/2173 2172/2172
f 2166/2166 2167/2167 2174/2174
f 2166/2166 2174/2174 2173/2173
f 2167/2167 2168/2168 2175/2175
f 2167/2167 2175/2175 2174/2174
f 2168/2168 2169/2169 2176/2176
f 2168/2168 2176/2176 2175/2175
f 2169/2169 2170/2170 2177/2177
f 2169/2169 2177/2177 2176/2176
f 2171/2171 2172/2172 2179/2179
f 2171/2171 2179/2179 2178/2178
f 2172/2172 2173/2173 2180/2180
f 2172/2172 2180/2180 2179/2179
f 2173/2173 2174/2174 2181/2181
f 2173/2173 2181/2181 2180/2180
f 2174/2174 2175/2175 2182/2182
f 2174/2174 2182/2182 2181/2181
f 2175/2175 2176/2176 2183/2183
f 2175/2175 2183/2183 2182/2182
f 2176/2176 2177/2177 2184/2184
f 2176/2176 2184/2184 2183/2183
f 2178/2178 2179/2179 2186/2186
f 2178/2178 2186/2186 2185/2185
f 2179/2179 2180/2180 2187/2187
f 2179/2179 2187/2187 2186/2186
f 2180/2180 2181/2181 2188/2188
f 2180/2180 2188/2188 2187/2187
f 2181/2181 2182/2182 2189/2189
f 2181/2181 2189/2189 2188/2188
f 2182/2182 2183/2183 2190/2190
f 2182/2182 2190/2190 2189/2189
f 2183/2183 2184/2184 2191/2191
f 2183/2183 2191/2191 2190/2190
f 2185/2185 2186/2186 2193/2193
f 2185/2185 2193/2193 2192/2192
f 2186/2186 2187/2187 2194/2194
f 2186/2186 2194/2194 2193/2193
f 2187/2187 2188/2188 2195/2195
f 2187/2187 2195/2195 2194/2194
f 2188/2188 2189/2189 2196/2196
f 2188/2188 2196/2196 2195/2195
f 2189/2189 2190/2190 2197/2197
f 2189/2189 2197/2197 2196/2196
f 2190/2190 2191/2191 2198/2198
f 2190/2190 2198/2198 2197/2197
f 2192/2192 2193/2193 2200/2200
f 2192/2192 2200/2200 2199/2199
f 2193/2193 2194/2194 2201/2201
f 2193/2193 2201/2201 2200/2200
f 2194/2194 2195/2195 2202/2202
f 2194/2194 2202/2202 2201/2201
f 2195/2195 2196/2196 2203/2203
f 2195/2195 2203/2203 2202/2202
f 2196/2196 2197/2197 2204/2204
f 2196/2196 2204/2204 2203/2203
f 2197/2197 2198/2198 2205/2205
f 2197/2197 2205/2205 2204/2204
f 2199/2199 2200/2200 2207/2207
f 2199/2199 2207/2207 2206/2206
f 2200/2200 2201/2201 2208/2208
f 2200/2200 2208/2208 2207/2207
f 2201/2201 2202/2202 2209/2209
f 2201/2201 2209/2209 2208/2208
f 2202/2202 2203/2203 2210/2210
f 2202/2202 2210/2210 2209/2209
f 2203/2203 2204/2204 2211/2211
f 2203/2203 2211/2211 2210/2210
f 2204/2204 2205/2205 2212/2212
f 2204/2204 2212/2212 2211/2211
f 2206/2206 2207/2207 2214/2214
f 2206/2206 2214/2214 2213/2213
f 2207/2207 2208/2208 2215/2215
f 2207/2207 2215/2215 2214/2214
f 2208/2208 2209/2209 2216/2216
f 2208/2208 2216/2216 2215/2215
f 2209/2209 2210/2210 2217/2217
f 2209/2209 2217/2217 2216/2216
f 2210/2210 2211/2211 2218/2218
f 2210/2210 2218/2218 2217/2217
f 2211/2211 2212/2212 2219/2219
f 2211/2211 2219/2219 2218/2218
f 2213/2213 2214/2214 2221/2221
f 2213/2213 2221/2221 2220/2220
f 2214/2214 2215/2215 2222/2222
f 2214/2214 2222/2222 2221/2221
f 2215/2215 2216/2216 2223/2223
f 2215/2215 2223/2223 2222/2222
f 2216/2216 2217/2217 2224/2224
f 2216/2216 2224/2224 2223/2223
f 2217/2217 2218/2218 2225/2225
f 2217/2217 2225/2225 2224/2224
f 2218/2218 2219/2219 2226/2226
f 2218/2218 2226/2226 2225/2225
f 2220/2220 2221/2221 2228/2228
f 2220/2220 2228/2228 2227/2227
f 2221/2221 2222/2222 2229/2229
f 2221/2221 2229/2229 2228/2228
f 2222/2222 2223/2223 2230/2230
f 2222/2222 2230/2230 2229/2229
f 2223/2223 2224/2224 2231/2231
f 2223/2223 2231/2231 2230/2230
f 2224/2224 2225/2225 2232/2232
f 2224/2224 2232/2232 2231/2231
f 2225/2225 2226/2226 2233/2233
f 2225/2225 2233/2233 2232/2232
f 2227/2227 2228/2228 2235/2235
f 2227/2227 2235/2235 2234/2234
f 2228/2228 2229/2229 2236/2236
f 2228/2228 2236/2236 2235/2235
f 2229/2229 2230/2230 2237/2237
f 2229/2229 2237/2237 2236/2236
f 2230/2230 2231/2231 2238/2238
f 2230/2230 2238/2238 2237/2237
f 2231/2231 2232/2232 2239/2239
f 2231/2231 2239/2239 2238/2238
f 2232/2232 2233/2233 2240/2240
f 2232/2232 2240/2240 2239/2239
f 2234/2234 2235/2235 2242/2242
f 2234/2234 2242/2242 2241/2241
f 2235/2235 2236/2236 2243/2243
f 2235/2235 2243/2243 2242/2242
f 2236/2236 2237/2237 2244/2244
f 2236/2236 2244/2244 2243/2243
f 2237/2237 2238/2238 2245/2245
f 2237/2237 2245/2245 2244/2244
f 2238/2238 2239/2239 2246/2246
f 2238/2238 2246/2246 2245/2245
f 2239/2239 2240/2240 2247/2247
f 2239/2239 2247/2247 2246/2246
f 2241/2241 2242/2242 2249/2249
f 2241/2241 2249/2249 2248/2248
f 2242/2242 2243/2243 2250/2250
f 2242/2242 2250/2250 2249/2249
f 2243/2243 2244/2244 2251/2251
f 2243/2243 2251/2251 2250/2250
f 2244/2244 2245/2245 2252/2252
f 2244/2244 2252/2252 2251/2251
f 2245/2245 2246/2246 2253/2253
f 2245/2245 2253/2253 2252/2252
f 2246/2246 2247/2247 2254/2254
f 2246/2246 2254/2254 2253/2253
f 2248/2248 2249/2249 2256/2256
f 2248/2248 2256/2256 2255/2255
f 2249/2249 2250/2250 2257/2257
f 2249/2249 2257/2257 2256/2256
f 2250/2250 2251/2251 2258/2258
f 2250/2250 2258/2258 2257/2257
f 2251/2251 2252/2252 2259/2259
f 2251/2251 2259/2259 2258/2258
f 2252/2252 2253/2253 2260/2260
f 2252/2252 2260/2260 2259/2259
f 2253/2253 2254/2254 2261/2261
f 2253/2253 2261/2261 2260/2260
f 2255/2255 2256/2256 2263/2263
f 2255/2255 2263/2263 2262/2262
f 2256/2256 2257/2257 2264/2264
f 2256/2256 2264/2264 2263/2263
f 2257/2257 2258/2258 2265/2265
f 2257/2257 2265/2265 2264/2264
f 2258/2258 2259/2259 2266/2266
f 2258/2258 2266/2266 2265/2265
f 2259/2259 2260/2260 2267/2267
f 2259/2259 2267/2267 2266/2266
f 2260/2260 2261/2261 2268/2268
f 2260/2260 2268/2268 2267/2267
f 2262/2262 2263/2263 2270/2270
f 2262/2262 2270/2270 2269/2269
f 2263/2263 2264/2264 2271/2271
f 2263/2263 2271/2271 2270/2270
f 2264/2264 2265/2265 2272/2272
f 2264/2264 2272/2272 2271/2271
f 2265/2265 2266/2266 2273/2273
f 2265/2265 2273/2273 2272/2272
f 2266/2266 2267/2267 2274/2274
f 2266/2266 2274/2274 2273/2273
f 2267/2267 2268/2268 2275/2275
f 2267/2267 2275/2275 2274/2274
f 2269/2269 2270/2270 2277/2277
f 2269/2269 2277/2277 2276/2276
f 2270/2270 2271/2271 2278/2278
f 2270/2270 2278/2278 2277/2277
f 2271/2271 2272/2272 2279/2279
f 2271/2271 2279/2279 2278/2278
f 2272/2272 2273/2273 2280/2280
f 2272/2272 2280/2280 2279/2279
f 2273/2273 2274/2274 2281/2281
f 2273/2273 2281/2281 2280/2280
f 2274/2274 2275/2275 2282/2282
f 2274/2274 2282/2282 2281/2281
f 2276/2276 2277/2277 2284/2284
f 2276/2276 2284/2284 2283/2283
f 2277/2277 2278/2278 2285/2285
f 2277/2277 2285/2285 2284/2284
f 2278/2278 2279/2279 2286/2286
f 2278/2278 2286/2286 2285/2285
f 2279/2279 2280/2280 2287/2287
f 2279/2279 2287/2287 2286/2286
f 2280/2280 2281/2281 2288/2288
f 2280/2280 2288/2288 2287/2287
f 2281/2281 2282/2282 2289/2289
f 2281/2281 2289/2289 2288/2288
f 2283/2283 2284/2284 2291/2291
f 2283/2283 2291/2291 2290/2290
f 2284/2284 2285/2285 2292/2292
f 2284/2284 2292/2292 2291/2291
f 2285/2285 2286/2286 2293/2293
f 2285/2285 2293/2293 2292/2292
f 2286/2286 2287/2287 2294/2294
f 2286/2286 2294/2294 2293/2293
f 2287/2287 2288/2288 2295/2295
f 2287/2287 2295/2295 2294/2294
f 2288/2288 2289/2289 2296/2296
f 2288/2288 2296/2296 2295/2295
f 2290/2290 2291/2291 2298/2298
f 2290/2290 2298/2298 2297/2297
f 2291/2291 2292/2292 2299/2299
f 2291/2291 2299/2299 2298/2298
f 2292/2292 2293/2293 2300/2300
f 2292/2292 2300/2300 2299/2299
f 2293/2293 2294/2294 2301/2301
f 2293/2293 2301/2301 2300/2300
f 2294/2294 2295/2295 2302/2302
f 2294/2294 2302/2302 2301/2301
f 2295/2295 2296/2296 2303/2303
f 2295/2295 2303/2303 2302/2302
f 2297/2297 2298/2298 2305/2305
f 2297/2297 2305/2305 2304/2304
f 2298/2298 2299/2299 2306/2306
f 2298/2298 2306/2306 2305/2305
f 2299/2299 2300/2300 2307/2307
f 2299/2299 2307/2307 2306/2306
f 2300/2300 2301/2301 2308/2308
f 2300/2300 2308/2308 2307/2307
f 2301/2301 2302/2302 2309/2309
f 2301/2301 2309/2309 2308/2308
f 2302/2302 2303/2303 2310/2310
f 2302/2302 2310/2310 2309/2309
